date,away_team,home_team,away_score,home_score,winner,final_score,total_goals
2023-10-10,Predators,Lightning,3,5,home,3-5,8
2023-10-11,Blackhawks,Penguins,4,2,away,4-2,6
2023-10-11,Kraken,Golden Knights,1,4,home,1-4,5
2023-10-11,Senators,Hurricanes,3,5,home,3-5,8
2023-10-11,Canadiens,Maple Leafs,5,6,home,5-6,11
2023-10-11,Blackhawks,Bruins,1,3,home,1-3,4
2023-10-12,Jets,Flames,3,5,home,3-5,8
2023-10-12,Avalanche,Kings,5,2,away,5-2,7
2023-10-12,Oilers,Canucks,1,8,home,1-8,9
2023-10-12,Rangers,Sabres,5,1,away,5-1,6
2023-10-12,Flyers,Blue Jackets,4,2,away,4-2,6
2023-10-12,Red Wings,Devils,3,4,home,3-4,7
2023-10-13,Blues,Stars,1,2,home,1-2,3
2023-10-13,Panthers,Wild,0,2,home,0-2,2
2023-10-13,Kraken,Predators,0,3,home,0-3,3
2023-10-13,Golden Knights,Sharks,4,1,away,4-1,5
2023-10-13,Coyotes,Devils,4,3,away,4-3,7
2023-10-13,Penguins,Capitals,4,0,away,4-0,4
2023-10-14,Flyers,Senators,2,5,home,2-5,7
2023-10-14,Panthers,Jets,4,6,home,4-6,10
2023-10-14,Predators,Bruins,2,3,home,2-3,5
2023-10-14,Rangers,Blue Jackets,3,5,home,3-5,8
2023-10-14,Lightning,Red Wings,4,6,home,4-6,10
2023-10-14,Blackhawks,Canadiens,2,3,home,2-3,5
2023-10-14,Flames,Penguins,2,5,home,2-5,7
2023-10-14,Wild,Maple Leafs,4,7,home,4-7,11
2023-10-14,Sabres,Islanders,2,3,home,2-3,5
2023-10-15,Kraken,Blues,1,2,home,1-2,3
2023-10-15,Canucks,Oilers,4,3,away,4-3,7
2023-10-15,Avalanche,Sharks,2,1,away,2-1,3
2023-10-15,Ducks,Golden Knights,1,4,home,1-4,5
2023-10-15,Hurricanes,Kings,6,5,away,6-5,11
2023-10-15,Lightning,Senators,2,5,home,2-5,7
2023-10-16,Hurricanes,Ducks,3,6,home,3-6,9
2023-10-16,Red Wings,Blue Jackets,4,0,away,4-0,4
2023-10-16,Panthers,Devils,4,3,away,4-3,7
2023-10-16,Coyotes,Rangers,1,2,home,1-2,3
2023-10-16,Blackhawks,Maple Leafs,4,1,away,4-1,5
2023-10-16,Flames,Capitals,2,3,home,2-3,5
2023-10-11,Senators,Hurricanes,3,5,home,3-5,8
2023-10-11,Canadiens,Maple Leafs,5,6,home,5-6,11
2023-10-11,Blackhawks,Bruins,1,3,home,1-3,4
2023-10-12,Jets,Flames,3,5,home,3-5,8
2023-10-12,Avalanche,Kings,5,2,away,5-2,7
2023-10-12,Oilers,Canucks,1,8,home,1-8,9
2023-10-12,Rangers,Sabres,5,1,away,5-1,6
2023-10-12,Flyers,Blue Jackets,4,2,away,4-2,6
2023-10-12,Red Wings,Devils,3,4,home,3-4,7
2023-10-13,Blues,Stars,1,2,home,1-2,3
2023-10-13,Panthers,Wild,0,2,home,0-2,2
2023-10-13,Kraken,Predators,0,3,home,0-3,3
2023-10-13,Golden Knights,Sharks,4,1,away,4-1,5
2023-10-13,Coyotes,Devils,4,3,away,4-3,7
2023-10-13,Penguins,Capitals,4,0,away,4-0,4
2023-10-14,Flyers,Senators,2,5,home,2-5,7
2023-10-14,Panthers,Jets,4,6,home,4-6,10
2023-10-14,Predators,Bruins,2,3,home,2-3,5
2023-10-14,Rangers,Blue Jackets,3,5,home,3-5,8
2023-10-14,Lightning,Red Wings,4,6,home,4-6,10
2023-10-14,Blackhawks,Canadiens,2,3,home,2-3,5
2023-10-14,Flames,Penguins,2,5,home,2-5,7
2023-10-14,Wild,Maple Leafs,4,7,home,4-7,11
2023-10-14,Sabres,Islanders,2,3,home,2-3,5
2023-10-15,Kraken,Blues,1,2,home,1-2,3
2023-10-15,Canucks,Oilers,4,3,away,4-3,7
2023-10-15,Avalanche,Sharks,2,1,away,2-1,3
2023-10-15,Ducks,Golden Knights,1,4,home,1-4,5
2023-10-15,Hurricanes,Kings,6,5,away,6-5,11
2023-10-15,Lightning,Senators,2,5,home,2-5,7
2023-10-16,Hurricanes,Ducks,3,6,home,3-6,9
2023-10-16,Red Wings,Blue Jackets,4,0,away,4-0,4
2023-10-16,Panthers,Devils,4,3,away,4-3,7
2023-10-16,Coyotes,Rangers,1,2,home,1-2,3
2023-10-16,Blackhawks,Maple Leafs,4,1,away,4-1,5
2023-10-16,Flames,Capitals,2,3,home,2-3,5
2023-10-17,Canucks,Flyers,0,2,home,0-2,2
2023-10-17,Wild,Canadiens,5,2,away,5-2,7
2023-10-17,Lightning,Sabres,2,3,home,2-3,5
2023-10-17,Coyotes,Islanders,0,1,home,0-1,1
2023-10-18,Oilers,Predators,6,1,away,6-1,7
2023-10-18,Kings,Jets,5,1,away,5-1,6
2023-10-18,Avalanche,Kraken,4,1,away,4-1,5
2023-10-18,Hurricanes,Sharks,6,3,away,6-3,9
2023-10-18,Stars,Golden Knights,2,3,home,2-3,5
2023-10-12,Rangers,Sabres,5,1,away,5-1,6
2023-10-12,Flyers,Blue Jackets,4,2,away,4-2,6
2023-10-12,Red Wings,Devils,3,4,home,3-4,7
2023-10-13,Blues,Stars,1,2,home,1-2,3
2023-10-13,Panthers,Wild,0,2,home,0-2,2
2023-10-13,Kraken,Predators,0,3,home,0-3,3
2023-10-13,Golden Knights,Sharks,4,1,away,4-1,5
2023-10-13,Coyotes,Devils,4,3,away,4-3,7
2023-10-13,Penguins,Capitals,4,0,away,4-0,4
2023-10-14,Flyers,Senators,2,5,home,2-5,7
2023-10-14,Panthers,Jets,4,6,home,4-6,10
2023-10-14,Predators,Bruins,2,3,home,2-3,5
2023-10-14,Rangers,Blue Jackets,3,5,home,3-5,8
2023-10-14,Lightning,Red Wings,4,6,home,4-6,10
2023-10-14,Blackhawks,Canadiens,2,3,home,2-3,5
2023-10-14,Flames,Penguins,2,5,home,2-5,7
2023-10-14,Wild,Maple Leafs,4,7,home,4-7,11
2023-10-14,Sabres,Islanders,2,3,home,2-3,5
2023-10-15,Kraken,Blues,1,2,home,1-2,3
2023-10-15,Canucks,Oilers,4,3,away,4-3,7
2023-10-15,Avalanche,Sharks,2,1,away,2-1,3
2023-10-15,Ducks,Golden Knights,1,4,home,1-4,5
2023-10-15,Hurricanes,Kings,6,5,away,6-5,11
2023-10-15,Lightning,Senators,2,5,home,2-5,7
2023-10-16,Hurricanes,Ducks,3,6,home,3-6,9
2023-10-16,Red Wings,Blue Jackets,4,0,away,4-0,4
2023-10-16,Panthers,Devils,4,3,away,4-3,7
2023-10-16,Coyotes,Rangers,1,2,home,1-2,3
2023-10-16,Blackhawks,Maple Leafs,4,1,away,4-1,5
2023-10-16,Flames,Capitals,2,3,home,2-3,5
2023-10-17,Canucks,Flyers,0,2,home,0-2,2
2023-10-17,Wild,Canadiens,5,2,away,5-2,7
2023-10-17,Lightning,Sabres,2,3,home,2-3,5
2023-10-17,Coyotes,Islanders,0,1,home,0-1,1
2023-10-18,Oilers,Predators,6,1,away,6-1,7
2023-10-18,Kings,Jets,5,1,away,5-1,6
2023-10-18,Avalanche,Kraken,4,1,away,4-1,5
2023-10-18,Hurricanes,Sharks,6,3,away,6-3,9
2023-10-18,Stars,Golden Knights,2,3,home,2-3,5
2023-10-18,Capitals,Senators,1,6,home,1-6,7
2023-10-18,Penguins,Red Wings,3,6,home,3-6,9
2023-10-13,Coyotes,Devils,4,3,away,4-3,7
2023-10-13,Penguins,Capitals,4,0,away,4-0,4
2023-10-14,Flyers,Senators,2,5,home,2-5,7
2023-10-14,Panthers,Jets,4,6,home,4-6,10
2023-10-14,Predators,Bruins,2,3,home,2-3,5
2023-10-14,Rangers,Blue Jackets,3,5,home,3-5,8
2023-10-14,Lightning,Red Wings,4,6,home,4-6,10
2023-10-14,Blackhawks,Canadiens,2,3,home,2-3,5
2023-10-14,Flames,Penguins,2,5,home,2-5,7
2023-10-14,Wild,Maple Leafs,4,7,home,4-7,11
2023-10-14,Sabres,Islanders,2,3,home,2-3,5
2023-10-15,Kraken,Blues,1,2,home,1-2,3
2023-10-15,Canucks,Oilers,4,3,away,4-3,7
2023-10-15,Avalanche,Sharks,2,1,away,2-1,3
2023-10-15,Ducks,Golden Knights,1,4,home,1-4,5
2023-10-15,Hurricanes,Kings,6,5,away,6-5,11
2023-10-15,Lightning,Senators,2,5,home,2-5,7
2023-10-16,Hurricanes,Ducks,3,6,home,3-6,9
2023-10-16,Red Wings,Blue Jackets,4,0,away,4-0,4
2023-10-16,Panthers,Devils,4,3,away,4-3,7
2023-10-16,Coyotes,Rangers,1,2,home,1-2,3
2023-10-16,Blackhawks,Maple Leafs,4,1,away,4-1,5
2023-10-16,Flames,Capitals,2,3,home,2-3,5
2023-10-17,Canucks,Flyers,0,2,home,0-2,2
2023-10-17,Wild,Canadiens,5,2,away,5-2,7
2023-10-17,Lightning,Sabres,2,3,home,2-3,5
2023-10-17,Coyotes,Islanders,0,1,home,0-1,1
2023-10-18,Oilers,Predators,6,1,away,6-1,7
2023-10-18,Kings,Jets,5,1,away,5-1,6
2023-10-18,Avalanche,Kraken,4,1,away,4-1,5
2023-10-18,Hurricanes,Sharks,6,3,away,6-3,9
2023-10-18,Stars,Golden Knights,2,3,home,2-3,5
2023-10-18,Capitals,Senators,1,6,home,1-6,7
2023-10-18,Penguins,Red Wings,3,6,home,3-6,9
2023-10-19,Flames,Sabres,4,3,away,4-3,7
2023-10-19,Maple Leafs,Panthers,1,3,home,1-3,4
2023-10-19,Predators,Rangers,4,1,away,4-1,5
2023-10-19,Canucks,Lightning,3,4,home,3-4,7
2023-10-19,Oilers,Flyers,1,4,home,1-4,5
2023-10-20,Kings,Wild,7,3,away,7-3,10
2023-10-20,Coyotes,Blues,6,2,away,6-2,8
2023-10-20,Golden Knights,Jets,5,3,away,5-3,8
2023-10-20,Stars,Ducks,3,2,away,3-2,5
2023-10-20,Hurricanes,Kraken,4,7,home,4-7,11
2023-10-20,Blackhawks,Avalanche,0,4,home,0-4,4
2023-10-20,Bruins,Sharks,3,1,away,3-1,4
2023-10-14,Flyers,Senators,2,5,home,2-5,7
2023-10-14,Panthers,Jets,4,6,home,4-6,10
2023-10-14,Predators,Bruins,2,3,home,2-3,5
2023-10-14,Rangers,Blue Jackets,3,5,home,3-5,8
2023-10-14,Lightning,Red Wings,4,6,home,4-6,10
2023-10-14,Blackhawks,Canadiens,2,3,home,2-3,5
2023-10-14,Flames,Penguins,2,5,home,2-5,7
2023-10-14,Wild,Maple Leafs,4,7,home,4-7,11
2023-10-14,Sabres,Islanders,2,3,home,2-3,5
2023-10-15,Kraken,Blues,1,2,home,1-2,3
2023-10-15,Canucks,Oilers,4,3,away,4-3,7
2023-10-15,Avalanche,Sharks,2,1,away,2-1,3
2023-10-15,Ducks,Golden Knights,1,4,home,1-4,5
2023-10-15,Hurricanes,Kings,6,5,away,6-5,11
2023-10-15,Lightning,Senators,2,5,home,2-5,7
2023-10-16,Hurricanes,Ducks,3,6,home,3-6,9
2023-10-16,Red Wings,Blue Jackets,4,0,away,4-0,4
2023-10-16,Panthers,Devils,4,3,away,4-3,7
2023-10-16,Coyotes,Rangers,1,2,home,1-2,3
2023-10-16,Blackhawks,Maple Leafs,4,1,away,4-1,5
2023-10-16,Flames,Capitals,2,3,home,2-3,5
2023-10-17,Canucks,Flyers,0,2,home,0-2,2
2023-10-17,Wild,Canadiens,5,2,away,5-2,7
2023-10-17,Lightning,Sabres,2,3,home,2-3,5
2023-10-17,Coyotes,Islanders,0,1,home,0-1,1
2023-10-18,Oilers,Predators,6,1,away,6-1,7
2023-10-18,Kings,Jets,5,1,away,5-1,6
2023-10-18,Avalanche,Kraken,4,1,away,4-1,5
2023-10-18,Hurricanes,Sharks,6,3,away,6-3,9
2023-10-18,Stars,Golden Knights,2,3,home,2-3,5
2023-10-18,Capitals,Senators,1,6,home,1-6,7
2023-10-18,Penguins,Red Wings,3,6,home,3-6,9
2023-10-19,Flames,Sabres,4,3,away,4-3,7
2023-10-19,Maple Leafs,Panthers,1,3,home,1-3,4
2023-10-19,Predators,Rangers,4,1,away,4-1,5
2023-10-19,Canucks,Lightning,3,4,home,3-4,7
2023-10-19,Oilers,Flyers,1,4,home,1-4,5
2023-10-20,Kings,Wild,7,3,away,7-3,10
2023-10-20,Coyotes,Blues,6,2,away,6-2,8
2023-10-20,Golden Knights,Jets,5,3,away,5-3,8
2023-10-20,Stars,Ducks,3,2,away,3-2,5
2023-10-20,Hurricanes,Kraken,4,7,home,4-7,11
2023-10-20,Blackhawks,Avalanche,0,4,home,0-4,4
2023-10-20,Bruins,Sharks,3,1,away,3-1,4
2023-10-20,Flames,Blue Jackets,1,3,home,1-3,4
2023-10-20,Devils,Islanders,5,4,away,5-4,9
2023-10-15,Lightning,Senators,2,5,home,2-5,7
2023-10-16,Hurricanes,Ducks,3,6,home,3-6,9
2023-10-16,Red Wings,Blue Jackets,4,0,away,4-0,4
2023-10-16,Panthers,Devils,4,3,away,4-3,7
2023-10-16,Coyotes,Rangers,1,2,home,1-2,3
2023-10-16,Blackhawks,Maple Leafs,4,1,away,4-1,5
2023-10-16,Flames,Capitals,2,3,home,2-3,5
2023-10-17,Canucks,Flyers,0,2,home,0-2,2
2023-10-17,Wild,Canadiens,5,2,away,5-2,7
2023-10-17,Lightning,Sabres,2,3,home,2-3,5
2023-10-17,Coyotes,Islanders,0,1,home,0-1,1
2023-10-18,Oilers,Predators,6,1,away,6-1,7
2023-10-18,Kings,Jets,5,1,away,5-1,6
2023-10-18,Avalanche,Kraken,4,1,away,4-1,5
2023-10-18,Hurricanes,Sharks,6,3,away,6-3,9
2023-10-18,Stars,Golden Knights,2,3,home,2-3,5
2023-10-18,Capitals,Senators,1,6,home,1-6,7
2023-10-18,Penguins,Red Wings,3,6,home,3-6,9
2023-10-19,Flames,Sabres,4,3,away,4-3,7
2023-10-19,Maple Leafs,Panthers,1,3,home,1-3,4
2023-10-19,Predators,Rangers,4,1,away,4-1,5
2023-10-19,Canucks,Lightning,3,4,home,3-4,7
2023-10-19,Oilers,Flyers,1,4,home,1-4,5
2023-10-20,Kings,Wild,7,3,away,7-3,10
2023-10-20,Coyotes,Blues,6,2,away,6-2,8
2023-10-20,Golden Knights,Jets,5,3,away,5-3,8
2023-10-20,Stars,Ducks,3,2,away,3-2,5
2023-10-20,Hurricanes,Kraken,4,7,home,4-7,11
2023-10-20,Blackhawks,Avalanche,0,4,home,0-4,4
2023-10-20,Bruins,Sharks,3,1,away,3-1,4
2023-10-20,Flames,Blue Jackets,1,3,home,1-3,4
2023-10-20,Devils,Islanders,5,4,away,5-4,9
2023-10-21,Red Wings,Senators,5,2,away,5-2,7
2023-10-21,Ducks,Coyotes,1,2,home,1-2,3
2023-10-21,Islanders,Sabres,1,3,home,1-3,4
2023-10-21,Canucks,Panthers,5,3,away,5-3,8
2023-10-21,Capitals,Canadiens,2,3,home,2-3,5
2023-10-21,Maple Leafs,Lightning,4,3,away,4-3,7
2023-10-22,Golden Knights,Blackhawks,5,3,away,5-3,8
2023-10-22,Flyers,Stars,4,5,home,4-5,9
2023-10-22,Blue Jackets,Wild,5,4,away,5-4,9
2023-10-22,Sharks,Predators,1,5,home,1-5,6
2023-10-22,Penguins,Blues,2,4,home,2-4,6
2023-10-22,Hurricanes,Avalanche,4,6,home,4-6,10
2023-10-22,Jets,Oilers,3,2,away,3-2,5
2023-10-22,Rangers,Kraken,4,1,away,4-1,5
2023-10-22,Bruins,Kings,4,2,away,4-2,6
2023-10-16,Red Wings,Blue Jackets,4,0,away,4-0,4
2023-10-16,Panthers,Devils,4,3,away,4-3,7
2023-10-16,Coyotes,Rangers,1,2,home,1-2,3
2023-10-16,Blackhawks,Maple Leafs,4,1,away,4-1,5
2023-10-16,Flames,Capitals,2,3,home,2-3,5
2023-10-17,Canucks,Flyers,0,2,home,0-2,2
2023-10-17,Wild,Canadiens,5,2,away,5-2,7
2023-10-17,Lightning,Sabres,2,3,home,2-3,5
2023-10-17,Coyotes,Islanders,0,1,home,0-1,1
2023-10-18,Oilers,Predators,6,1,away,6-1,7
2023-10-18,Kings,Jets,5,1,away,5-1,6
2023-10-18,Avalanche,Kraken,4,1,away,4-1,5
2023-10-18,Hurricanes,Sharks,6,3,away,6-3,9
2023-10-18,Stars,Golden Knights,2,3,home,2-3,5
2023-10-18,Capitals,Senators,1,6,home,1-6,7
2023-10-18,Penguins,Red Wings,3,6,home,3-6,9
2023-10-19,Flames,Sabres,4,3,away,4-3,7
2023-10-19,Maple Leafs,Panthers,1,3,home,1-3,4
2023-10-19,Predators,Rangers,4,1,away,4-1,5
2023-10-19,Canucks,Lightning,3,4,home,3-4,7
2023-10-19,Oilers,Flyers,1,4,home,1-4,5
2023-10-20,Kings,Wild,7,3,away,7-3,10
2023-10-20,Coyotes,Blues,6,2,away,6-2,8
2023-10-20,Golden Knights,Jets,5,3,away,5-3,8
2023-10-20,Stars,Ducks,3,2,away,3-2,5
2023-10-20,Hurricanes,Kraken,4,7,home,4-7,11
2023-10-20,Blackhawks,Avalanche,0,4,home,0-4,4
2023-10-20,Bruins,Sharks,3,1,away,3-1,4
2023-10-20,Flames,Blue Jackets,1,3,home,1-3,4
2023-10-20,Devils,Islanders,5,4,away,5-4,9
2023-10-21,Red Wings,Senators,5,2,away,5-2,7
2023-10-21,Ducks,Coyotes,1,2,home,1-2,3
2023-10-21,Islanders,Sabres,1,3,home,1-3,4
2023-10-21,Canucks,Panthers,5,3,away,5-3,8
2023-10-21,Capitals,Canadiens,2,3,home,2-3,5
2023-10-21,Maple Leafs,Lightning,4,3,away,4-3,7
2023-10-22,Golden Knights,Blackhawks,5,3,away,5-3,8
2023-10-22,Flyers,Stars,4,5,home,4-5,9
2023-10-22,Blue Jackets,Wild,5,4,away,5-4,9
2023-10-22,Sharks,Predators,1,5,home,1-5,6
2023-10-22,Penguins,Blues,2,4,home,2-4,6
2023-10-22,Hurricanes,Avalanche,4,6,home,4-6,10
2023-10-22,Jets,Oilers,3,2,away,3-2,5
2023-10-22,Rangers,Kraken,4,1,away,4-1,5
2023-10-22,Bruins,Kings,4,2,away,4-2,6
2023-10-22,Flames,Red Wings,2,6,home,2-6,8
2023-10-23,Bruins,Ducks,3,1,away,3-1,4
2023-10-17,Canucks,Flyers,0,2,home,0-2,2
2023-10-17,Wild,Canadiens,5,2,away,5-2,7
2023-10-17,Lightning,Sabres,2,3,home,2-3,5
2023-10-17,Coyotes,Islanders,0,1,home,0-1,1
2023-10-18,Oilers,Predators,6,1,away,6-1,7
2023-10-18,Kings,Jets,5,1,away,5-1,6
2023-10-18,Avalanche,Kraken,4,1,away,4-1,5
2023-10-18,Hurricanes,Sharks,6,3,away,6-3,9
2023-10-18,Stars,Golden Knights,2,3,home,2-3,5
2023-10-18,Capitals,Senators,1,6,home,1-6,7
2023-10-18,Penguins,Red Wings,3,6,home,3-6,9
2023-10-19,Flames,Sabres,4,3,away,4-3,7
2023-10-19,Maple Leafs,Panthers,1,3,home,1-3,4
2023-10-19,Predators,Rangers,4,1,away,4-1,5
2023-10-19,Canucks,Lightning,3,4,home,3-4,7
2023-10-19,Oilers,Flyers,1,4,home,1-4,5
2023-10-20,Kings,Wild,7,3,away,7-3,10
2023-10-20,Coyotes,Blues,6,2,away,6-2,8
2023-10-20,Golden Knights,Jets,5,3,away,5-3,8
2023-10-20,Stars,Ducks,3,2,away,3-2,5
2023-10-20,Hurricanes,Kraken,4,7,home,4-7,11
2023-10-20,Blackhawks,Avalanche,0,4,home,0-4,4
2023-10-20,Bruins,Sharks,3,1,away,3-1,4
2023-10-20,Flames,Blue Jackets,1,3,home,1-3,4
2023-10-20,Devils,Islanders,5,4,away,5-4,9
2023-10-21,Red Wings,Senators,5,2,away,5-2,7
2023-10-21,Ducks,Coyotes,1,2,home,1-2,3
2023-10-21,Islanders,Sabres,1,3,home,1-3,4
2023-10-21,Canucks,Panthers,5,3,away,5-3,8
2023-10-21,Capitals,Canadiens,2,3,home,2-3,5
2023-10-21,Maple Leafs,Lightning,4,3,away,4-3,7
2023-10-22,Golden Knights,Blackhawks,5,3,away,5-3,8
2023-10-22,Flyers,Stars,4,5,home,4-5,9
2023-10-22,Blue Jackets,Wild,5,4,away,5-4,9
2023-10-22,Sharks,Predators,1,5,home,1-5,6
2023-10-22,Penguins,Blues,2,4,home,2-4,6
2023-10-22,Hurricanes,Avalanche,4,6,home,4-6,10
2023-10-22,Jets,Oilers,3,2,away,3-2,5
2023-10-22,Rangers,Kraken,4,1,away,4-1,5
2023-10-22,Bruins,Kings,4,2,away,4-2,6
2023-10-22,Flames,Red Wings,2,6,home,2-6,8
2023-10-23,Bruins,Ducks,3,1,away,3-1,4
2023-10-23,Canadiens,Sabres,3,1,away,3-1,4
2023-10-18,Capitals,Senators,1,6,home,1-6,7
2023-10-18,Penguins,Red Wings,3,6,home,3-6,9
2023-10-19,Flames,Sabres,4,3,away,4-3,7
2023-10-19,Maple Leafs,Panthers,1,3,home,1-3,4
2023-10-19,Predators,Rangers,4,1,away,4-1,5
2023-10-19,Canucks,Lightning,3,4,home,3-4,7
2023-10-19,Oilers,Flyers,1,4,home,1-4,5
2023-10-20,Kings,Wild,7,3,away,7-3,10
2023-10-20,Coyotes,Blues,6,2,away,6-2,8
2023-10-20,Golden Knights,Jets,5,3,away,5-3,8
2023-10-20,Stars,Ducks,3,2,away,3-2,5
2023-10-20,Hurricanes,Kraken,4,7,home,4-7,11
2023-10-20,Blackhawks,Avalanche,0,4,home,0-4,4
2023-10-20,Bruins,Sharks,3,1,away,3-1,4
2023-10-20,Flames,Blue Jackets,1,3,home,1-3,4
2023-10-20,Devils,Islanders,5,4,away,5-4,9
2023-10-21,Red Wings,Senators,5,2,away,5-2,7
2023-10-21,Ducks,Coyotes,1,2,home,1-2,3
2023-10-21,Islanders,Sabres,1,3,home,1-3,4
2023-10-21,Canucks,Panthers,5,3,away,5-3,8
2023-10-21,Capitals,Canadiens,2,3,home,2-3,5
2023-10-21,Maple Leafs,Lightning,4,3,away,4-3,7
2023-10-22,Golden Knights,Blackhawks,5,3,away,5-3,8
2023-10-22,Flyers,Stars,4,5,home,4-5,9
2023-10-22,Blue Jackets,Wild,5,4,away,5-4,9
2023-10-22,Sharks,Predators,1,5,home,1-5,6
2023-10-22,Penguins,Blues,2,4,home,2-4,6
2023-10-22,Hurricanes,Avalanche,4,6,home,4-6,10
2023-10-22,Jets,Oilers,3,2,away,3-2,5
2023-10-22,Rangers,Kraken,4,1,away,4-1,5
2023-10-22,Bruins,Kings,4,2,away,4-2,6
2023-10-22,Flames,Red Wings,2,6,home,2-6,8
2023-10-23,Bruins,Ducks,3,1,away,3-1,4
2023-10-23,Canadiens,Sabres,3,1,away,3-1,4
2023-10-24,Maple Leafs,Capitals,4,1,away,4-1,5
2023-10-24,Sabres,Senators,6,4,away,6-4,10
2023-10-24,Hurricanes,Lightning,0,3,home,0-3,3
2023-10-24,Devils,Canadiens,5,2,away,5-2,7
2023-10-24,Stars,Penguins,4,1,away,4-1,5
2023-10-24,Sharks,Panthers,1,3,home,1-3,4
2023-10-25,Avalanche,Islanders,7,4,away,7-4,11
2023-10-25,Kraken,Red Wings,5,4,away,5-4,9
2023-10-25,Ducks,Blue Jackets,3,2,away,3-2,5
2023-10-25,Bruins,Blackhawks,3,0,away,3-0,3
2023-10-25,Blues,Jets,2,4,home,2-4,6
2023-10-25,Oilers,Wild,4,7,home,4-7,11
2023-10-25,Canucks,Predators,3,2,away,3-2,5
2023-10-25,Rangers,Flames,3,1,away,3-1,4
2023-10-25,Coyotes,Kings,3,6,home,3-6,9
2023-10-25,Flyers,Golden Knights,2,3,home,2-3,5
2023-10-19,Flames,Sabres,4,3,away,4-3,7
2023-10-19,Maple Leafs,Panthers,1,3,home,1-3,4
2023-10-19,Predators,Rangers,4,1,away,4-1,5
2023-10-19,Canucks,Lightning,3,4,home,3-4,7
2023-10-19,Oilers,Flyers,1,4,home,1-4,5
2023-10-20,Kings,Wild,7,3,away,7-3,10
2023-10-20,Coyotes,Blues,6,2,away,6-2,8
2023-10-20,Golden Knights,Jets,5,3,away,5-3,8
2023-10-20,Stars,Ducks,3,2,away,3-2,5
2023-10-20,Hurricanes,Kraken,4,7,home,4-7,11
2023-10-20,Blackhawks,Avalanche,0,4,home,0-4,4
2023-10-20,Bruins,Sharks,3,1,away,3-1,4
2023-10-20,Flames,Blue Jackets,1,3,home,1-3,4
2023-10-20,Devils,Islanders,5,4,away,5-4,9
2023-10-21,Red Wings,Senators,5,2,away,5-2,7
2023-10-21,Ducks,Coyotes,1,2,home,1-2,3
2023-10-21,Islanders,Sabres,1,3,home,1-3,4
2023-10-21,Canucks,Panthers,5,3,away,5-3,8
2023-10-21,Capitals,Canadiens,2,3,home,2-3,5
2023-10-21,Maple Leafs,Lightning,4,3,away,4-3,7
2023-10-22,Golden Knights,Blackhawks,5,3,away,5-3,8
2023-10-22,Flyers,Stars,4,5,home,4-5,9
2023-10-22,Blue Jackets,Wild,5,4,away,5-4,9
2023-10-22,Sharks,Predators,1,5,home,1-5,6
2023-10-22,Penguins,Blues,2,4,home,2-4,6
2023-10-22,Hurricanes,Avalanche,4,6,home,4-6,10
2023-10-22,Jets,Oilers,3,2,away,3-2,5
2023-10-22,Rangers,Kraken,4,1,away,4-1,5
2023-10-22,Bruins,Kings,4,2,away,4-2,6
2023-10-22,Flames,Red Wings,2,6,home,2-6,8
2023-10-23,Bruins,Ducks,3,1,away,3-1,4
2023-10-23,Canadiens,Sabres,3,1,away,3-1,4
2023-10-24,Maple Leafs,Capitals,4,1,away,4-1,5
2023-10-24,Sabres,Senators,6,4,away,6-4,10
2023-10-24,Hurricanes,Lightning,0,3,home,0-3,3
2023-10-24,Devils,Canadiens,5,2,away,5-2,7
2023-10-24,Stars,Penguins,4,1,away,4-1,5
2023-10-24,Sharks,Panthers,1,3,home,1-3,4
2023-10-25,Avalanche,Islanders,7,4,away,7-4,11
2023-10-25,Kraken,Red Wings,5,4,away,5-4,9
2023-10-25,Ducks,Blue Jackets,3,2,away,3-2,5
2023-10-25,Bruins,Blackhawks,3,0,away,3-0,3
2023-10-25,Blues,Jets,2,4,home,2-4,6
2023-10-25,Oilers,Wild,4,7,home,4-7,11
2023-10-25,Canucks,Predators,3,2,away,3-2,5
2023-10-25,Rangers,Flames,3,1,away,3-1,4
2023-10-25,Coyotes,Kings,3,6,home,3-6,9
2023-10-25,Flyers,Golden Knights,2,3,home,2-3,5
2023-10-25,Capitals,Devils,6,4,away,6-4,10
2023-10-20,Flames,Blue Jackets,1,3,home,1-3,4
2023-10-20,Devils,Islanders,5,4,away,5-4,9
2023-10-21,Red Wings,Senators,5,2,away,5-2,7
2023-10-21,Ducks,Coyotes,1,2,home,1-2,3
2023-10-21,Islanders,Sabres,1,3,home,1-3,4
2023-10-21,Canucks,Panthers,5,3,away,5-3,8
2023-10-21,Capitals,Canadiens,2,3,home,2-3,5
2023-10-21,Maple Leafs,Lightning,4,3,away,4-3,7
2023-10-22,Golden Knights,Blackhawks,5,3,away,5-3,8
2023-10-22,Flyers,Stars,4,5,home,4-5,9
2023-10-22,Blue Jackets,Wild,5,4,away,5-4,9
2023-10-22,Sharks,Predators,1,5,home,1-5,6
2023-10-22,Penguins,Blues,2,4,home,2-4,6
2023-10-22,Hurricanes,Avalanche,4,6,home,4-6,10
2023-10-22,Jets,Oilers,3,2,away,3-2,5
2023-10-22,Rangers,Kraken,4,1,away,4-1,5
2023-10-22,Bruins,Kings,4,2,away,4-2,6
2023-10-22,Flames,Red Wings,2,6,home,2-6,8
2023-10-23,Bruins,Ducks,3,1,away,3-1,4
2023-10-23,Canadiens,Sabres,3,1,away,3-1,4
2023-10-24,Maple Leafs,Capitals,4,1,away,4-1,5
2023-10-24,Sabres,Senators,6,4,away,6-4,10
2023-10-24,Hurricanes,Lightning,0,3,home,0-3,3
2023-10-24,Devils,Canadiens,5,2,away,5-2,7
2023-10-24,Stars,Penguins,4,1,away,4-1,5
2023-10-24,Sharks,Panthers,1,3,home,1-3,4
2023-10-25,Avalanche,Islanders,7,4,away,7-4,11
2023-10-25,Kraken,Red Wings,5,4,away,5-4,9
2023-10-25,Ducks,Blue Jackets,3,2,away,3-2,5
2023-10-25,Bruins,Blackhawks,3,0,away,3-0,3
2023-10-25,Blues,Jets,2,4,home,2-4,6
2023-10-25,Oilers,Wild,4,7,home,4-7,11
2023-10-25,Canucks,Predators,3,2,away,3-2,5
2023-10-25,Rangers,Flames,3,1,away,3-1,4
2023-10-25,Coyotes,Kings,3,6,home,3-6,9
2023-10-25,Flyers,Golden Knights,2,3,home,2-3,5
2023-10-25,Capitals,Devils,6,4,away,6-4,10
2023-10-26,Ducks,Bruins,4,3,away,4-3,7
2023-10-26,Kraken,Hurricanes,2,3,home,2-3,5
2023-10-26,Jets,Red Wings,4,1,away,4-1,5
2023-10-26,Blue Jackets,Canadiens,3,4,home,3-4,7
2023-10-26,Avalanche,Penguins,0,4,home,0-4,4
2023-10-26,Sharks,Lightning,0,6,home,0-6,6
2023-10-26,Wild,Flyers,2,6,home,2-6,8
2023-10-26,Senators,Islanders,2,3,home,2-3,5
2023-10-27,Maple Leafs,Stars,4,1,away,4-1,5
2023-10-27,Blues,Flames,3,0,away,3-0,3
2023-10-27,Rangers,Oilers,3,0,away,3-0,3
2023-10-21,Red Wings,Senators,5,2,away,5-2,7
2023-10-21,Ducks,Coyotes,1,2,home,1-2,3
2023-10-21,Islanders,Sabres,1,3,home,1-3,4
2023-10-21,Canucks,Panthers,5,3,away,5-3,8
2023-10-21,Capitals,Canadiens,2,3,home,2-3,5
2023-10-21,Maple Leafs,Lightning,4,3,away,4-3,7
2023-10-22,Golden Knights,Blackhawks,5,3,away,5-3,8
2023-10-22,Flyers,Stars,4,5,home,4-5,9
2023-10-22,Blue Jackets,Wild,5,4,away,5-4,9
2023-10-22,Sharks,Predators,1,5,home,1-5,6
2023-10-22,Penguins,Blues,2,4,home,2-4,6
2023-10-22,Hurricanes,Avalanche,4,6,home,4-6,10
2023-10-22,Jets,Oilers,3,2,away,3-2,5
2023-10-22,Rangers,Kraken,4,1,away,4-1,5
2023-10-22,Bruins,Kings,4,2,away,4-2,6
2023-10-22,Flames,Red Wings,2,6,home,2-6,8
2023-10-23,Bruins,Ducks,3,1,away,3-1,4
2023-10-23,Canadiens,Sabres,3,1,away,3-1,4
2023-10-24,Maple Leafs,Capitals,4,1,away,4-1,5
2023-10-24,Sabres,Senators,6,4,away,6-4,10
2023-10-24,Hurricanes,Lightning,0,3,home,0-3,3
2023-10-24,Devils,Canadiens,5,2,away,5-2,7
2023-10-24,Stars,Penguins,4,1,away,4-1,5
2023-10-24,Sharks,Panthers,1,3,home,1-3,4
2023-10-25,Avalanche,Islanders,7,4,away,7-4,11
2023-10-25,Kraken,Red Wings,5,4,away,5-4,9
2023-10-25,Ducks,Blue Jackets,3,2,away,3-2,5
2023-10-25,Bruins,Blackhawks,3,0,away,3-0,3
2023-10-25,Blues,Jets,2,4,home,2-4,6
2023-10-25,Oilers,Wild,4,7,home,4-7,11
2023-10-25,Canucks,Predators,3,2,away,3-2,5
2023-10-25,Rangers,Flames,3,1,away,3-1,4
2023-10-25,Coyotes,Kings,3,6,home,3-6,9
2023-10-25,Flyers,Golden Knights,2,3,home,2-3,5
2023-10-25,Capitals,Devils,6,4,away,6-4,10
2023-10-26,Ducks,Bruins,4,3,away,4-3,7
2023-10-26,Kraken,Hurricanes,2,3,home,2-3,5
2023-10-26,Jets,Red Wings,4,1,away,4-1,5
2023-10-26,Blue Jackets,Canadiens,3,4,home,3-4,7
2023-10-26,Avalanche,Penguins,0,4,home,0-4,4
2023-10-26,Sharks,Lightning,0,6,home,0-6,6
2023-10-26,Wild,Flyers,2,6,home,2-6,8
2023-10-26,Senators,Islanders,2,3,home,2-3,5
2023-10-27,Maple Leafs,Stars,4,1,away,4-1,5
2023-10-27,Blues,Flames,3,0,away,3-0,3
2023-10-27,Rangers,Oilers,3,0,away,3-0,3
2023-10-27,Blackhawks,Golden Knights,4,3,away,4-3,7
2023-10-27,Sharks,Hurricanes,0,3,home,0-3,3
2023-10-27,Sabres,Devils,4,5,home,4-5,9
2023-10-27,Wild,Capitals,2,3,home,2-3,5
2023-10-28,Kings,Coyotes,5,4,away,5-4,9
2023-10-28,Blues,Canucks,0,5,home,0-5,5
2023-10-22,Flames,Red Wings,2,6,home,2-6,8
2023-10-23,Bruins,Ducks,3,1,away,3-1,4
2023-10-23,Canadiens,Sabres,3,1,away,3-1,4
2023-10-24,Maple Leafs,Capitals,4,1,away,4-1,5
2023-10-24,Sabres,Senators,6,4,away,6-4,10
2023-10-24,Hurricanes,Lightning,0,3,home,0-3,3
2023-10-24,Devils,Canadiens,5,2,away,5-2,7
2023-10-24,Stars,Penguins,4,1,away,4-1,5
2023-10-24,Sharks,Panthers,1,3,home,1-3,4
2023-10-25,Avalanche,Islanders,7,4,away,7-4,11
2023-10-25,Kraken,Red Wings,5,4,away,5-4,9
2023-10-25,Ducks,Blue Jackets,3,2,away,3-2,5
2023-10-25,Bruins,Blackhawks,3,0,away,3-0,3
2023-10-25,Blues,Jets,2,4,home,2-4,6
2023-10-25,Oilers,Wild,4,7,home,4-7,11
2023-10-25,Canucks,Predators,3,2,away,3-2,5
2023-10-25,Rangers,Flames,3,1,away,3-1,4
2023-10-25,Coyotes,Kings,3,6,home,3-6,9
2023-10-25,Flyers,Golden Knights,2,3,home,2-3,5
2023-10-25,Capitals,Devils,6,4,away,6-4,10
2023-10-26,Ducks,Bruins,4,3,away,4-3,7
2023-10-26,Kraken,Hurricanes,2,3,home,2-3,5
2023-10-26,Jets,Red Wings,4,1,away,4-1,5
2023-10-26,Blue Jackets,Canadiens,3,4,home,3-4,7
2023-10-26,Avalanche,Penguins,0,4,home,0-4,4
2023-10-26,Sharks,Lightning,0,6,home,0-6,6
2023-10-26,Wild,Flyers,2,6,home,2-6,8
2023-10-26,Senators,Islanders,2,3,home,2-3,5
2023-10-27,Maple Leafs,Stars,4,1,away,4-1,5
2023-10-27,Blues,Flames,3,0,away,3-0,3
2023-10-27,Rangers,Oilers,3,0,away,3-0,3
2023-10-27,Blackhawks,Golden Knights,4,3,away,4-3,7
2023-10-27,Sharks,Hurricanes,0,3,home,0-3,3
2023-10-27,Sabres,Devils,4,5,home,4-5,9
2023-10-27,Wild,Capitals,2,3,home,2-3,5
2023-10-28,Kings,Coyotes,5,4,away,5-4,9
2023-10-28,Blues,Canucks,0,5,home,0-5,5
2023-10-28,Ducks,Flyers,7,4,away,7-4,11
2023-10-28,Kraken,Panthers,2,3,home,2-3,5
2023-10-28,Red Wings,Bruins,1,4,home,1-4,5
2023-10-28,Islanders,Blue Jackets,2,0,away,2-0,2
2023-10-28,Jets,Canadiens,3,4,home,3-4,7
2023-10-28,Maple Leafs,Predators,2,3,home,2-3,5
2023-10-28,Senators,Penguins,5,2,away,5-2,7
2023-10-29,Rangers,Canucks,4,3,away,4-3,7
2023-10-29,Golden Knights,Kings,4,3,away,4-3,7
2023-10-23,Canadiens,Sabres,3,1,away,3-1,4
2023-10-24,Maple Leafs,Capitals,4,1,away,4-1,5
2023-10-24,Sabres,Senators,6,4,away,6-4,10
2023-10-24,Hurricanes,Lightning,0,3,home,0-3,3
2023-10-24,Devils,Canadiens,5,2,away,5-2,7
2023-10-24,Stars,Penguins,4,1,away,4-1,5
2023-10-24,Sharks,Panthers,1,3,home,1-3,4
2023-10-25,Avalanche,Islanders,7,4,away,7-4,11
2023-10-25,Kraken,Red Wings,5,4,away,5-4,9
2023-10-25,Ducks,Blue Jackets,3,2,away,3-2,5
2023-10-25,Bruins,Blackhawks,3,0,away,3-0,3
2023-10-25,Blues,Jets,2,4,home,2-4,6
2023-10-25,Oilers,Wild,4,7,home,4-7,11
2023-10-25,Canucks,Predators,3,2,away,3-2,5
2023-10-25,Rangers,Flames,3,1,away,3-1,4
2023-10-25,Coyotes,Kings,3,6,home,3-6,9
2023-10-25,Flyers,Golden Knights,2,3,home,2-3,5
2023-10-25,Capitals,Devils,6,4,away,6-4,10
2023-10-26,Ducks,Bruins,4,3,away,4-3,7
2023-10-26,Kraken,Hurricanes,2,3,home,2-3,5
2023-10-26,Jets,Red Wings,4,1,away,4-1,5
2023-10-26,Blue Jackets,Canadiens,3,4,home,3-4,7
2023-10-26,Avalanche,Penguins,0,4,home,0-4,4
2023-10-26,Sharks,Lightning,0,6,home,0-6,6
2023-10-26,Wild,Flyers,2,6,home,2-6,8
2023-10-26,Senators,Islanders,2,3,home,2-3,5
2023-10-27,Maple Leafs,Stars,4,1,away,4-1,5
2023-10-27,Blues,Flames,3,0,away,3-0,3
2023-10-27,Rangers,Oilers,3,0,away,3-0,3
2023-10-27,Blackhawks,Golden Knights,4,3,away,4-3,7
2023-10-27,Sharks,Hurricanes,0,3,home,0-3,3
2023-10-27,Sabres,Devils,4,5,home,4-5,9
2023-10-27,Wild,Capitals,2,3,home,2-3,5
2023-10-28,Kings,Coyotes,5,4,away,5-4,9
2023-10-28,Blues,Canucks,0,5,home,0-5,5
2023-10-28,Ducks,Flyers,7,4,away,7-4,11
2023-10-28,Kraken,Panthers,2,3,home,2-3,5
2023-10-28,Red Wings,Bruins,1,4,home,1-4,5
2023-10-28,Islanders,Blue Jackets,2,0,away,2-0,2
2023-10-28,Jets,Canadiens,3,4,home,3-4,7
2023-10-28,Maple Leafs,Predators,2,3,home,2-3,5
2023-10-28,Senators,Penguins,5,2,away,5-2,7
2023-10-29,Rangers,Canucks,4,3,away,4-3,7
2023-10-29,Golden Knights,Kings,4,3,away,4-3,7
2023-10-29,Avalanche,Sabres,0,4,home,0-4,4
2023-10-29,Wild,Devils,3,4,home,3-4,7
2023-10-29,Sharks,Capitals,1,3,home,1-3,4
2023-10-29,Flames,Oilers,2,5,home,2-5,7
2023-10-24,Maple Leafs,Capitals,4,1,away,4-1,5
2023-10-24,Sabres,Senators,6,4,away,6-4,10
2023-10-24,Hurricanes,Lightning,0,3,home,0-3,3
2023-10-24,Devils,Canadiens,5,2,away,5-2,7
2023-10-24,Stars,Penguins,4,1,away,4-1,5
2023-10-24,Sharks,Panthers,1,3,home,1-3,4
2023-10-25,Avalanche,Islanders,7,4,away,7-4,11
2023-10-25,Kraken,Red Wings,5,4,away,5-4,9
2023-10-25,Ducks,Blue Jackets,3,2,away,3-2,5
2023-10-25,Bruins,Blackhawks,3,0,away,3-0,3
2023-10-25,Blues,Jets,2,4,home,2-4,6
2023-10-25,Oilers,Wild,4,7,home,4-7,11
2023-10-25,Canucks,Predators,3,2,away,3-2,5
2023-10-25,Rangers,Flames,3,1,away,3-1,4
2023-10-25,Coyotes,Kings,3,6,home,3-6,9
2023-10-25,Flyers,Golden Knights,2,3,home,2-3,5
2023-10-25,Capitals,Devils,6,4,away,6-4,10
2023-10-26,Ducks,Bruins,4,3,away,4-3,7
2023-10-26,Kraken,Hurricanes,2,3,home,2-3,5
2023-10-26,Jets,Red Wings,4,1,away,4-1,5
2023-10-26,Blue Jackets,Canadiens,3,4,home,3-4,7
2023-10-26,Avalanche,Penguins,0,4,home,0-4,4
2023-10-26,Sharks,Lightning,0,6,home,0-6,6
2023-10-26,Wild,Flyers,2,6,home,2-6,8
2023-10-26,Senators,Islanders,2,3,home,2-3,5
2023-10-27,Maple Leafs,Stars,4,1,away,4-1,5
2023-10-27,Blues,Flames,3,0,away,3-0,3
2023-10-27,Rangers,Oilers,3,0,away,3-0,3
2023-10-27,Blackhawks,Golden Knights,4,3,away,4-3,7
2023-10-27,Sharks,Hurricanes,0,3,home,0-3,3
2023-10-27,Sabres,Devils,4,5,home,4-5,9
2023-10-27,Wild,Capitals,2,3,home,2-3,5
2023-10-28,Kings,Coyotes,5,4,away,5-4,9
2023-10-28,Blues,Canucks,0,5,home,0-5,5
2023-10-28,Ducks,Flyers,7,4,away,7-4,11
2023-10-28,Kraken,Panthers,2,3,home,2-3,5
2023-10-28,Red Wings,Bruins,1,4,home,1-4,5
2023-10-28,Islanders,Blue Jackets,2,0,away,2-0,2
2023-10-28,Jets,Canadiens,3,4,home,3-4,7
2023-10-28,Maple Leafs,Predators,2,3,home,2-3,5
2023-10-28,Senators,Penguins,5,2,away,5-2,7
2023-10-29,Rangers,Canucks,4,3,away,4-3,7
2023-10-29,Golden Knights,Kings,4,3,away,4-3,7
2023-10-29,Avalanche,Sabres,0,4,home,0-4,4
2023-10-29,Wild,Devils,3,4,home,3-4,7
2023-10-29,Sharks,Capitals,1,3,home,1-3,4
2023-10-29,Flames,Oilers,2,5,home,2-5,7
2023-10-30,Panthers,Bruins,2,3,home,2-3,5
2023-10-30,Hurricanes,Flyers,3,2,away,3-2,5
2023-10-30,Ducks,Penguins,4,3,away,4-3,7
2023-10-30,Kraken,Lightning,4,3,away,4-3,7
2023-10-30,Red Wings,Islanders,4,3,away,4-3,7
2023-10-30,Rangers,Jets,3,2,away,3-2,5
2023-10-31,Blue Jackets,Stars,3,5,home,3-5,8
2023-10-31,Blackhawks,Coyotes,1,8,home,1-8,9
2023-10-31,Canadiens,Golden Knights,2,3,home,2-3,5
2023-10-25,Capitals,Devils,6,4,away,6-4,10
2023-10-26,Ducks,Bruins,4,3,away,4-3,7
2023-10-26,Kraken,Hurricanes,2,3,home,2-3,5
2023-10-26,Jets,Red Wings,4,1,away,4-1,5
2023-10-26,Blue Jackets,Canadiens,3,4,home,3-4,7
2023-10-26,Avalanche,Penguins,0,4,home,0-4,4
2023-10-26,Sharks,Lightning,0,6,home,0-6,6
2023-10-26,Wild,Flyers,2,6,home,2-6,8
2023-10-26,Senators,Islanders,2,3,home,2-3,5
2023-10-27,Maple Leafs,Stars,4,1,away,4-1,5
2023-10-27,Blues,Flames,3,0,away,3-0,3
2023-10-27,Rangers,Oilers,3,0,away,3-0,3
2023-10-27,Blackhawks,Golden Knights,4,3,away,4-3,7
2023-10-27,Sharks,Hurricanes,0,3,home,0-3,3
2023-10-27,Sabres,Devils,4,5,home,4-5,9
2023-10-27,Wild,Capitals,2,3,home,2-3,5
2023-10-28,Kings,Coyotes,5,4,away,5-4,9
2023-10-28,Blues,Canucks,0,5,home,0-5,5
2023-10-28,Ducks,Flyers,7,4,away,7-4,11
2023-10-28,Kraken,Panthers,2,3,home,2-3,5
2023-10-28,Red Wings,Bruins,1,4,home,1-4,5
2023-10-28,Islanders,Blue Jackets,2,0,away,2-0,2
2023-10-28,Jets,Canadiens,3,4,home,3-4,7
2023-10-28,Maple Leafs,Predators,2,3,home,2-3,5
2023-10-28,Senators,Penguins,5,2,away,5-2,7
2023-10-29,Rangers,Canucks,4,3,away,4-3,7
2023-10-29,Golden Knights,Kings,4,3,away,4-3,7
2023-10-29,Avalanche,Sabres,0,4,home,0-4,4
2023-10-29,Wild,Devils,3,4,home,3-4,7
2023-10-29,Sharks,Capitals,1,3,home,1-3,4
2023-10-29,Flames,Oilers,2,5,home,2-5,7
2023-10-30,Panthers,Bruins,2,3,home,2-3,5
2023-10-30,Hurricanes,Flyers,3,2,away,3-2,5
2023-10-30,Ducks,Penguins,4,3,away,4-3,7
2023-10-30,Kraken,Lightning,4,3,away,4-3,7
2023-10-30,Red Wings,Islanders,4,3,away,4-3,7
2023-10-30,Rangers,Jets,3,2,away,3-2,5
2023-10-31,Blue Jackets,Stars,3,5,home,3-5,8
2023-10-31,Blackhawks,Coyotes,1,8,home,1-8,9
2023-10-31,Canadiens,Golden Knights,2,3,home,2-3,5
2023-11-01,Kings,Maple Leafs,4,1,away,4-1,5
2023-11-01,Predators,Canucks,2,5,home,2-5,7
2023-10-26,Ducks,Bruins,4,3,away,4-3,7
2023-10-26,Kraken,Hurricanes,2,3,home,2-3,5
2023-10-26,Jets,Red Wings,4,1,away,4-1,5
2023-10-26,Blue Jackets,Canadiens,3,4,home,3-4,7
2023-10-26,Avalanche,Penguins,0,4,home,0-4,4
2023-10-26,Sharks,Lightning,0,6,home,0-6,6
2023-10-26,Wild,Flyers,2,6,home,2-6,8
2023-10-26,Senators,Islanders,2,3,home,2-3,5
2023-10-27,Maple Leafs,Stars,4,1,away,4-1,5
2023-10-27,Blues,Flames,3,0,away,3-0,3
2023-10-27,Rangers,Oilers,3,0,away,3-0,3
2023-10-27,Blackhawks,Golden Knights,4,3,away,4-3,7
2023-10-27,Sharks,Hurricanes,0,3,home,0-3,3
2023-10-27,Sabres,Devils,4,5,home,4-5,9
2023-10-27,Wild,Capitals,2,3,home,2-3,5
2023-10-28,Kings,Coyotes,5,4,away,5-4,9
2023-10-28,Blues,Canucks,0,5,home,0-5,5
2023-10-28,Ducks,Flyers,7,4,away,7-4,11
2023-10-28,Kraken,Panthers,2,3,home,2-3,5
2023-10-28,Red Wings,Bruins,1,4,home,1-4,5
2023-10-28,Islanders,Blue Jackets,2,0,away,2-0,2
2023-10-28,Jets,Canadiens,3,4,home,3-4,7
2023-10-28,Maple Leafs,Predators,2,3,home,2-3,5
2023-10-28,Senators,Penguins,5,2,away,5-2,7
2023-10-29,Rangers,Canucks,4,3,away,4-3,7
2023-10-29,Golden Knights,Kings,4,3,away,4-3,7
2023-10-29,Avalanche,Sabres,0,4,home,0-4,4
2023-10-29,Wild,Devils,3,4,home,3-4,7
2023-10-29,Sharks,Capitals,1,3,home,1-3,4
2023-10-29,Flames,Oilers,2,5,home,2-5,7
2023-10-30,Panthers,Bruins,2,3,home,2-3,5
2023-10-30,Hurricanes,Flyers,3,2,away,3-2,5
2023-10-30,Ducks,Penguins,4,3,away,4-3,7
2023-10-30,Kraken,Lightning,4,3,away,4-3,7
2023-10-30,Red Wings,Islanders,4,3,away,4-3,7
2023-10-30,Rangers,Jets,3,2,away,3-2,5
2023-10-31,Blue Jackets,Stars,3,5,home,3-5,8
2023-10-31,Blackhawks,Coyotes,1,8,home,1-8,9
2023-10-31,Canadiens,Golden Knights,2,3,home,2-3,5
2023-11-01,Kings,Maple Leafs,4,1,away,4-1,5
2023-11-01,Predators,Canucks,2,5,home,2-5,7
2023-11-01,Sabres,Flyers,5,2,away,5-2,7
2023-11-02,Stars,Flames,4,3,away,4-3,7
2023-11-02,Blues,Avalanche,1,4,home,1-4,5
2023-11-02,Coyotes,Ducks,3,4,home,3-4,7
2023-10-27,Blackhawks,Golden Knights,4,3,away,4-3,7
2023-10-27,Sharks,Hurricanes,0,3,home,0-3,3
2023-10-27,Sabres,Devils,4,5,home,4-5,9
2023-10-27,Wild,Capitals,2,3,home,2-3,5
2023-10-28,Kings,Coyotes,5,4,away,5-4,9
2023-10-28,Blues,Canucks,0,5,home,0-5,5
2023-10-28,Ducks,Flyers,7,4,away,7-4,11
2023-10-28,Kraken,Panthers,2,3,home,2-3,5
2023-10-28,Red Wings,Bruins,1,4,home,1-4,5
2023-10-28,Islanders,Blue Jackets,2,0,away,2-0,2
2023-10-28,Jets,Canadiens,3,4,home,3-4,7
2023-10-28,Maple Leafs,Predators,2,3,home,2-3,5
2023-10-28,Senators,Penguins,5,2,away,5-2,7
2023-10-29,Rangers,Canucks,4,3,away,4-3,7
2023-10-29,Golden Knights,Kings,4,3,away,4-3,7
2023-10-29,Avalanche,Sabres,0,4,home,0-4,4
2023-10-29,Wild,Devils,3,4,home,3-4,7
2023-10-29,Sharks,Capitals,1,3,home,1-3,4
2023-10-29,Flames,Oilers,2,5,home,2-5,7
2023-10-30,Panthers,Bruins,2,3,home,2-3,5
2023-10-30,Hurricanes,Flyers,3,2,away,3-2,5
2023-10-30,Ducks,Penguins,4,3,away,4-3,7
2023-10-30,Kraken,Lightning,4,3,away,4-3,7
2023-10-30,Red Wings,Islanders,4,3,away,4-3,7
2023-10-30,Rangers,Jets,3,2,away,3-2,5
2023-10-31,Blue Jackets,Stars,3,5,home,3-5,8
2023-10-31,Blackhawks,Coyotes,1,8,home,1-8,9
2023-10-31,Canadiens,Golden Knights,2,3,home,2-3,5
2023-11-01,Kings,Maple Leafs,4,1,away,4-1,5
2023-11-01,Predators,Canucks,2,5,home,2-5,7
2023-11-01,Sabres,Flyers,5,2,away,5-2,7
2023-11-02,Stars,Flames,4,3,away,4-3,7
2023-11-02,Blues,Avalanche,1,4,home,1-4,5
2023-11-02,Coyotes,Ducks,3,4,home,3-4,7
2023-11-02,Lightning,Blue Jackets,2,4,home,2-4,6
2023-11-02,Panthers,Red Wings,2,0,away,2-0,2
2023-11-02,Hurricanes,Rangers,1,2,home,1-2,3
2023-11-02,Kings,Senators,3,2,away,3-2,5
2023-11-02,Islanders,Capitals,3,0,away,3-0,3
2023-11-02,Maple Leafs,Bruins,2,3,home,2-3,5
2023-11-03,Devils,Wild,5,3,away,5-3,8
2023-11-03,Stars,Oilers,4,3,away,4-3,7
2023-11-03,Canadiens,Coyotes,2,3,home,2-3,5
2023-11-03,Predators,Kraken,2,4,home,2-4,6
2023-11-03,Jets,Golden Knights,2,5,home,2-5,7
2023-11-03,Canucks,Sharks,10,1,away,10-1,11
2023-10-28,Ducks,Flyers,7,4,away,7-4,11
2023-10-28,Kraken,Panthers,2,3,home,2-3,5
2023-10-28,Red Wings,Bruins,1,4,home,1-4,5
2023-10-28,Islanders,Blue Jackets,2,0,away,2-0,2
2023-10-28,Jets,Canadiens,3,4,home,3-4,7
2023-10-28,Maple Leafs,Predators,2,3,home,2-3,5
2023-10-28,Senators,Penguins,5,2,away,5-2,7
2023-10-29,Rangers,Canucks,4,3,away,4-3,7
2023-10-29,Golden Knights,Kings,4,3,away,4-3,7
2023-10-29,Avalanche,Sabres,0,4,home,0-4,4
2023-10-29,Wild,Devils,3,4,home,3-4,7
2023-10-29,Sharks,Capitals,1,3,home,1-3,4
2023-10-29,Flames,Oilers,2,5,home,2-5,7
2023-10-30,Panthers,Bruins,2,3,home,2-3,5
2023-10-30,Hurricanes,Flyers,3,2,away,3-2,5
2023-10-30,Ducks,Penguins,4,3,away,4-3,7
2023-10-30,Kraken,Lightning,4,3,away,4-3,7
2023-10-30,Red Wings,Islanders,4,3,away,4-3,7
2023-10-30,Rangers,Jets,3,2,away,3-2,5
2023-10-31,Blue Jackets,Stars,3,5,home,3-5,8
2023-10-31,Blackhawks,Coyotes,1,8,home,1-8,9
2023-10-31,Canadiens,Golden Knights,2,3,home,2-3,5
2023-11-01,Kings,Maple Leafs,4,1,away,4-1,5
2023-11-01,Predators,Canucks,2,5,home,2-5,7
2023-11-01,Sabres,Flyers,5,2,away,5-2,7
2023-11-02,Stars,Flames,4,3,away,4-3,7
2023-11-02,Blues,Avalanche,1,4,home,1-4,5
2023-11-02,Coyotes,Ducks,3,4,home,3-4,7
2023-11-02,Lightning,Blue Jackets,2,4,home,2-4,6
2023-11-02,Panthers,Red Wings,2,0,away,2-0,2
2023-11-02,Hurricanes,Rangers,1,2,home,1-2,3
2023-11-02,Kings,Senators,3,2,away,3-2,5
2023-11-02,Islanders,Capitals,3,0,away,3-0,3
2023-11-02,Maple Leafs,Bruins,2,3,home,2-3,5
2023-11-03,Devils,Wild,5,3,away,5-3,8
2023-11-03,Stars,Oilers,4,3,away,4-3,7
2023-11-03,Canadiens,Coyotes,2,3,home,2-3,5
2023-11-03,Predators,Kraken,2,4,home,2-4,6
2023-11-03,Jets,Golden Knights,2,5,home,2-5,7
2023-11-03,Canucks,Sharks,10,1,away,10-1,11
2023-11-03,Flyers,Sabres,5,1,away,5-1,6
2023-11-04,Devils,Blues,1,4,home,1-4,5
2023-10-29,Avalanche,Sabres,0,4,home,0-4,4
2023-10-29,Wild,Devils,3,4,home,3-4,7
2023-10-29,Sharks,Capitals,1,3,home,1-3,4
2023-10-29,Flames,Oilers,2,5,home,2-5,7
2023-10-30,Panthers,Bruins,2,3,home,2-3,5
2023-10-30,Hurricanes,Flyers,3,2,away,3-2,5
2023-10-30,Ducks,Penguins,4,3,away,4-3,7
2023-10-30,Kraken,Lightning,4,3,away,4-3,7
2023-10-30,Red Wings,Islanders,4,3,away,4-3,7
2023-10-30,Rangers,Jets,3,2,away,3-2,5
2023-10-31,Blue Jackets,Stars,3,5,home,3-5,8
2023-10-31,Blackhawks,Coyotes,1,8,home,1-8,9
2023-10-31,Canadiens,Golden Knights,2,3,home,2-3,5
2023-11-01,Kings,Maple Leafs,4,1,away,4-1,5
2023-11-01,Predators,Canucks,2,5,home,2-5,7
2023-11-01,Sabres,Flyers,5,2,away,5-2,7
2023-11-02,Stars,Flames,4,3,away,4-3,7
2023-11-02,Blues,Avalanche,1,4,home,1-4,5
2023-11-02,Coyotes,Ducks,3,4,home,3-4,7
2023-11-02,Lightning,Blue Jackets,2,4,home,2-4,6
2023-11-02,Panthers,Red Wings,2,0,away,2-0,2
2023-11-02,Hurricanes,Rangers,1,2,home,1-2,3
2023-11-02,Kings,Senators,3,2,away,3-2,5
2023-11-02,Islanders,Capitals,3,0,away,3-0,3
2023-11-02,Maple Leafs,Bruins,2,3,home,2-3,5
2023-11-03,Devils,Wild,5,3,away,5-3,8
2023-11-03,Stars,Oilers,4,3,away,4-3,7
2023-11-03,Canadiens,Coyotes,2,3,home,2-3,5
2023-11-03,Predators,Kraken,2,4,home,2-4,6
2023-11-03,Jets,Golden Knights,2,5,home,2-5,7
2023-11-03,Canucks,Sharks,10,1,away,10-1,11
2023-11-03,Flyers,Sabres,5,1,away,5-1,6
2023-11-04,Devils,Blues,1,4,home,1-4,5
2023-11-04,Predators,Oilers,5,2,away,5-2,7
2023-11-04,Jets,Coyotes,5,3,away,5-3,8
2023-11-04,Bruins,Red Wings,4,5,home,4-5,9
2023-11-04,Lightning,Senators,6,4,away,6-4,10
2023-11-04,Canadiens,Blues,3,6,home,3-6,9
2023-11-04,Sabres,Maple Leafs,6,4,away,6-4,10
2023-11-04,Blue Jackets,Capitals,1,2,home,1-2,3
2023-11-04,Kings,Flyers,5,0,away,5-0,5
2023-11-04,Hurricanes,Islanders,4,3,away,4-3,7
2023-11-05,Panthers,Blackhawks,2,5,home,2-5,7
2023-11-05,Rangers,Wild,4,5,home,4-5,9
2023-11-05,Flames,Kraken,6,3,away,6-3,9
2023-11-05,Penguins,Sharks,10,2,away,10-2,12
2023-11-05,Stars,Canucks,0,2,home,0-2,2
2023-11-05,Avalanche,Golden Knights,0,7,home,0-7,7
2023-10-30,Panthers,Bruins,2,3,home,2-3,5
2023-10-30,Hurricanes,Flyers,3,2,away,3-2,5
2023-10-30,Ducks,Penguins,4,3,away,4-3,7
2023-10-30,Kraken,Lightning,4,3,away,4-3,7
2023-10-30,Red Wings,Islanders,4,3,away,4-3,7
2023-10-30,Rangers,Jets,3,2,away,3-2,5
2023-10-31,Blue Jackets,Stars,3,5,home,3-5,8
2023-10-31,Blackhawks,Coyotes,1,8,home,1-8,9
2023-10-31,Canadiens,Golden Knights,2,3,home,2-3,5
2023-11-01,Kings,Maple Leafs,4,1,away,4-1,5
2023-11-01,Predators,Canucks,2,5,home,2-5,7
2023-11-01,Sabres,Flyers,5,2,away,5-2,7
2023-11-02,Stars,Flames,4,3,away,4-3,7
2023-11-02,Blues,Avalanche,1,4,home,1-4,5
2023-11-02,Coyotes,Ducks,3,4,home,3-4,7
2023-11-02,Lightning,Blue Jackets,2,4,home,2-4,6
2023-11-02,Panthers,Red Wings,2,0,away,2-0,2
2023-11-02,Hurricanes,Rangers,1,2,home,1-2,3
2023-11-02,Kings,Senators,3,2,away,3-2,5
2023-11-02,Islanders,Capitals,3,0,away,3-0,3
2023-11-02,Maple Leafs,Bruins,2,3,home,2-3,5
2023-11-03,Devils,Wild,5,3,away,5-3,8
2023-11-03,Stars,Oilers,4,3,away,4-3,7
2023-11-03,Canadiens,Coyotes,2,3,home,2-3,5
2023-11-03,Predators,Kraken,2,4,home,2-4,6
2023-11-03,Jets,Golden Knights,2,5,home,2-5,7
2023-11-03,Canucks,Sharks,10,1,away,10-1,11
2023-11-03,Flyers,Sabres,5,1,away,5-1,6
2023-11-04,Devils,Blues,1,4,home,1-4,5
2023-11-04,Predators,Oilers,5,2,away,5-2,7
2023-11-04,Jets,Coyotes,5,3,away,5-3,8
2023-11-04,Bruins,Red Wings,4,5,home,4-5,9
2023-11-04,Lightning,Senators,6,4,away,6-4,10
2023-11-04,Canadiens,Blues,3,6,home,3-6,9
2023-11-04,Sabres,Maple Leafs,6,4,away,6-4,10
2023-11-04,Blue Jackets,Capitals,1,2,home,1-2,3
2023-11-04,Kings,Flyers,5,0,away,5-0,5
2023-11-04,Hurricanes,Islanders,4,3,away,4-3,7
2023-11-05,Panthers,Blackhawks,2,5,home,2-5,7
2023-11-05,Rangers,Wild,4,5,home,4-5,9
2023-11-05,Flames,Kraken,6,3,away,6-3,9
2023-11-05,Penguins,Sharks,10,2,away,10-2,12
2023-11-05,Stars,Canucks,0,2,home,0-2,2
2023-11-05,Avalanche,Golden Knights,0,7,home,0-7,7
2023-11-06,Devils,Blackhawks,4,2,away,4-2,6
2023-11-06,Golden Knights,Ducks,2,4,home,2-4,6
2023-11-01,Kings,Maple Leafs,4,1,away,4-1,5
2023-11-01,Predators,Canucks,2,5,home,2-5,7
2023-11-01,Sabres,Flyers,5,2,away,5-2,7
2023-11-02,Stars,Flames,4,3,away,4-3,7
2023-11-02,Blues,Avalanche,1,4,home,1-4,5
2023-11-02,Coyotes,Ducks,3,4,home,3-4,7
2023-11-02,Lightning,Blue Jackets,2,4,home,2-4,6
2023-11-02,Panthers,Red Wings,2,0,away,2-0,2
2023-11-02,Hurricanes,Rangers,1,2,home,1-2,3
2023-11-02,Kings,Senators,3,2,away,3-2,5
2023-11-02,Islanders,Capitals,3,0,away,3-0,3
2023-11-02,Maple Leafs,Bruins,2,3,home,2-3,5
2023-11-03,Devils,Wild,5,3,away,5-3,8
2023-11-03,Stars,Oilers,4,3,away,4-3,7
2023-11-03,Canadiens,Coyotes,2,3,home,2-3,5
2023-11-03,Predators,Kraken,2,4,home,2-4,6
2023-11-03,Jets,Golden Knights,2,5,home,2-5,7
2023-11-03,Canucks,Sharks,10,1,away,10-1,11
2023-11-03,Flyers,Sabres,5,1,away,5-1,6
2023-11-04,Devils,Blues,1,4,home,1-4,5
2023-11-04,Predators,Oilers,5,2,away,5-2,7
2023-11-04,Jets,Coyotes,5,3,away,5-3,8
2023-11-04,Bruins,Red Wings,4,5,home,4-5,9
2023-11-04,Lightning,Senators,6,4,away,6-4,10
2023-11-04,Canadiens,Blues,3,6,home,3-6,9
2023-11-04,Sabres,Maple Leafs,6,4,away,6-4,10
2023-11-04,Blue Jackets,Capitals,1,2,home,1-2,3
2023-11-04,Kings,Flyers,5,0,away,5-0,5
2023-11-04,Hurricanes,Islanders,4,3,away,4-3,7
2023-11-05,Panthers,Blackhawks,2,5,home,2-5,7
2023-11-05,Rangers,Wild,4,5,home,4-5,9
2023-11-05,Flames,Kraken,6,3,away,6-3,9
2023-11-05,Penguins,Sharks,10,2,away,10-2,12
2023-11-05,Stars,Canucks,0,2,home,0-2,2
2023-11-05,Avalanche,Golden Knights,0,7,home,0-7,7
2023-11-06,Devils,Blackhawks,4,2,away,4-2,6
2023-11-06,Golden Knights,Ducks,2,4,home,2-4,6
2023-11-07,Blue Jackets,Panthers,4,5,home,4-5,9
2023-11-07,Lightning,Maple Leafs,5,6,home,5-6,11
2023-11-07,Bruins,Stars,3,2,away,3-2,5
2023-11-07,Oilers,Canucks,2,6,home,2-6,8
2023-11-01,Sabres,Flyers,5,2,away,5-2,7
2023-11-02,Stars,Flames,4,3,away,4-3,7
2023-11-02,Blues,Avalanche,1,4,home,1-4,5
2023-11-02,Coyotes,Ducks,3,4,home,3-4,7
2023-11-02,Lightning,Blue Jackets,2,4,home,2-4,6
2023-11-02,Panthers,Red Wings,2,0,away,2-0,2
2023-11-02,Hurricanes,Rangers,1,2,home,1-2,3
2023-11-02,Kings,Senators,3,2,away,3-2,5
2023-11-02,Islanders,Capitals,3,0,away,3-0,3
2023-11-02,Maple Leafs,Bruins,2,3,home,2-3,5
2023-11-03,Devils,Wild,5,3,away,5-3,8
2023-11-03,Stars,Oilers,4,3,away,4-3,7
2023-11-03,Canadiens,Coyotes,2,3,home,2-3,5
2023-11-03,Predators,Kraken,2,4,home,2-4,6
2023-11-03,Jets,Golden Knights,2,5,home,2-5,7
2023-11-03,Canucks,Sharks,10,1,away,10-1,11
2023-11-03,Flyers,Sabres,5,1,away,5-1,6
2023-11-04,Devils,Blues,1,4,home,1-4,5
2023-11-04,Predators,Oilers,5,2,away,5-2,7
2023-11-04,Jets,Coyotes,5,3,away,5-3,8
2023-11-04,Bruins,Red Wings,4,5,home,4-5,9
2023-11-04,Lightning,Senators,6,4,away,6-4,10
2023-11-04,Canadiens,Blues,3,6,home,3-6,9
2023-11-04,Sabres,Maple Leafs,6,4,away,6-4,10
2023-11-04,Blue Jackets,Capitals,1,2,home,1-2,3
2023-11-04,Kings,Flyers,5,0,away,5-0,5
2023-11-04,Hurricanes,Islanders,4,3,away,4-3,7
2023-11-05,Panthers,Blackhawks,2,5,home,2-5,7
2023-11-05,Rangers,Wild,4,5,home,4-5,9
2023-11-05,Flames,Kraken,6,3,away,6-3,9
2023-11-05,Penguins,Sharks,10,2,away,10-2,12
2023-11-05,Stars,Canucks,0,2,home,0-2,2
2023-11-05,Avalanche,Golden Knights,0,7,home,0-7,7
2023-11-06,Devils,Blackhawks,4,2,away,4-2,6
2023-11-06,Golden Knights,Ducks,2,4,home,2-4,6
2023-11-07,Blue Jackets,Panthers,4,5,home,4-5,9
2023-11-07,Lightning,Maple Leafs,5,6,home,5-6,11
2023-11-07,Bruins,Stars,3,2,away,3-2,5
2023-11-07,Oilers,Canucks,2,6,home,2-6,8
2023-11-08,Sabres,Hurricanes,2,3,home,2-3,5
2023-11-08,Lightning,Canadiens,5,3,away,5-3,8
2023-11-08,Wild,Islanders,4,2,away,4-2,6
2023-11-08,Red Wings,Rangers,3,5,home,3-5,8
2023-11-08,Jets,Blues,5,2,away,5-2,7
2023-11-08,Kraken,Coyotes,3,4,home,3-4,7
2023-11-08,Predators,Flames,2,4,home,2-4,6
2023-11-08,Penguins,Ducks,2,0,away,2-0,2
2023-11-08,Devils,Avalanche,3,6,home,3-6,9
2023-11-08,Flyers,Sharks,1,2,home,1-2,3
2023-11-02,Lightning,Blue Jackets,2,4,home,2-4,6
2023-11-02,Panthers,Red Wings,2,0,away,2-0,2
2023-11-02,Hurricanes,Rangers,1,2,home,1-2,3
2023-11-02,Kings,Senators,3,2,away,3-2,5
2023-11-02,Islanders,Capitals,3,0,away,3-0,3
2023-11-02,Maple Leafs,Bruins,2,3,home,2-3,5
2023-11-03,Devils,Wild,5,3,away,5-3,8
2023-11-03,Stars,Oilers,4,3,away,4-3,7
2023-11-03,Canadiens,Coyotes,2,3,home,2-3,5
2023-11-03,Predators,Kraken,2,4,home,2-4,6
2023-11-03,Jets,Golden Knights,2,5,home,2-5,7
2023-11-03,Canucks,Sharks,10,1,away,10-1,11
2023-11-03,Flyers,Sabres,5,1,away,5-1,6
2023-11-04,Devils,Blues,1,4,home,1-4,5
2023-11-04,Predators,Oilers,5,2,away,5-2,7
2023-11-04,Jets,Coyotes,5,3,away,5-3,8
2023-11-04,Bruins,Red Wings,4,5,home,4-5,9
2023-11-04,Lightning,Senators,6,4,away,6-4,10
2023-11-04,Canadiens,Blues,3,6,home,3-6,9
2023-11-04,Sabres,Maple Leafs,6,4,away,6-4,10
2023-11-04,Blue Jackets,Capitals,1,2,home,1-2,3
2023-11-04,Kings,Flyers,5,0,away,5-0,5
2023-11-04,Hurricanes,Islanders,4,3,away,4-3,7
2023-11-05,Panthers,Blackhawks,2,5,home,2-5,7
2023-11-05,Rangers,Wild,4,5,home,4-5,9
2023-11-05,Flames,Kraken,6,3,away,6-3,9
2023-11-05,Penguins,Sharks,10,2,away,10-2,12
2023-11-05,Stars,Canucks,0,2,home,0-2,2
2023-11-05,Avalanche,Golden Knights,0,7,home,0-7,7
2023-11-06,Devils,Blackhawks,4,2,away,4-2,6
2023-11-06,Golden Knights,Ducks,2,4,home,2-4,6
2023-11-07,Blue Jackets,Panthers,4,5,home,4-5,9
2023-11-07,Lightning,Maple Leafs,5,6,home,5-6,11
2023-11-07,Bruins,Stars,3,2,away,3-2,5
2023-11-07,Oilers,Canucks,2,6,home,2-6,8
2023-11-08,Sabres,Hurricanes,2,3,home,2-3,5
2023-11-08,Lightning,Canadiens,5,3,away,5-3,8
2023-11-08,Wild,Islanders,4,2,away,4-2,6
2023-11-08,Red Wings,Rangers,3,5,home,3-5,8
2023-11-08,Jets,Blues,5,2,away,5-2,7
2023-11-08,Kraken,Coyotes,3,4,home,3-4,7
2023-11-08,Predators,Flames,2,4,home,2-4,6
2023-11-08,Penguins,Ducks,2,0,away,2-0,2
2023-11-08,Devils,Avalanche,3,6,home,3-6,9
2023-11-08,Flyers,Sharks,1,2,home,1-2,3
2023-11-09,Senators,Maple Leafs,6,3,away,6-3,9
2023-11-09,Panthers,Capitals,4,3,away,4-3,7
2023-11-09,Kings,Golden Knights,4,1,away,4-1,5
2023-11-03,Flyers,Sabres,5,1,away,5-1,6
2023-11-04,Devils,Blues,1,4,home,1-4,5
2023-11-04,Predators,Oilers,5,2,away,5-2,7
2023-11-04,Jets,Coyotes,5,3,away,5-3,8
2023-11-04,Bruins,Red Wings,4,5,home,4-5,9
2023-11-04,Lightning,Senators,6,4,away,6-4,10
2023-11-04,Canadiens,Blues,3,6,home,3-6,9
2023-11-04,Sabres,Maple Leafs,6,4,away,6-4,10
2023-11-04,Blue Jackets,Capitals,1,2,home,1-2,3
2023-11-04,Kings,Flyers,5,0,away,5-0,5
2023-11-04,Hurricanes,Islanders,4,3,away,4-3,7
2023-11-05,Panthers,Blackhawks,2,5,home,2-5,7
2023-11-05,Rangers,Wild,4,5,home,4-5,9
2023-11-05,Flames,Kraken,6,3,away,6-3,9
2023-11-05,Penguins,Sharks,10,2,away,10-2,12
2023-11-05,Stars,Canucks,0,2,home,0-2,2
2023-11-05,Avalanche,Golden Knights,0,7,home,0-7,7
2023-11-06,Devils,Blackhawks,4,2,away,4-2,6
2023-11-06,Golden Knights,Ducks,2,4,home,2-4,6
2023-11-07,Blue Jackets,Panthers,4,5,home,4-5,9
2023-11-07,Lightning,Maple Leafs,5,6,home,5-6,11
2023-11-07,Bruins,Stars,3,2,away,3-2,5
2023-11-07,Oilers,Canucks,2,6,home,2-6,8
2023-11-08,Sabres,Hurricanes,2,3,home,2-3,5
2023-11-08,Lightning,Canadiens,5,3,away,5-3,8
2023-11-08,Wild,Islanders,4,2,away,4-2,6
2023-11-08,Red Wings,Rangers,3,5,home,3-5,8
2023-11-08,Jets,Blues,5,2,away,5-2,7
2023-11-08,Kraken,Coyotes,3,4,home,3-4,7
2023-11-08,Predators,Flames,2,4,home,2-4,6
2023-11-08,Penguins,Ducks,2,0,away,2-0,2
2023-11-08,Devils,Avalanche,3,6,home,3-6,9
2023-11-08,Flyers,Sharks,1,2,home,1-2,3
2023-11-09,Senators,Maple Leafs,6,3,away,6-3,9
2023-11-09,Panthers,Capitals,4,3,away,4-3,7
2023-11-09,Kings,Golden Knights,4,1,away,4-1,5
2023-11-10,Islanders,Bruins,2,5,home,2-5,7
2023-11-10,Canadiens,Red Wings,3,2,away,3-2,5
2023-11-10,Wild,Rangers,1,4,home,1-4,5
2023-11-10,Canucks,Senators,5,2,away,5-2,7
2023-11-10,Blackhawks,Lightning,5,3,away,5-3,8
2023-11-10,Stars,Blue Jackets,5,2,away,5-2,7
2023-11-10,Coyotes,Blues,1,2,home,1-2,3
2023-11-10,Predators,Jets,3,6,home,3-6,9
2023-11-10,Kraken,Avalanche,4,3,away,4-3,7
2023-11-10,Penguins,Kings,4,3,away,4-3,7
2023-11-10,Oilers,Sharks,2,3,home,2-3,5
2023-11-04,Predators,Oilers,5,2,away,5-2,7
2023-11-04,Jets,Coyotes,5,3,away,5-3,8
2023-11-04,Bruins,Red Wings,4,5,home,4-5,9
2023-11-04,Lightning,Senators,6,4,away,6-4,10
2023-11-04,Canadiens,Blues,3,6,home,3-6,9
2023-11-04,Sabres,Maple Leafs,6,4,away,6-4,10
2023-11-04,Blue Jackets,Capitals,1,2,home,1-2,3
2023-11-04,Kings,Flyers,5,0,away,5-0,5
2023-11-04,Hurricanes,Islanders,4,3,away,4-3,7
2023-11-05,Panthers,Blackhawks,2,5,home,2-5,7
2023-11-05,Rangers,Wild,4,5,home,4-5,9
2023-11-05,Flames,Kraken,6,3,away,6-3,9
2023-11-05,Penguins,Sharks,10,2,away,10-2,12
2023-11-05,Stars,Canucks,0,2,home,0-2,2
2023-11-05,Avalanche,Golden Knights,0,7,home,0-7,7
2023-11-06,Devils,Blackhawks,4,2,away,4-2,6
2023-11-06,Golden Knights,Ducks,2,4,home,2-4,6
2023-11-07,Blue Jackets,Panthers,4,5,home,4-5,9
2023-11-07,Lightning,Maple Leafs,5,6,home,5-6,11
2023-11-07,Bruins,Stars,3,2,away,3-2,5
2023-11-07,Oilers,Canucks,2,6,home,2-6,8
2023-11-08,Sabres,Hurricanes,2,3,home,2-3,5
2023-11-08,Lightning,Canadiens,5,3,away,5-3,8
2023-11-08,Wild,Islanders,4,2,away,4-2,6
2023-11-08,Red Wings,Rangers,3,5,home,3-5,8
2023-11-08,Jets,Blues,5,2,away,5-2,7
2023-11-08,Kraken,Coyotes,3,4,home,3-4,7
2023-11-08,Predators,Flames,2,4,home,2-4,6
2023-11-08,Penguins,Ducks,2,0,away,2-0,2
2023-11-08,Devils,Avalanche,3,6,home,3-6,9
2023-11-08,Flyers,Sharks,1,2,home,1-2,3
2023-11-09,Senators,Maple Leafs,6,3,away,6-3,9
2023-11-09,Panthers,Capitals,4,3,away,4-3,7
2023-11-09,Kings,Golden Knights,4,1,away,4-1,5
2023-11-10,Islanders,Bruins,2,5,home,2-5,7
2023-11-10,Canadiens,Red Wings,3,2,away,3-2,5
2023-11-10,Wild,Rangers,1,4,home,1-4,5
2023-11-10,Canucks,Senators,5,2,away,5-2,7
2023-11-10,Blackhawks,Lightning,5,3,away,5-3,8
2023-11-10,Stars,Blue Jackets,5,2,away,5-2,7
2023-11-10,Coyotes,Blues,1,2,home,1-2,3
2023-11-10,Predators,Jets,3,6,home,3-6,9
2023-11-10,Kraken,Avalanche,4,3,away,4-3,7
2023-11-10,Penguins,Kings,4,3,away,4-3,7
2023-11-10,Oilers,Sharks,2,3,home,2-3,5
2023-11-11,Wild,Sabres,2,3,home,2-3,5
2023-11-11,Hurricanes,Panthers,2,5,home,2-5,7
2023-11-11,Capitals,Devils,4,2,away,4-2,6
2023-11-11,Flames,Maple Leafs,4,5,home,4-5,9
2023-11-11,Flyers,Ducks,6,3,away,6-3,9
2023-11-11,Sharks,Golden Knights,0,5,home,0-5,5
2023-11-06,Devils,Blackhawks,4,2,away,4-2,6
2023-11-06,Golden Knights,Ducks,2,4,home,2-4,6
2023-11-07,Blue Jackets,Panthers,4,5,home,4-5,9
2023-11-07,Lightning,Maple Leafs,5,6,home,5-6,11
2023-11-07,Bruins,Stars,3,2,away,3-2,5
2023-11-07,Oilers,Canucks,2,6,home,2-6,8
2023-11-08,Sabres,Hurricanes,2,3,home,2-3,5
2023-11-08,Lightning,Canadiens,5,3,away,5-3,8
2023-11-08,Wild,Islanders,4,2,away,4-2,6
2023-11-08,Red Wings,Rangers,3,5,home,3-5,8
2023-11-08,Jets,Blues,5,2,away,5-2,7
2023-11-08,Kraken,Coyotes,3,4,home,3-4,7
2023-11-08,Predators,Flames,2,4,home,2-4,6
2023-11-08,Penguins,Ducks,2,0,away,2-0,2
2023-11-08,Devils,Avalanche,3,6,home,3-6,9
2023-11-08,Flyers,Sharks,1,2,home,1-2,3
2023-11-09,Senators,Maple Leafs,6,3,away,6-3,9
2023-11-09,Panthers,Capitals,4,3,away,4-3,7
2023-11-09,Kings,Golden Knights,4,1,away,4-1,5
2023-11-10,Islanders,Bruins,2,5,home,2-5,7
2023-11-10,Canadiens,Red Wings,3,2,away,3-2,5
2023-11-10,Wild,Rangers,1,4,home,1-4,5
2023-11-10,Canucks,Senators,5,2,away,5-2,7
2023-11-10,Blackhawks,Lightning,5,3,away,5-3,8
2023-11-10,Stars,Blue Jackets,5,2,away,5-2,7
2023-11-10,Coyotes,Blues,1,2,home,1-2,3
2023-11-10,Predators,Jets,3,6,home,3-6,9
2023-11-10,Kraken,Avalanche,4,3,away,4-3,7
2023-11-10,Penguins,Kings,4,3,away,4-3,7
2023-11-10,Oilers,Sharks,2,3,home,2-3,5
2023-11-11,Wild,Sabres,2,3,home,2-3,5
2023-11-11,Hurricanes,Panthers,2,5,home,2-5,7
2023-11-11,Capitals,Devils,4,2,away,4-2,6
2023-11-11,Flames,Maple Leafs,4,5,home,4-5,9
2023-11-11,Flyers,Ducks,6,3,away,6-3,9
2023-11-11,Sharks,Golden Knights,0,5,home,0-5,5
2023-11-11,Blue Jackets,Red Wings,4,5,home,4-5,9
2023-11-11,Stars,Jets,3,2,away,3-2,5
2023-11-12,Bruins,Canadiens,2,3,home,2-3,5
2023-11-12,Flames,Senators,1,4,home,1-4,5
2023-11-12,Hurricanes,Lightning,4,0,away,4-0,4
2023-11-12,Canucks,Maple Leafs,2,5,home,2-5,7
2023-11-12,Capitals,Islanders,4,1,away,4-1,5
2023-11-12,Sabres,Penguins,0,4,home,0-4,4
2023-11-12,Coyotes,Predators,7,5,away,7-5,12
2023-11-12,Blues,Avalanche,8,2,away,8-2,10
2023-11-12,Oilers,Kraken,4,1,away,4-1,5
2023-11-12,Flyers,Kings,4,2,away,4-2,6
2023-11-07,Blue Jackets,Panthers,4,5,home,4-5,9
2023-11-07,Lightning,Maple Leafs,5,6,home,5-6,11
2023-11-07,Bruins,Stars,3,2,away,3-2,5
2023-11-07,Oilers,Canucks,2,6,home,2-6,8
2023-11-08,Sabres,Hurricanes,2,3,home,2-3,5
2023-11-08,Lightning,Canadiens,5,3,away,5-3,8
2023-11-08,Wild,Islanders,4,2,away,4-2,6
2023-11-08,Red Wings,Rangers,3,5,home,3-5,8
2023-11-08,Jets,Blues,5,2,away,5-2,7
2023-11-08,Kraken,Coyotes,3,4,home,3-4,7
2023-11-08,Predators,Flames,2,4,home,2-4,6
2023-11-08,Penguins,Ducks,2,0,away,2-0,2
2023-11-08,Devils,Avalanche,3,6,home,3-6,9
2023-11-08,Flyers,Sharks,1,2,home,1-2,3
2023-11-09,Senators,Maple Leafs,6,3,away,6-3,9
2023-11-09,Panthers,Capitals,4,3,away,4-3,7
2023-11-09,Kings,Golden Knights,4,1,away,4-1,5
2023-11-10,Islanders,Bruins,2,5,home,2-5,7
2023-11-10,Canadiens,Red Wings,3,2,away,3-2,5
2023-11-10,Wild,Rangers,1,4,home,1-4,5
2023-11-10,Canucks,Senators,5,2,away,5-2,7
2023-11-10,Blackhawks,Lightning,5,3,away,5-3,8
2023-11-10,Stars,Blue Jackets,5,2,away,5-2,7
2023-11-10,Coyotes,Blues,1,2,home,1-2,3
2023-11-10,Predators,Jets,3,6,home,3-6,9
2023-11-10,Kraken,Avalanche,4,3,away,4-3,7
2023-11-10,Penguins,Kings,4,3,away,4-3,7
2023-11-10,Oilers,Sharks,2,3,home,2-3,5
2023-11-11,Wild,Sabres,2,3,home,2-3,5
2023-11-11,Hurricanes,Panthers,2,5,home,2-5,7
2023-11-11,Capitals,Devils,4,2,away,4-2,6
2023-11-11,Flames,Maple Leafs,4,5,home,4-5,9
2023-11-11,Flyers,Ducks,6,3,away,6-3,9
2023-11-11,Sharks,Golden Knights,0,5,home,0-5,5
2023-11-11,Blue Jackets,Red Wings,4,5,home,4-5,9
2023-11-11,Stars,Jets,3,2,away,3-2,5
2023-11-12,Bruins,Canadiens,2,3,home,2-3,5
2023-11-12,Flames,Senators,1,4,home,1-4,5
2023-11-12,Hurricanes,Lightning,4,0,away,4-0,4
2023-11-12,Canucks,Maple Leafs,2,5,home,2-5,7
2023-11-12,Capitals,Islanders,4,1,away,4-1,5
2023-11-12,Sabres,Penguins,0,4,home,0-4,4
2023-11-12,Coyotes,Predators,7,5,away,7-5,12
2023-11-12,Blues,Avalanche,8,2,away,8-2,10
2023-11-12,Oilers,Kraken,4,1,away,4-1,5
2023-11-12,Flyers,Kings,4,2,away,4-2,6
2023-11-12,Blackhawks,Panthers,3,4,home,3-4,7
2023-11-12,Stars,Wild,8,3,away,8-3,11
2023-11-13,Canucks,Canadiens,5,2,away,5-2,7
2023-11-13,Blue Jackets,Rangers,3,4,home,3-4,7
2023-11-13,Sharks,Ducks,1,4,home,1-4,5
2023-11-08,Sabres,Hurricanes,2,3,home,2-3,5
2023-11-08,Lightning,Canadiens,5,3,away,5-3,8
2023-11-08,Wild,Islanders,4,2,away,4-2,6
2023-11-08,Red Wings,Rangers,3,5,home,3-5,8
2023-11-08,Jets,Blues,5,2,away,5-2,7
2023-11-08,Kraken,Coyotes,3,4,home,3-4,7
2023-11-08,Predators,Flames,2,4,home,2-4,6
2023-11-08,Penguins,Ducks,2,0,away,2-0,2
2023-11-08,Devils,Avalanche,3,6,home,3-6,9
2023-11-08,Flyers,Sharks,1,2,home,1-2,3
2023-11-09,Senators,Maple Leafs,6,3,away,6-3,9
2023-11-09,Panthers,Capitals,4,3,away,4-3,7
2023-11-09,Kings,Golden Knights,4,1,away,4-1,5
2023-11-10,Islanders,Bruins,2,5,home,2-5,7
2023-11-10,Canadiens,Red Wings,3,2,away,3-2,5
2023-11-10,Wild,Rangers,1,4,home,1-4,5
2023-11-10,Canucks,Senators,5,2,away,5-2,7
2023-11-10,Blackhawks,Lightning,5,3,away,5-3,8
2023-11-10,Stars,Blue Jackets,5,2,away,5-2,7
2023-11-10,Coyotes,Blues,1,2,home,1-2,3
2023-11-10,Predators,Jets,3,6,home,3-6,9
2023-11-10,Kraken,Avalanche,4,3,away,4-3,7
2023-11-10,Penguins,Kings,4,3,away,4-3,7
2023-11-10,Oilers,Sharks,2,3,home,2-3,5
2023-11-11,Wild,Sabres,2,3,home,2-3,5
2023-11-11,Hurricanes,Panthers,2,5,home,2-5,7
2023-11-11,Capitals,Devils,4,2,away,4-2,6
2023-11-11,Flames,Maple Leafs,4,5,home,4-5,9
2023-11-11,Flyers,Ducks,6,3,away,6-3,9
2023-11-11,Sharks,Golden Knights,0,5,home,0-5,5
2023-11-11,Blue Jackets,Red Wings,4,5,home,4-5,9
2023-11-11,Stars,Jets,3,2,away,3-2,5
2023-11-12,Bruins,Canadiens,2,3,home,2-3,5
2023-11-12,Flames,Senators,1,4,home,1-4,5
2023-11-12,Hurricanes,Lightning,4,0,away,4-0,4
2023-11-12,Canucks,Maple Leafs,2,5,home,2-5,7
2023-11-12,Capitals,Islanders,4,1,away,4-1,5
2023-11-12,Sabres,Penguins,0,4,home,0-4,4
2023-11-12,Coyotes,Predators,7,5,away,7-5,12
2023-11-12,Blues,Avalanche,8,2,away,8-2,10
2023-11-12,Oilers,Kraken,4,1,away,4-1,5
2023-11-12,Flyers,Kings,4,2,away,4-2,6
2023-11-12,Blackhawks,Panthers,3,4,home,3-4,7
2023-11-12,Stars,Wild,8,3,away,8-3,11
2023-11-13,Canucks,Canadiens,5,2,away,5-2,7
2023-11-13,Blue Jackets,Rangers,3,4,home,3-4,7
2023-11-13,Sharks,Ducks,1,4,home,1-4,5
2023-11-14,Islanders,Oilers,1,4,home,1-4,5
2023-11-14,Avalanche,Kraken,5,1,away,5-1,6
2023-11-09,Senators,Maple Leafs,6,3,away,6-3,9
2023-11-09,Panthers,Capitals,4,3,away,4-3,7
2023-11-09,Kings,Golden Knights,4,1,away,4-1,5
2023-11-10,Islanders,Bruins,2,5,home,2-5,7
2023-11-10,Canadiens,Red Wings,3,2,away,3-2,5
2023-11-10,Wild,Rangers,1,4,home,1-4,5
2023-11-10,Canucks,Senators,5,2,away,5-2,7
2023-11-10,Blackhawks,Lightning,5,3,away,5-3,8
2023-11-10,Stars,Blue Jackets,5,2,away,5-2,7
2023-11-10,Coyotes,Blues,1,2,home,1-2,3
2023-11-10,Predators,Jets,3,6,home,3-6,9
2023-11-10,Kraken,Avalanche,4,3,away,4-3,7
2023-11-10,Penguins,Kings,4,3,away,4-3,7
2023-11-10,Oilers,Sharks,2,3,home,2-3,5
2023-11-11,Wild,Sabres,2,3,home,2-3,5
2023-11-11,Hurricanes,Panthers,2,5,home,2-5,7
2023-11-11,Capitals,Devils,4,2,away,4-2,6
2023-11-11,Flames,Maple Leafs,4,5,home,4-5,9
2023-11-11,Flyers,Ducks,6,3,away,6-3,9
2023-11-11,Sharks,Golden Knights,0,5,home,0-5,5
2023-11-11,Blue Jackets,Red Wings,4,5,home,4-5,9
2023-11-11,Stars,Jets,3,2,away,3-2,5
2023-11-12,Bruins,Canadiens,2,3,home,2-3,5
2023-11-12,Flames,Senators,1,4,home,1-4,5
2023-11-12,Hurricanes,Lightning,4,0,away,4-0,4
2023-11-12,Canucks,Maple Leafs,2,5,home,2-5,7
2023-11-12,Capitals,Islanders,4,1,away,4-1,5
2023-11-12,Sabres,Penguins,0,4,home,0-4,4
2023-11-12,Coyotes,Predators,7,5,away,7-5,12
2023-11-12,Blues,Avalanche,8,2,away,8-2,10
2023-11-12,Oilers,Kraken,4,1,away,4-1,5
2023-11-12,Flyers,Kings,4,2,away,4-2,6
2023-11-12,Blackhawks,Panthers,3,4,home,3-4,7
2023-11-12,Stars,Wild,8,3,away,8-3,11
2023-11-13,Canucks,Canadiens,5,2,away,5-2,7
2023-11-13,Blue Jackets,Rangers,3,4,home,3-4,7
2023-11-13,Sharks,Ducks,1,4,home,1-4,5
2023-11-14,Islanders,Oilers,1,4,home,1-4,5
2023-11-14,Avalanche,Kraken,5,1,away,5-1,6
2023-11-15,Bruins,Sabres,5,2,away,5-2,7
2023-11-15,Penguins,Blue Jackets,5,3,away,5-3,8
2023-11-15,Flames,Canadiens,2,1,away,2-1,3
2023-11-15,Golden Knights,Capitals,0,3,home,0-3,3
2023-11-15,Coyotes,Stars,3,4,home,3-4,7
2023-11-15,Ducks,Predators,3,2,away,3-2,5
2023-11-15,Lightning,Blues,0,5,home,0-5,5
2023-11-15,Devils,Jets,3,6,home,3-6,9
2023-11-15,Panthers,Sharks,5,3,away,5-3,8
2023-11-10,Islanders,Bruins,2,5,home,2-5,7
2023-11-10,Canadiens,Red Wings,3,2,away,3-2,5
2023-11-10,Wild,Rangers,1,4,home,1-4,5
2023-11-10,Canucks,Senators,5,2,away,5-2,7
2023-11-10,Blackhawks,Lightning,5,3,away,5-3,8
2023-11-10,Stars,Blue Jackets,5,2,away,5-2,7
2023-11-10,Coyotes,Blues,1,2,home,1-2,3
2023-11-10,Predators,Jets,3,6,home,3-6,9
2023-11-10,Kraken,Avalanche,4,3,away,4-3,7
2023-11-10,Penguins,Kings,4,3,away,4-3,7
2023-11-10,Oilers,Sharks,2,3,home,2-3,5
2023-11-11,Wild,Sabres,2,3,home,2-3,5
2023-11-11,Hurricanes,Panthers,2,5,home,2-5,7
2023-11-11,Capitals,Devils,4,2,away,4-2,6
2023-11-11,Flames,Maple Leafs,4,5,home,4-5,9
2023-11-11,Flyers,Ducks,6,3,away,6-3,9
2023-11-11,Sharks,Golden Knights,0,5,home,0-5,5
2023-11-11,Blue Jackets,Red Wings,4,5,home,4-5,9
2023-11-11,Stars,Jets,3,2,away,3-2,5
2023-11-12,Bruins,Canadiens,2,3,home,2-3,5
2023-11-12,Flames,Senators,1,4,home,1-4,5
2023-11-12,Hurricanes,Lightning,4,0,away,4-0,4
2023-11-12,Canucks,Maple Leafs,2,5,home,2-5,7
2023-11-12,Capitals,Islanders,4,1,away,4-1,5
2023-11-12,Sabres,Penguins,0,4,home,0-4,4
2023-11-12,Coyotes,Predators,7,5,away,7-5,12
2023-11-12,Blues,Avalanche,8,2,away,8-2,10
2023-11-12,Oilers,Kraken,4,1,away,4-1,5
2023-11-12,Flyers,Kings,4,2,away,4-2,6
2023-11-12,Blackhawks,Panthers,3,4,home,3-4,7
2023-11-12,Stars,Wild,8,3,away,8-3,11
2023-11-13,Canucks,Canadiens,5,2,away,5-2,7
2023-11-13,Blue Jackets,Rangers,3,4,home,3-4,7
2023-11-13,Sharks,Ducks,1,4,home,1-4,5
2023-11-14,Islanders,Oilers,1,4,home,1-4,5
2023-11-14,Avalanche,Kraken,5,1,away,5-1,6
2023-11-15,Bruins,Sabres,5,2,away,5-2,7
2023-11-15,Penguins,Blue Jackets,5,3,away,5-3,8
2023-11-15,Flames,Canadiens,2,1,away,2-1,3
2023-11-15,Golden Knights,Capitals,0,3,home,0-3,3
2023-11-15,Coyotes,Stars,3,4,home,3-4,7
2023-11-15,Ducks,Predators,3,2,away,3-2,5
2023-11-15,Lightning,Blues,0,5,home,0-5,5
2023-11-15,Devils,Jets,3,6,home,3-6,9
2023-11-15,Panthers,Sharks,5,3,away,5-3,8
2023-11-16,Flyers,Hurricanes,3,1,away,3-1,4
2023-11-16,Kraken,Oilers,3,4,home,3-4,7
2023-11-16,Ducks,Avalanche,2,8,home,2-8,10
2023-11-16,Islanders,Canucks,3,4,home,3-4,7
2023-11-11,Wild,Sabres,2,3,home,2-3,5
2023-11-11,Hurricanes,Panthers,2,5,home,2-5,7
2023-11-11,Capitals,Devils,4,2,away,4-2,6
2023-11-11,Flames,Maple Leafs,4,5,home,4-5,9
2023-11-11,Flyers,Ducks,6,3,away,6-3,9
2023-11-11,Sharks,Golden Knights,0,5,home,0-5,5
2023-11-11,Blue Jackets,Red Wings,4,5,home,4-5,9
2023-11-11,Stars,Jets,3,2,away,3-2,5
2023-11-12,Bruins,Canadiens,2,3,home,2-3,5
2023-11-12,Flames,Senators,1,4,home,1-4,5
2023-11-12,Hurricanes,Lightning,4,0,away,4-0,4
2023-11-12,Canucks,Maple Leafs,2,5,home,2-5,7
2023-11-12,Capitals,Islanders,4,1,away,4-1,5
2023-11-12,Sabres,Penguins,0,4,home,0-4,4
2023-11-12,Coyotes,Predators,7,5,away,7-5,12
2023-11-12,Blues,Avalanche,8,2,away,8-2,10
2023-11-12,Oilers,Kraken,4,1,away,4-1,5
2023-11-12,Flyers,Kings,4,2,away,4-2,6
2023-11-12,Blackhawks,Panthers,3,4,home,3-4,7
2023-11-12,Stars,Wild,8,3,away,8-3,11
2023-11-13,Canucks,Canadiens,5,2,away,5-2,7
2023-11-13,Blue Jackets,Rangers,3,4,home,3-4,7
2023-11-13,Sharks,Ducks,1,4,home,1-4,5
2023-11-14,Islanders,Oilers,1,4,home,1-4,5
2023-11-14,Avalanche,Kraken,5,1,away,5-1,6
2023-11-15,Bruins,Sabres,5,2,away,5-2,7
2023-11-15,Penguins,Blue Jackets,5,3,away,5-3,8
2023-11-15,Flames,Canadiens,2,1,away,2-1,3
2023-11-15,Golden Knights,Capitals,0,3,home,0-3,3
2023-11-15,Coyotes,Stars,3,4,home,3-4,7
2023-11-15,Ducks,Predators,3,2,away,3-2,5
2023-11-15,Lightning,Blues,0,5,home,0-5,5
2023-11-15,Devils,Jets,3,6,home,3-6,9
2023-11-15,Panthers,Sharks,5,3,away,5-3,8
2023-11-16,Flyers,Hurricanes,3,1,away,3-1,4
2023-11-16,Kraken,Oilers,3,4,home,3-4,7
2023-11-16,Ducks,Avalanche,2,8,home,2-8,10
2023-11-16,Islanders,Canucks,3,4,home,3-4,7
2023-11-16,Red Wings,Senators,4,5,home,4-5,9
2023-11-17,Coyotes,Blue Jackets,3,2,away,3-2,5
2023-11-17,Golden Knights,Canadiens,6,5,away,6-5,11
2023-11-17,Devils,Penguins,5,2,away,5-2,7
2023-11-17,Lightning,Blackhawks,4,2,away,4-2,6
2023-11-17,Canucks,Flames,2,5,home,2-5,7
2023-11-17,Islanders,Kraken,3,4,home,3-4,7
2023-11-17,Panthers,Kings,1,2,home,1-2,3
2023-11-17,Blues,Sharks,1,5,home,1-5,6
2023-11-11,Blue Jackets,Red Wings,4,5,home,4-5,9
2023-11-11,Stars,Jets,3,2,away,3-2,5
2023-11-12,Bruins,Canadiens,2,3,home,2-3,5
2023-11-12,Flames,Senators,1,4,home,1-4,5
2023-11-12,Hurricanes,Lightning,4,0,away,4-0,4
2023-11-12,Canucks,Maple Leafs,2,5,home,2-5,7
2023-11-12,Capitals,Islanders,4,1,away,4-1,5
2023-11-12,Sabres,Penguins,0,4,home,0-4,4
2023-11-12,Coyotes,Predators,7,5,away,7-5,12
2023-11-12,Blues,Avalanche,8,2,away,8-2,10
2023-11-12,Oilers,Kraken,4,1,away,4-1,5
2023-11-12,Flyers,Kings,4,2,away,4-2,6
2023-11-12,Blackhawks,Panthers,3,4,home,3-4,7
2023-11-12,Stars,Wild,8,3,away,8-3,11
2023-11-13,Canucks,Canadiens,5,2,away,5-2,7
2023-11-13,Blue Jackets,Rangers,3,4,home,3-4,7
2023-11-13,Sharks,Ducks,1,4,home,1-4,5
2023-11-14,Islanders,Oilers,1,4,home,1-4,5
2023-11-14,Avalanche,Kraken,5,1,away,5-1,6
2023-11-15,Bruins,Sabres,5,2,away,5-2,7
2023-11-15,Penguins,Blue Jackets,5,3,away,5-3,8
2023-11-15,Flames,Canadiens,2,1,away,2-1,3
2023-11-15,Golden Knights,Capitals,0,3,home,0-3,3
2023-11-15,Coyotes,Stars,3,4,home,3-4,7
2023-11-15,Ducks,Predators,3,2,away,3-2,5
2023-11-15,Lightning,Blues,0,5,home,0-5,5
2023-11-15,Devils,Jets,3,6,home,3-6,9
2023-11-15,Panthers,Sharks,5,3,away,5-3,8
2023-11-16,Flyers,Hurricanes,3,1,away,3-1,4
2023-11-16,Kraken,Oilers,3,4,home,3-4,7
2023-11-16,Ducks,Avalanche,2,8,home,2-8,10
2023-11-16,Islanders,Canucks,3,4,home,3-4,7
2023-11-16,Red Wings,Senators,4,5,home,4-5,9
2023-11-17,Coyotes,Blue Jackets,3,2,away,3-2,5
2023-11-17,Golden Knights,Canadiens,6,5,away,6-5,11
2023-11-17,Devils,Penguins,5,2,away,5-2,7
2023-11-17,Lightning,Blackhawks,4,2,away,4-2,6
2023-11-17,Canucks,Flames,2,5,home,2-5,7
2023-11-17,Islanders,Kraken,3,4,home,3-4,7
2023-11-17,Panthers,Kings,1,2,home,1-2,3
2023-11-17,Blues,Sharks,1,5,home,1-5,6
2023-11-17,Maple Leafs,Red Wings,3,2,away,3-2,5
2023-11-18,Sabres,Jets,2,3,home,2-3,5
2023-11-18,Panthers,Ducks,2,1,away,2-1,3
2023-11-12,Blackhawks,Panthers,3,4,home,3-4,7
2023-11-12,Stars,Wild,8,3,away,8-3,11
2023-11-13,Canucks,Canadiens,5,2,away,5-2,7
2023-11-13,Blue Jackets,Rangers,3,4,home,3-4,7
2023-11-13,Sharks,Ducks,1,4,home,1-4,5
2023-11-14,Islanders,Oilers,1,4,home,1-4,5
2023-11-14,Avalanche,Kraken,5,1,away,5-1,6
2023-11-15,Bruins,Sabres,5,2,away,5-2,7
2023-11-15,Penguins,Blue Jackets,5,3,away,5-3,8
2023-11-15,Flames,Canadiens,2,1,away,2-1,3
2023-11-15,Golden Knights,Capitals,0,3,home,0-3,3
2023-11-15,Coyotes,Stars,3,4,home,3-4,7
2023-11-15,Ducks,Predators,3,2,away,3-2,5
2023-11-15,Lightning,Blues,0,5,home,0-5,5
2023-11-15,Devils,Jets,3,6,home,3-6,9
2023-11-15,Panthers,Sharks,5,3,away,5-3,8
2023-11-16,Flyers,Hurricanes,3,1,away,3-1,4
2023-11-16,Kraken,Oilers,3,4,home,3-4,7
2023-11-16,Ducks,Avalanche,2,8,home,2-8,10
2023-11-16,Islanders,Canucks,3,4,home,3-4,7
2023-11-16,Red Wings,Senators,4,5,home,4-5,9
2023-11-17,Coyotes,Blue Jackets,3,2,away,3-2,5
2023-11-17,Golden Knights,Canadiens,6,5,away,6-5,11
2023-11-17,Devils,Penguins,5,2,away,5-2,7
2023-11-17,Lightning,Blackhawks,4,2,away,4-2,6
2023-11-17,Canucks,Flames,2,5,home,2-5,7
2023-11-17,Islanders,Kraken,3,4,home,3-4,7
2023-11-17,Panthers,Kings,1,2,home,1-2,3
2023-11-17,Blues,Sharks,1,5,home,1-5,6
2023-11-17,Maple Leafs,Red Wings,3,2,away,3-2,5
2023-11-18,Sabres,Jets,2,3,home,2-3,5
2023-11-18,Panthers,Ducks,2,1,away,2-1,3
2023-11-18,Wild,Senators,1,2,home,1-2,3
2023-11-18,Golden Knights,Flyers,3,4,home,3-4,7
2023-11-18,Blackhawks,Predators,2,4,home,2-4,6
2023-11-18,Oilers,Lightning,4,6,home,4-6,10
2023-11-19,Canadiens,Bruins,2,5,home,2-5,7
2023-11-19,Penguins,Hurricanes,2,4,home,2-4,6
2023-11-19,Islanders,Flames,5,4,away,5-4,9
2023-11-19,Rangers,Devils,5,3,away,5-3,8
2023-11-19,Coyotes,Jets,2,5,home,2-5,7
2023-11-19,Blue Jackets,Capitals,3,4,home,3-4,7
2023-11-19,Avalanche,Stars,6,3,away,6-3,9
2023-11-19,Kraken,Canucks,4,3,away,4-3,7
2023-11-19,Blues,Kings,1,5,home,1-5,6
2023-11-14,Islanders,Oilers,1,4,home,1-4,5
2023-11-14,Avalanche,Kraken,5,1,away,5-1,6
2023-11-15,Bruins,Sabres,5,2,away,5-2,7
2023-11-15,Penguins,Blue Jackets,5,3,away,5-3,8
2023-11-15,Flames,Canadiens,2,1,away,2-1,3
2023-11-15,Golden Knights,Capitals,0,3,home,0-3,3
2023-11-15,Coyotes,Stars,3,4,home,3-4,7
2023-11-15,Ducks,Predators,3,2,away,3-2,5
2023-11-15,Lightning,Blues,0,5,home,0-5,5
2023-11-15,Devils,Jets,3,6,home,3-6,9
2023-11-15,Panthers,Sharks,5,3,away,5-3,8
2023-11-16,Flyers,Hurricanes,3,1,away,3-1,4
2023-11-16,Kraken,Oilers,3,4,home,3-4,7
2023-11-16,Ducks,Avalanche,2,8,home,2-8,10
2023-11-16,Islanders,Canucks,3,4,home,3-4,7
2023-11-16,Red Wings,Senators,4,5,home,4-5,9
2023-11-17,Coyotes,Blue Jackets,3,2,away,3-2,5
2023-11-17,Golden Knights,Canadiens,6,5,away,6-5,11
2023-11-17,Devils,Penguins,5,2,away,5-2,7
2023-11-17,Lightning,Blackhawks,4,2,away,4-2,6
2023-11-17,Canucks,Flames,2,5,home,2-5,7
2023-11-17,Islanders,Kraken,3,4,home,3-4,7
2023-11-17,Panthers,Kings,1,2,home,1-2,3
2023-11-17,Blues,Sharks,1,5,home,1-5,6
2023-11-17,Maple Leafs,Red Wings,3,2,away,3-2,5
2023-11-18,Sabres,Jets,2,3,home,2-3,5
2023-11-18,Panthers,Ducks,2,1,away,2-1,3
2023-11-18,Wild,Senators,1,2,home,1-2,3
2023-11-18,Golden Knights,Flyers,3,4,home,3-4,7
2023-11-18,Blackhawks,Predators,2,4,home,2-4,6
2023-11-18,Oilers,Lightning,4,6,home,4-6,10
2023-11-19,Canadiens,Bruins,2,5,home,2-5,7
2023-11-19,Penguins,Hurricanes,2,4,home,2-4,6
2023-11-19,Islanders,Flames,5,4,away,5-4,9
2023-11-19,Rangers,Devils,5,3,away,5-3,8
2023-11-19,Coyotes,Jets,2,5,home,2-5,7
2023-11-19,Blue Jackets,Capitals,3,4,home,3-4,7
2023-11-19,Avalanche,Stars,6,3,away,6-3,9
2023-11-19,Kraken,Canucks,4,3,away,4-3,7
2023-11-19,Blues,Kings,1,5,home,1-5,6
2023-11-19,Maple Leafs,Wild,4,3,away,4-3,7
2023-11-19,Blue Jackets,Flyers,2,5,home,2-5,7
2023-11-19,Golden Knights,Penguins,0,3,home,0-3,3
2023-11-20,Sabres,Blackhawks,3,2,away,3-2,5
2023-11-20,Blues,Ducks,3,1,away,3-1,4
2023-11-15,Bruins,Sabres,5,2,away,5-2,7
2023-11-15,Penguins,Blue Jackets,5,3,away,5-3,8
2023-11-15,Flames,Canadiens,2,1,away,2-1,3
2023-11-15,Golden Knights,Capitals,0,3,home,0-3,3
2023-11-15,Coyotes,Stars,3,4,home,3-4,7
2023-11-15,Ducks,Predators,3,2,away,3-2,5
2023-11-15,Lightning,Blues,0,5,home,0-5,5
2023-11-15,Devils,Jets,3,6,home,3-6,9
2023-11-15,Panthers,Sharks,5,3,away,5-3,8
2023-11-16,Flyers,Hurricanes,3,1,away,3-1,4
2023-11-16,Kraken,Oilers,3,4,home,3-4,7
2023-11-16,Ducks,Avalanche,2,8,home,2-8,10
2023-11-16,Islanders,Canucks,3,4,home,3-4,7
2023-11-16,Red Wings,Senators,4,5,home,4-5,9
2023-11-17,Coyotes,Blue Jackets,3,2,away,3-2,5
2023-11-17,Golden Knights,Canadiens,6,5,away,6-5,11
2023-11-17,Devils,Penguins,5,2,away,5-2,7
2023-11-17,Lightning,Blackhawks,4,2,away,4-2,6
2023-11-17,Canucks,Flames,2,5,home,2-5,7
2023-11-17,Islanders,Kraken,3,4,home,3-4,7
2023-11-17,Panthers,Kings,1,2,home,1-2,3
2023-11-17,Blues,Sharks,1,5,home,1-5,6
2023-11-17,Maple Leafs,Red Wings,3,2,away,3-2,5
2023-11-18,Sabres,Jets,2,3,home,2-3,5
2023-11-18,Panthers,Ducks,2,1,away,2-1,3
2023-11-18,Wild,Senators,1,2,home,1-2,3
2023-11-18,Golden Knights,Flyers,3,4,home,3-4,7
2023-11-18,Blackhawks,Predators,2,4,home,2-4,6
2023-11-18,Oilers,Lightning,4,6,home,4-6,10
2023-11-19,Canadiens,Bruins,2,5,home,2-5,7
2023-11-19,Penguins,Hurricanes,2,4,home,2-4,6
2023-11-19,Islanders,Flames,5,4,away,5-4,9
2023-11-19,Rangers,Devils,5,3,away,5-3,8
2023-11-19,Coyotes,Jets,2,5,home,2-5,7
2023-11-19,Blue Jackets,Capitals,3,4,home,3-4,7
2023-11-19,Avalanche,Stars,6,3,away,6-3,9
2023-11-19,Kraken,Canucks,4,3,away,4-3,7
2023-11-19,Blues,Kings,1,5,home,1-5,6
2023-11-19,Maple Leafs,Wild,4,3,away,4-3,7
2023-11-19,Blue Jackets,Flyers,2,5,home,2-5,7
2023-11-19,Golden Knights,Penguins,0,3,home,0-3,3
2023-11-20,Sabres,Blackhawks,3,2,away,3-2,5
2023-11-20,Blues,Ducks,3,1,away,3-1,4
2023-11-21,Oilers,Panthers,3,5,home,3-5,8
2023-11-21,Bruins,Lightning,4,5,home,4-5,9
2023-11-21,Rangers,Stars,3,6,home,3-6,9
2023-11-21,Avalanche,Predators,3,4,home,3-4,7
2023-11-21,Kings,Coyotes,4,1,away,4-1,5
2023-11-21,Flames,Kraken,4,3,away,4-3,7
2023-11-21,Sharks,Canucks,1,3,home,1-3,4
2023-11-16,Flyers,Hurricanes,3,1,away,3-1,4
2023-11-16,Kraken,Oilers,3,4,home,3-4,7
2023-11-16,Ducks,Avalanche,2,8,home,2-8,10
2023-11-16,Islanders,Canucks,3,4,home,3-4,7
2023-11-16,Red Wings,Senators,4,5,home,4-5,9
2023-11-17,Coyotes,Blue Jackets,3,2,away,3-2,5
2023-11-17,Golden Knights,Canadiens,6,5,away,6-5,11
2023-11-17,Devils,Penguins,5,2,away,5-2,7
2023-11-17,Lightning,Blackhawks,4,2,away,4-2,6
2023-11-17,Canucks,Flames,2,5,home,2-5,7
2023-11-17,Islanders,Kraken,3,4,home,3-4,7
2023-11-17,Panthers,Kings,1,2,home,1-2,3
2023-11-17,Blues,Sharks,1,5,home,1-5,6
2023-11-17,Maple Leafs,Red Wings,3,2,away,3-2,5
2023-11-18,Sabres,Jets,2,3,home,2-3,5
2023-11-18,Panthers,Ducks,2,1,away,2-1,3
2023-11-18,Wild,Senators,1,2,home,1-2,3
2023-11-18,Golden Knights,Flyers,3,4,home,3-4,7
2023-11-18,Blackhawks,Predators,2,4,home,2-4,6
2023-11-18,Oilers,Lightning,4,6,home,4-6,10
2023-11-19,Canadiens,Bruins,2,5,home,2-5,7
2023-11-19,Penguins,Hurricanes,2,4,home,2-4,6
2023-11-19,Islanders,Flames,5,4,away,5-4,9
2023-11-19,Rangers,Devils,5,3,away,5-3,8
2023-11-19,Coyotes,Jets,2,5,home,2-5,7
2023-11-19,Blue Jackets,Capitals,3,4,home,3-4,7
2023-11-19,Avalanche,Stars,6,3,away,6-3,9
2023-11-19,Kraken,Canucks,4,3,away,4-3,7
2023-11-19,Blues,Kings,1,5,home,1-5,6
2023-11-19,Maple Leafs,Wild,4,3,away,4-3,7
2023-11-19,Blue Jackets,Flyers,2,5,home,2-5,7
2023-11-19,Golden Knights,Penguins,0,3,home,0-3,3
2023-11-20,Sabres,Blackhawks,3,2,away,3-2,5
2023-11-20,Blues,Ducks,3,1,away,3-1,4
2023-11-21,Oilers,Panthers,3,5,home,3-5,8
2023-11-21,Bruins,Lightning,4,5,home,4-5,9
2023-11-21,Rangers,Stars,3,6,home,3-6,9
2023-11-21,Avalanche,Predators,3,4,home,3-4,7
2023-11-21,Kings,Coyotes,4,1,away,4-1,5
2023-11-21,Flames,Kraken,4,3,away,4-3,7
2023-11-21,Sharks,Canucks,1,3,home,1-3,4
2023-11-16,Red Wings,Senators,4,5,home,4-5,9
2023-11-17,Coyotes,Blue Jackets,3,2,away,3-2,5
2023-11-17,Golden Knights,Canadiens,6,5,away,6-5,11
2023-11-17,Devils,Penguins,5,2,away,5-2,7
2023-11-17,Lightning,Blackhawks,4,2,away,4-2,6
2023-11-17,Canucks,Flames,2,5,home,2-5,7
2023-11-17,Islanders,Kraken,3,4,home,3-4,7
2023-11-17,Panthers,Kings,1,2,home,1-2,3
2023-11-17,Blues,Sharks,1,5,home,1-5,6
2023-11-17,Maple Leafs,Red Wings,3,2,away,3-2,5
2023-11-18,Sabres,Jets,2,3,home,2-3,5
2023-11-18,Panthers,Ducks,2,1,away,2-1,3
2023-11-18,Wild,Senators,1,2,home,1-2,3
2023-11-18,Golden Knights,Flyers,3,4,home,3-4,7
2023-11-18,Blackhawks,Predators,2,4,home,2-4,6
2023-11-18,Oilers,Lightning,4,6,home,4-6,10
2023-11-19,Canadiens,Bruins,2,5,home,2-5,7
2023-11-19,Penguins,Hurricanes,2,4,home,2-4,6
2023-11-19,Islanders,Flames,5,4,away,5-4,9
2023-11-19,Rangers,Devils,5,3,away,5-3,8
2023-11-19,Coyotes,Jets,2,5,home,2-5,7
2023-11-19,Blue Jackets,Capitals,3,4,home,3-4,7
2023-11-19,Avalanche,Stars,6,3,away,6-3,9
2023-11-19,Kraken,Canucks,4,3,away,4-3,7
2023-11-19,Blues,Kings,1,5,home,1-5,6
2023-11-19,Maple Leafs,Wild,4,3,away,4-3,7
2023-11-19,Blue Jackets,Flyers,2,5,home,2-5,7
2023-11-19,Golden Knights,Penguins,0,3,home,0-3,3
2023-11-20,Sabres,Blackhawks,3,2,away,3-2,5
2023-11-20,Blues,Ducks,3,1,away,3-1,4
2023-11-21,Oilers,Panthers,3,5,home,3-5,8
2023-11-21,Bruins,Lightning,4,5,home,4-5,9
2023-11-21,Rangers,Stars,3,6,home,3-6,9
2023-11-21,Avalanche,Predators,3,4,home,3-4,7
2023-11-21,Kings,Coyotes,4,1,away,4-1,5
2023-11-21,Flames,Kraken,4,3,away,4-3,7
2023-11-21,Sharks,Canucks,1,3,home,1-3,4
2023-11-23,Oilers,Hurricanes,3,6,home,3-6,9
2023-11-23,Blackhawks,Blue Jackets,3,7,home,3-7,10
2023-11-23,Devils,Red Wings,0,4,home,0-4,4
2023-11-23,Bruins,Panthers,3,1,away,3-1,4
2023-11-23,Rangers,Penguins,1,0,away,1-0,1
2023-11-23,Jets,Lightning,3,2,away,3-2,5
2023-11-23,Sabres,Capitals,3,4,home,3-4,7
2023-11-23,Flyers,Islanders,2,3,home,2-3,5
2023-11-23,Blues,Coyotes,6,5,away,6-5,11
2023-11-23,Flames,Predators,2,4,home,2-4,6
2023-11-23,Golden Knights,Stars,2,1,away,2-1,3
2023-11-23,Canadiens,Ducks,4,3,away,4-3,7
2023-11-23,Canucks,Avalanche,2,5,home,2-5,7
2023-11-23,Sharks,Kraken,1,7,home,1-7,8
2023-11-17,Maple Leafs,Red Wings,3,2,away,3-2,5
2023-11-18,Sabres,Jets,2,3,home,2-3,5
2023-11-18,Panthers,Ducks,2,1,away,2-1,3
2023-11-18,Wild,Senators,1,2,home,1-2,3
2023-11-18,Golden Knights,Flyers,3,4,home,3-4,7
2023-11-18,Blackhawks,Predators,2,4,home,2-4,6
2023-11-18,Oilers,Lightning,4,6,home,4-6,10
2023-11-19,Canadiens,Bruins,2,5,home,2-5,7
2023-11-19,Penguins,Hurricanes,2,4,home,2-4,6
2023-11-19,Islanders,Flames,5,4,away,5-4,9
2023-11-19,Rangers,Devils,5,3,away,5-3,8
2023-11-19,Coyotes,Jets,2,5,home,2-5,7
2023-11-19,Blue Jackets,Capitals,3,4,home,3-4,7
2023-11-19,Avalanche,Stars,6,3,away,6-3,9
2023-11-19,Kraken,Canucks,4,3,away,4-3,7
2023-11-19,Blues,Kings,1,5,home,1-5,6
2023-11-19,Maple Leafs,Wild,4,3,away,4-3,7
2023-11-19,Blue Jackets,Flyers,2,5,home,2-5,7
2023-11-19,Golden Knights,Penguins,0,3,home,0-3,3
2023-11-20,Sabres,Blackhawks,3,2,away,3-2,5
2023-11-20,Blues,Ducks,3,1,away,3-1,4
2023-11-21,Oilers,Panthers,3,5,home,3-5,8
2023-11-21,Bruins,Lightning,4,5,home,4-5,9
2023-11-21,Rangers,Stars,3,6,home,3-6,9
2023-11-21,Avalanche,Predators,3,4,home,3-4,7
2023-11-21,Kings,Coyotes,4,1,away,4-1,5
2023-11-21,Flames,Kraken,4,3,away,4-3,7
2023-11-21,Sharks,Canucks,1,3,home,1-3,4
2023-11-23,Oilers,Hurricanes,3,6,home,3-6,9
2023-11-23,Blackhawks,Blue Jackets,3,7,home,3-7,10
2023-11-23,Devils,Red Wings,0,4,home,0-4,4
2023-11-23,Bruins,Panthers,3,1,away,3-1,4
2023-11-23,Rangers,Penguins,1,0,away,1-0,1
2023-11-23,Jets,Lightning,3,2,away,3-2,5
2023-11-23,Sabres,Capitals,3,4,home,3-4,7
2023-11-23,Flyers,Islanders,2,3,home,2-3,5
2023-11-23,Blues,Coyotes,6,5,away,6-5,11
2023-11-23,Flames,Predators,2,4,home,2-4,6
2023-11-23,Golden Knights,Stars,2,1,away,2-1,3
2023-11-23,Canadiens,Ducks,4,3,away,4-3,7
2023-11-23,Canucks,Avalanche,2,5,home,2-5,7
2023-11-23,Sharks,Kraken,1,7,home,1-7,8
2023-11-18,Wild,Senators,1,2,home,1-2,3
2023-11-18,Golden Knights,Flyers,3,4,home,3-4,7
2023-11-18,Blackhawks,Predators,2,4,home,2-4,6
2023-11-18,Oilers,Lightning,4,6,home,4-6,10
2023-11-19,Canadiens,Bruins,2,5,home,2-5,7
2023-11-19,Penguins,Hurricanes,2,4,home,2-4,6
2023-11-19,Islanders,Flames,5,4,away,5-4,9
2023-11-19,Rangers,Devils,5,3,away,5-3,8
2023-11-19,Coyotes,Jets,2,5,home,2-5,7
2023-11-19,Blue Jackets,Capitals,3,4,home,3-4,7
2023-11-19,Avalanche,Stars,6,3,away,6-3,9
2023-11-19,Kraken,Canucks,4,3,away,4-3,7
2023-11-19,Blues,Kings,1,5,home,1-5,6
2023-11-19,Maple Leafs,Wild,4,3,away,4-3,7
2023-11-19,Blue Jackets,Flyers,2,5,home,2-5,7
2023-11-19,Golden Knights,Penguins,0,3,home,0-3,3
2023-11-20,Sabres,Blackhawks,3,2,away,3-2,5
2023-11-20,Blues,Ducks,3,1,away,3-1,4
2023-11-21,Oilers,Panthers,3,5,home,3-5,8
2023-11-21,Bruins,Lightning,4,5,home,4-5,9
2023-11-21,Rangers,Stars,3,6,home,3-6,9
2023-11-21,Avalanche,Predators,3,4,home,3-4,7
2023-11-21,Kings,Coyotes,4,1,away,4-1,5
2023-11-21,Flames,Kraken,4,3,away,4-3,7
2023-11-21,Sharks,Canucks,1,3,home,1-3,4
2023-11-23,Oilers,Hurricanes,3,6,home,3-6,9
2023-11-23,Blackhawks,Blue Jackets,3,7,home,3-7,10
2023-11-23,Devils,Red Wings,0,4,home,0-4,4
2023-11-23,Bruins,Panthers,3,1,away,3-1,4
2023-11-23,Rangers,Penguins,1,0,away,1-0,1
2023-11-23,Jets,Lightning,3,2,away,3-2,5
2023-11-23,Sabres,Capitals,3,4,home,3-4,7
2023-11-23,Flyers,Islanders,2,3,home,2-3,5
2023-11-23,Blues,Coyotes,6,5,away,6-5,11
2023-11-23,Flames,Predators,2,4,home,2-4,6
2023-11-23,Golden Knights,Stars,2,1,away,2-1,3
2023-11-23,Canadiens,Ducks,4,3,away,4-3,7
2023-11-23,Canucks,Avalanche,2,5,home,2-5,7
2023-11-23,Sharks,Kraken,1,7,home,1-7,8
2023-11-24,Red Wings,Bruins,5,2,away,5-2,7
2023-11-24,Rangers,Flyers,3,1,away,3-1,4
2023-11-24,Maple Leafs,Blackhawks,3,4,home,3-4,7
2023-11-24,Blue Jackets,Devils,2,1,away,2-1,3
2023-11-24,Predators,Blues,8,3,away,8-3,11
2023-11-24,Oilers,Capitals,5,0,away,5-0,5
2023-11-24,Kings,Ducks,5,2,away,5-2,7
2023-11-24,Canadiens,Sharks,3,2,away,3-2,5
2023-11-24,Penguins,Sabres,2,3,home,2-3,5
2023-11-25,Islanders,Senators,5,3,away,5-3,8
2023-11-25,Lightning,Hurricanes,8,2,away,8-2,10
2023-11-25,Jets,Panthers,3,0,away,3-0,3
2023-11-25,Flames,Stars,7,4,away,7-4,11
2023-11-25,Avalanche,Wild,3,2,away,3-2,5
2023-11-25,Canucks,Kraken,5,1,away,5-1,6
2023-11-19,Maple Leafs,Wild,4,3,away,4-3,7
2023-11-19,Blue Jackets,Flyers,2,5,home,2-5,7
2023-11-19,Golden Knights,Penguins,0,3,home,0-3,3
2023-11-20,Sabres,Blackhawks,3,2,away,3-2,5
2023-11-20,Blues,Ducks,3,1,away,3-1,4
2023-11-21,Oilers,Panthers,3,5,home,3-5,8
2023-11-21,Bruins,Lightning,4,5,home,4-5,9
2023-11-21,Rangers,Stars,3,6,home,3-6,9
2023-11-21,Avalanche,Predators,3,4,home,3-4,7
2023-11-21,Kings,Coyotes,4,1,away,4-1,5
2023-11-21,Flames,Kraken,4,3,away,4-3,7
2023-11-21,Sharks,Canucks,1,3,home,1-3,4
2023-11-23,Oilers,Hurricanes,3,6,home,3-6,9
2023-11-23,Blackhawks,Blue Jackets,3,7,home,3-7,10
2023-11-23,Devils,Red Wings,0,4,home,0-4,4
2023-11-23,Bruins,Panthers,3,1,away,3-1,4
2023-11-23,Rangers,Penguins,1,0,away,1-0,1
2023-11-23,Jets,Lightning,3,2,away,3-2,5
2023-11-23,Sabres,Capitals,3,4,home,3-4,7
2023-11-23,Flyers,Islanders,2,3,home,2-3,5
2023-11-23,Blues,Coyotes,6,5,away,6-5,11
2023-11-23,Flames,Predators,2,4,home,2-4,6
2023-11-23,Golden Knights,Stars,2,1,away,2-1,3
2023-11-23,Canadiens,Ducks,4,3,away,4-3,7
2023-11-23,Canucks,Avalanche,2,5,home,2-5,7
2023-11-23,Sharks,Kraken,1,7,home,1-7,8
2023-11-24,Red Wings,Bruins,5,2,away,5-2,7
2023-11-24,Rangers,Flyers,3,1,away,3-1,4
2023-11-24,Maple Leafs,Blackhawks,3,4,home,3-4,7
2023-11-24,Blue Jackets,Devils,2,1,away,2-1,3
2023-11-24,Predators,Blues,8,3,away,8-3,11
2023-11-24,Oilers,Capitals,5,0,away,5-0,5
2023-11-24,Kings,Ducks,5,2,away,5-2,7
2023-11-24,Canadiens,Sharks,3,2,away,3-2,5
2023-11-24,Penguins,Sabres,2,3,home,2-3,5
2023-11-25,Islanders,Senators,5,3,away,5-3,8
2023-11-25,Lightning,Hurricanes,8,2,away,8-2,10
2023-11-25,Jets,Panthers,3,0,away,3-0,3
2023-11-25,Flames,Stars,7,4,away,7-4,11
2023-11-25,Avalanche,Wild,3,2,away,3-2,5
2023-11-25,Canucks,Kraken,5,1,away,5-1,6
2023-11-25,Bruins,Rangers,4,7,home,4-7,11
2023-11-25,Canadiens,Kings,0,4,home,0-4,4
2023-11-26,Sabres,Devils,2,7,home,2-7,9
2023-11-26,Maple Leafs,Penguins,2,3,home,2-3,5
2023-11-26,Flyers,Islanders,1,0,away,1-0,1
2023-11-26,Flames,Avalanche,1,3,home,1-3,4
2023-11-26,Canucks,Sharks,3,4,home,3-4,7
2023-11-26,Coyotes,Golden Knights,2,0,away,2-0,2
2023-11-21,Oilers,Panthers,3,5,home,3-5,8
2023-11-21,Bruins,Lightning,4,5,home,4-5,9
2023-11-21,Rangers,Stars,3,6,home,3-6,9
2023-11-21,Avalanche,Predators,3,4,home,3-4,7
2023-11-21,Kings,Coyotes,4,1,away,4-1,5
2023-11-21,Flames,Kraken,4,3,away,4-3,7
2023-11-21,Sharks,Canucks,1,3,home,1-3,4
2023-11-23,Oilers,Hurricanes,3,6,home,3-6,9
2023-11-23,Blackhawks,Blue Jackets,3,7,home,3-7,10
2023-11-23,Devils,Red Wings,0,4,home,0-4,4
2023-11-23,Bruins,Panthers,3,1,away,3-1,4
2023-11-23,Rangers,Penguins,1,0,away,1-0,1
2023-11-23,Jets,Lightning,3,2,away,3-2,5
2023-11-23,Sabres,Capitals,3,4,home,3-4,7
2023-11-23,Flyers,Islanders,2,3,home,2-3,5
2023-11-23,Blues,Coyotes,6,5,away,6-5,11
2023-11-23,Flames,Predators,2,4,home,2-4,6
2023-11-23,Golden Knights,Stars,2,1,away,2-1,3
2023-11-23,Canadiens,Ducks,4,3,away,4-3,7
2023-11-23,Canucks,Avalanche,2,5,home,2-5,7
2023-11-23,Sharks,Kraken,1,7,home,1-7,8
2023-11-24,Red Wings,Bruins,5,2,away,5-2,7
2023-11-24,Rangers,Flyers,3,1,away,3-1,4
2023-11-24,Maple Leafs,Blackhawks,3,4,home,3-4,7
2023-11-24,Blue Jackets,Devils,2,1,away,2-1,3
2023-11-24,Predators,Blues,8,3,away,8-3,11
2023-11-24,Oilers,Capitals,5,0,away,5-0,5
2023-11-24,Kings,Ducks,5,2,away,5-2,7
2023-11-24,Canadiens,Sharks,3,2,away,3-2,5
2023-11-24,Penguins,Sabres,2,3,home,2-3,5
2023-11-25,Islanders,Senators,5,3,away,5-3,8
2023-11-25,Lightning,Hurricanes,8,2,away,8-2,10
2023-11-25,Jets,Panthers,3,0,away,3-0,3
2023-11-25,Flames,Stars,7,4,away,7-4,11
2023-11-25,Avalanche,Wild,3,2,away,3-2,5
2023-11-25,Canucks,Kraken,5,1,away,5-1,6
2023-11-25,Bruins,Rangers,4,7,home,4-7,11
2023-11-25,Canadiens,Kings,0,4,home,0-4,4
2023-11-26,Sabres,Devils,2,7,home,2-7,9
2023-11-26,Maple Leafs,Penguins,2,3,home,2-3,5
2023-11-26,Flyers,Islanders,1,0,away,1-0,1
2023-11-26,Flames,Avalanche,1,3,home,1-3,4
2023-11-26,Canucks,Sharks,3,4,home,3-4,7
2023-11-26,Coyotes,Golden Knights,2,0,away,2-0,2
2023-11-26,Wild,Red Wings,1,4,home,1-4,5
2023-11-26,Blues,Blackhawks,4,2,away,4-2,6
2023-11-26,Blue Jackets,Hurricanes,2,3,home,2-3,5
2023-11-27,Jets,Predators,2,3,home,2-3,5
2023-11-27,Ducks,Oilers,2,8,home,2-8,10
2023-11-23,Oilers,Hurricanes,3,6,home,3-6,9
2023-11-23,Blackhawks,Blue Jackets,3,7,home,3-7,10
2023-11-23,Devils,Red Wings,0,4,home,0-4,4
2023-11-23,Bruins,Panthers,3,1,away,3-1,4
2023-11-23,Rangers,Penguins,1,0,away,1-0,1
2023-11-23,Jets,Lightning,3,2,away,3-2,5
2023-11-23,Sabres,Capitals,3,4,home,3-4,7
2023-11-23,Flyers,Islanders,2,3,home,2-3,5
2023-11-23,Blues,Coyotes,6,5,away,6-5,11
2023-11-23,Flames,Predators,2,4,home,2-4,6
2023-11-23,Golden Knights,Stars,2,1,away,2-1,3
2023-11-23,Canadiens,Ducks,4,3,away,4-3,7
2023-11-23,Canucks,Avalanche,2,5,home,2-5,7
2023-11-23,Sharks,Kraken,1,7,home,1-7,8
2023-11-24,Red Wings,Bruins,5,2,away,5-2,7
2023-11-24,Rangers,Flyers,3,1,away,3-1,4
2023-11-24,Maple Leafs,Blackhawks,3,4,home,3-4,7
2023-11-24,Blue Jackets,Devils,2,1,away,2-1,3
2023-11-24,Predators,Blues,8,3,away,8-3,11
2023-11-24,Oilers,Capitals,5,0,away,5-0,5
2023-11-24,Kings,Ducks,5,2,away,5-2,7
2023-11-24,Canadiens,Sharks,3,2,away,3-2,5
2023-11-24,Penguins,Sabres,2,3,home,2-3,5
2023-11-25,Islanders,Senators,5,3,away,5-3,8
2023-11-25,Lightning,Hurricanes,8,2,away,8-2,10
2023-11-25,Jets,Panthers,3,0,away,3-0,3
2023-11-25,Flames,Stars,7,4,away,7-4,11
2023-11-25,Avalanche,Wild,3,2,away,3-2,5
2023-11-25,Canucks,Kraken,5,1,away,5-1,6
2023-11-25,Bruins,Rangers,4,7,home,4-7,11
2023-11-25,Canadiens,Kings,0,4,home,0-4,4
2023-11-26,Sabres,Devils,2,7,home,2-7,9
2023-11-26,Maple Leafs,Penguins,2,3,home,2-3,5
2023-11-26,Flyers,Islanders,1,0,away,1-0,1
2023-11-26,Flames,Avalanche,1,3,home,1-3,4
2023-11-26,Canucks,Sharks,3,4,home,3-4,7
2023-11-26,Coyotes,Golden Knights,2,0,away,2-0,2
2023-11-26,Wild,Red Wings,1,4,home,1-4,5
2023-11-26,Blues,Blackhawks,4,2,away,4-2,6
2023-11-26,Blue Jackets,Hurricanes,2,3,home,2-3,5
2023-11-27,Jets,Predators,2,3,home,2-3,5
2023-11-27,Ducks,Oilers,2,8,home,2-8,10
2023-11-28,Bruins,Blue Jackets,2,5,home,2-5,7
2023-11-28,Sabres,Rangers,5,1,away,5-1,6
2023-11-28,Panthers,Senators,5,0,away,5-0,5
2023-11-28,Lightning,Avalanche,1,4,home,1-4,5
2023-11-28,Golden Knights,Flames,1,2,home,1-2,3
2023-11-28,Capitals,Sharks,1,2,home,1-2,3
2023-11-23,Oilers,Hurricanes,3,6,home,3-6,9
2023-11-23,Blackhawks,Blue Jackets,3,7,home,3-7,10
2023-11-23,Devils,Red Wings,0,4,home,0-4,4
2023-11-23,Bruins,Panthers,3,1,away,3-1,4
2023-11-23,Rangers,Penguins,1,0,away,1-0,1
2023-11-23,Jets,Lightning,3,2,away,3-2,5
2023-11-23,Sabres,Capitals,3,4,home,3-4,7
2023-11-23,Flyers,Islanders,2,3,home,2-3,5
2023-11-23,Blues,Coyotes,6,5,away,6-5,11
2023-11-23,Flames,Predators,2,4,home,2-4,6
2023-11-23,Golden Knights,Stars,2,1,away,2-1,3
2023-11-23,Canadiens,Ducks,4,3,away,4-3,7
2023-11-23,Canucks,Avalanche,2,5,home,2-5,7
2023-11-23,Sharks,Kraken,1,7,home,1-7,8
2023-11-24,Red Wings,Bruins,5,2,away,5-2,7
2023-11-24,Rangers,Flyers,3,1,away,3-1,4
2023-11-24,Maple Leafs,Blackhawks,3,4,home,3-4,7
2023-11-24,Blue Jackets,Devils,2,1,away,2-1,3
2023-11-24,Predators,Blues,8,3,away,8-3,11
2023-11-24,Oilers,Capitals,5,0,away,5-0,5
2023-11-24,Kings,Ducks,5,2,away,5-2,7
2023-11-24,Canadiens,Sharks,3,2,away,3-2,5
2023-11-24,Penguins,Sabres,2,3,home,2-3,5
2023-11-25,Islanders,Senators,5,3,away,5-3,8
2023-11-25,Lightning,Hurricanes,8,2,away,8-2,10
2023-11-25,Jets,Panthers,3,0,away,3-0,3
2023-11-25,Flames,Stars,7,4,away,7-4,11
2023-11-25,Avalanche,Wild,3,2,away,3-2,5
2023-11-25,Canucks,Kraken,5,1,away,5-1,6
2023-11-25,Bruins,Rangers,4,7,home,4-7,11
2023-11-25,Canadiens,Kings,0,4,home,0-4,4
2023-11-26,Sabres,Devils,2,7,home,2-7,9
2023-11-26,Maple Leafs,Penguins,2,3,home,2-3,5
2023-11-26,Flyers,Islanders,1,0,away,1-0,1
2023-11-26,Flames,Avalanche,1,3,home,1-3,4
2023-11-26,Canucks,Sharks,3,4,home,3-4,7
2023-11-26,Coyotes,Golden Knights,2,0,away,2-0,2
2023-11-26,Wild,Red Wings,1,4,home,1-4,5
2023-11-26,Blues,Blackhawks,4,2,away,4-2,6
2023-11-26,Blue Jackets,Hurricanes,2,3,home,2-3,5
2023-11-27,Jets,Predators,2,3,home,2-3,5
2023-11-27,Ducks,Oilers,2,8,home,2-8,10
2023-11-28,Bruins,Blue Jackets,2,5,home,2-5,7
2023-11-28,Sabres,Rangers,5,1,away,5-1,6
2023-11-28,Panthers,Senators,5,0,away,5-0,5
2023-11-28,Lightning,Avalanche,1,4,home,1-4,5
2023-11-28,Golden Knights,Flames,1,2,home,1-2,3
2023-11-28,Capitals,Sharks,1,2,home,1-2,3
2023-11-29,Islanders,Devils,4,5,home,4-5,9
2023-11-29,Panthers,Maple Leafs,1,2,home,1-2,3
2023-11-29,Hurricanes,Flyers,4,1,away,4-1,5
2023-11-29,Blues,Wild,1,3,home,1-3,4
2023-11-29,Penguins,Predators,2,3,home,2-3,5
2023-11-29,Stars,Jets,2,0,away,2-0,2
2023-11-29,Kraken,Blackhawks,3,4,home,3-4,7
2023-11-29,Lightning,Coyotes,1,3,home,1-3,4
2023-11-29,Golden Knights,Oilers,4,5,home,4-5,9
2023-11-29,Ducks,Canucks,1,3,home,1-3,4
2023-11-24,Red Wings,Bruins,5,2,away,5-2,7
2023-11-24,Rangers,Flyers,3,1,away,3-1,4
2023-11-24,Maple Leafs,Blackhawks,3,4,home,3-4,7
2023-11-24,Blue Jackets,Devils,2,1,away,2-1,3
2023-11-24,Predators,Blues,8,3,away,8-3,11
2023-11-24,Oilers,Capitals,5,0,away,5-0,5
2023-11-24,Kings,Ducks,5,2,away,5-2,7
2023-11-24,Canadiens,Sharks,3,2,away,3-2,5
2023-11-24,Penguins,Sabres,2,3,home,2-3,5
2023-11-25,Islanders,Senators,5,3,away,5-3,8
2023-11-25,Lightning,Hurricanes,8,2,away,8-2,10
2023-11-25,Jets,Panthers,3,0,away,3-0,3
2023-11-25,Flames,Stars,7,4,away,7-4,11
2023-11-25,Avalanche,Wild,3,2,away,3-2,5
2023-11-25,Canucks,Kraken,5,1,away,5-1,6
2023-11-25,Bruins,Rangers,4,7,home,4-7,11
2023-11-25,Canadiens,Kings,0,4,home,0-4,4
2023-11-26,Sabres,Devils,2,7,home,2-7,9
2023-11-26,Maple Leafs,Penguins,2,3,home,2-3,5
2023-11-26,Flyers,Islanders,1,0,away,1-0,1
2023-11-26,Flames,Avalanche,1,3,home,1-3,4
2023-11-26,Canucks,Sharks,3,4,home,3-4,7
2023-11-26,Coyotes,Golden Knights,2,0,away,2-0,2
2023-11-26,Wild,Red Wings,1,4,home,1-4,5
2023-11-26,Blues,Blackhawks,4,2,away,4-2,6
2023-11-26,Blue Jackets,Hurricanes,2,3,home,2-3,5
2023-11-27,Jets,Predators,2,3,home,2-3,5
2023-11-27,Ducks,Oilers,2,8,home,2-8,10
2023-11-28,Bruins,Blue Jackets,2,5,home,2-5,7
2023-11-28,Sabres,Rangers,5,1,away,5-1,6
2023-11-28,Panthers,Senators,5,0,away,5-0,5
2023-11-28,Lightning,Avalanche,1,4,home,1-4,5
2023-11-28,Golden Knights,Flames,1,2,home,1-2,3
2023-11-28,Capitals,Sharks,1,2,home,1-2,3
2023-11-29,Islanders,Devils,4,5,home,4-5,9
2023-11-29,Panthers,Maple Leafs,1,2,home,1-2,3
2023-11-29,Hurricanes,Flyers,4,1,away,4-1,5
2023-11-29,Blues,Wild,1,3,home,1-3,4
2023-11-29,Penguins,Predators,2,3,home,2-3,5
2023-11-29,Stars,Jets,2,0,away,2-0,2
2023-11-29,Kraken,Blackhawks,3,4,home,3-4,7
2023-11-29,Lightning,Coyotes,1,3,home,1-3,4
2023-11-29,Golden Knights,Oilers,4,5,home,4-5,9
2023-11-29,Ducks,Canucks,1,3,home,1-3,4
2023-11-30,Canadiens,Blue Jackets,4,2,away,4-2,6
2023-11-30,Red Wings,Rangers,2,3,home,2-3,5
2023-11-30,Capitals,Kings,2,1,away,2-1,3
2023-11-24,Red Wings,Bruins,5,2,away,5-2,7
2023-11-24,Rangers,Flyers,3,1,away,3-1,4
2023-11-24,Maple Leafs,Blackhawks,3,4,home,3-4,7
2023-11-24,Blue Jackets,Devils,2,1,away,2-1,3
2023-11-24,Predators,Blues,8,3,away,8-3,11
2023-11-24,Oilers,Capitals,5,0,away,5-0,5
2023-11-24,Kings,Ducks,5,2,away,5-2,7
2023-11-24,Canadiens,Sharks,3,2,away,3-2,5
2023-11-24,Penguins,Sabres,2,3,home,2-3,5
2023-11-25,Islanders,Senators,5,3,away,5-3,8
2023-11-25,Lightning,Hurricanes,8,2,away,8-2,10
2023-11-25,Jets,Panthers,3,0,away,3-0,3
2023-11-25,Flames,Stars,7,4,away,7-4,11
2023-11-25,Avalanche,Wild,3,2,away,3-2,5
2023-11-25,Canucks,Kraken,5,1,away,5-1,6
2023-11-25,Bruins,Rangers,4,7,home,4-7,11
2023-11-25,Canadiens,Kings,0,4,home,0-4,4
2023-11-26,Sabres,Devils,2,7,home,2-7,9
2023-11-26,Maple Leafs,Penguins,2,3,home,2-3,5
2023-11-26,Flyers,Islanders,1,0,away,1-0,1
2023-11-26,Flames,Avalanche,1,3,home,1-3,4
2023-11-26,Canucks,Sharks,3,4,home,3-4,7
2023-11-26,Coyotes,Golden Knights,2,0,away,2-0,2
2023-11-26,Wild,Red Wings,1,4,home,1-4,5
2023-11-26,Blues,Blackhawks,4,2,away,4-2,6
2023-11-26,Blue Jackets,Hurricanes,2,3,home,2-3,5
2023-11-27,Jets,Predators,2,3,home,2-3,5
2023-11-27,Ducks,Oilers,2,8,home,2-8,10
2023-11-28,Bruins,Blue Jackets,2,5,home,2-5,7
2023-11-28,Sabres,Rangers,5,1,away,5-1,6
2023-11-28,Panthers,Senators,5,0,away,5-0,5
2023-11-28,Lightning,Avalanche,1,4,home,1-4,5
2023-11-28,Golden Knights,Flames,1,2,home,1-2,3
2023-11-28,Capitals,Sharks,1,2,home,1-2,3
2023-11-29,Islanders,Devils,4,5,home,4-5,9
2023-11-29,Panthers,Maple Leafs,1,2,home,1-2,3
2023-11-29,Hurricanes,Flyers,4,1,away,4-1,5
2023-11-29,Blues,Wild,1,3,home,1-3,4
2023-11-29,Penguins,Predators,2,3,home,2-3,5
2023-11-29,Stars,Jets,2,0,away,2-0,2
2023-11-29,Kraken,Blackhawks,3,4,home,3-4,7
2023-11-29,Lightning,Coyotes,1,3,home,1-3,4
2023-11-29,Golden Knights,Oilers,4,5,home,4-5,9
2023-11-29,Ducks,Canucks,1,3,home,1-3,4
2023-11-30,Canadiens,Blue Jackets,4,2,away,4-2,6
2023-11-30,Red Wings,Rangers,2,3,home,2-3,5
2023-11-30,Capitals,Kings,2,1,away,2-1,3
2023-12-01,Sharks,Bruins,0,3,home,0-3,3
2023-12-01,Blackhawks,Red Wings,1,5,home,1-5,6
2023-12-01,Panthers,Canadiens,5,1,away,5-1,6
2023-12-01,Devils,Flyers,4,3,away,4-3,7
2023-12-01,Penguins,Lightning,4,2,away,4-2,6
2023-12-01,Kraken,Maple Leafs,3,4,home,3-4,7
2023-12-01,Islanders,Hurricanes,5,4,away,5-4,9
2023-12-01,Wild,Predators,6,1,away,6-1,7
2023-12-01,Sabres,Blues,4,6,home,4-6,10
2023-12-01,Oilers,Jets,3,1,away,3-1,4
2023-12-01,Avalanche,Coyotes,3,4,home,3-4,7
2023-12-01,Stars,Flames,3,4,home,3-4,7
2023-12-01,Capitals,Ducks,5,4,away,5-4,9
2023-12-01,Golden Knights,Canucks,4,1,away,4-1,5
2023-11-25,Bruins,Rangers,4,7,home,4-7,11
2023-11-25,Canadiens,Kings,0,4,home,0-4,4
2023-11-26,Sabres,Devils,2,7,home,2-7,9
2023-11-26,Maple Leafs,Penguins,2,3,home,2-3,5
2023-11-26,Flyers,Islanders,1,0,away,1-0,1
2023-11-26,Flames,Avalanche,1,3,home,1-3,4
2023-11-26,Canucks,Sharks,3,4,home,3-4,7
2023-11-26,Coyotes,Golden Knights,2,0,away,2-0,2
2023-11-26,Wild,Red Wings,1,4,home,1-4,5
2023-11-26,Blues,Blackhawks,4,2,away,4-2,6
2023-11-26,Blue Jackets,Hurricanes,2,3,home,2-3,5
2023-11-27,Jets,Predators,2,3,home,2-3,5
2023-11-27,Ducks,Oilers,2,8,home,2-8,10
2023-11-28,Bruins,Blue Jackets,2,5,home,2-5,7
2023-11-28,Sabres,Rangers,5,1,away,5-1,6
2023-11-28,Panthers,Senators,5,0,away,5-0,5
2023-11-28,Lightning,Avalanche,1,4,home,1-4,5
2023-11-28,Golden Knights,Flames,1,2,home,1-2,3
2023-11-28,Capitals,Sharks,1,2,home,1-2,3
2023-11-29,Islanders,Devils,4,5,home,4-5,9
2023-11-29,Panthers,Maple Leafs,1,2,home,1-2,3
2023-11-29,Hurricanes,Flyers,4,1,away,4-1,5
2023-11-29,Blues,Wild,1,3,home,1-3,4
2023-11-29,Penguins,Predators,2,3,home,2-3,5
2023-11-29,Stars,Jets,2,0,away,2-0,2
2023-11-29,Kraken,Blackhawks,3,4,home,3-4,7
2023-11-29,Lightning,Coyotes,1,3,home,1-3,4
2023-11-29,Golden Knights,Oilers,4,5,home,4-5,9
2023-11-29,Ducks,Canucks,1,3,home,1-3,4
2023-11-30,Canadiens,Blue Jackets,4,2,away,4-2,6
2023-11-30,Red Wings,Rangers,2,3,home,2-3,5
2023-11-30,Capitals,Kings,2,1,away,2-1,3
2023-12-01,Sharks,Bruins,0,3,home,0-3,3
2023-12-01,Blackhawks,Red Wings,1,5,home,1-5,6
2023-12-01,Panthers,Canadiens,5,1,away,5-1,6
2023-12-01,Devils,Flyers,4,3,away,4-3,7
2023-12-01,Penguins,Lightning,4,2,away,4-2,6
2023-12-01,Kraken,Maple Leafs,3,4,home,3-4,7
2023-12-01,Islanders,Hurricanes,5,4,away,5-4,9
2023-12-01,Wild,Predators,6,1,away,6-1,7
2023-12-01,Sabres,Blues,4,6,home,4-6,10
2023-12-01,Oilers,Jets,3,1,away,3-1,4
2023-12-01,Avalanche,Coyotes,3,4,home,3-4,7
2023-12-01,Stars,Flames,3,4,home,3-4,7
2023-12-01,Capitals,Ducks,5,4,away,5-4,9
2023-12-01,Golden Knights,Canucks,4,1,away,4-1,5
2023-12-02,Senators,Blue Jackets,2,4,home,2-4,6
2023-12-02,Sharks,Devils,6,3,away,6-3,9
2023-11-26,Wild,Red Wings,1,4,home,1-4,5
2023-11-26,Blues,Blackhawks,4,2,away,4-2,6
2023-11-26,Blue Jackets,Hurricanes,2,3,home,2-3,5
2023-11-27,Jets,Predators,2,3,home,2-3,5
2023-11-27,Ducks,Oilers,2,8,home,2-8,10
2023-11-28,Bruins,Blue Jackets,2,5,home,2-5,7
2023-11-28,Sabres,Rangers,5,1,away,5-1,6
2023-11-28,Panthers,Senators,5,0,away,5-0,5
2023-11-28,Lightning,Avalanche,1,4,home,1-4,5
2023-11-28,Golden Knights,Flames,1,2,home,1-2,3
2023-11-28,Capitals,Sharks,1,2,home,1-2,3
2023-11-29,Islanders,Devils,4,5,home,4-5,9
2023-11-29,Panthers,Maple Leafs,1,2,home,1-2,3
2023-11-29,Hurricanes,Flyers,4,1,away,4-1,5
2023-11-29,Blues,Wild,1,3,home,1-3,4
2023-11-29,Penguins,Predators,2,3,home,2-3,5
2023-11-29,Stars,Jets,2,0,away,2-0,2
2023-11-29,Kraken,Blackhawks,3,4,home,3-4,7
2023-11-29,Lightning,Coyotes,1,3,home,1-3,4
2023-11-29,Golden Knights,Oilers,4,5,home,4-5,9
2023-11-29,Ducks,Canucks,1,3,home,1-3,4
2023-11-30,Canadiens,Blue Jackets,4,2,away,4-2,6
2023-11-30,Red Wings,Rangers,2,3,home,2-3,5
2023-11-30,Capitals,Kings,2,1,away,2-1,3
2023-12-01,Sharks,Bruins,0,3,home,0-3,3
2023-12-01,Blackhawks,Red Wings,1,5,home,1-5,6
2023-12-01,Panthers,Canadiens,5,1,away,5-1,6
2023-12-01,Devils,Flyers,4,3,away,4-3,7
2023-12-01,Penguins,Lightning,4,2,away,4-2,6
2023-12-01,Kraken,Maple Leafs,3,4,home,3-4,7
2023-12-01,Islanders,Hurricanes,5,4,away,5-4,9
2023-12-01,Wild,Predators,6,1,away,6-1,7
2023-12-01,Sabres,Blues,4,6,home,4-6,10
2023-12-01,Oilers,Jets,3,1,away,3-1,4
2023-12-01,Avalanche,Coyotes,3,4,home,3-4,7
2023-12-01,Stars,Flames,3,4,home,3-4,7
2023-12-01,Capitals,Ducks,5,4,away,5-4,9
2023-12-01,Golden Knights,Canucks,4,1,away,4-1,5
2023-12-02,Senators,Blue Jackets,2,4,home,2-4,6
2023-12-02,Sharks,Devils,6,3,away,6-3,9
2023-12-02,Lightning,Stars,1,8,home,1-8,9
2023-12-02,Blackhawks,Jets,1,3,home,1-3,4
2023-12-02,Rangers,Predators,4,3,away,4-3,7
2023-12-02,Islanders,Panthers,4,3,away,4-3,7
2023-12-03,Sabres,Hurricanes,2,6,home,2-6,8
2023-12-03,Red Wings,Canadiens,5,4,away,5-4,9
2023-12-03,Kraken,Senators,0,2,home,0-2,2
2023-12-03,Flyers,Penguins,4,3,away,4-3,7
2023-12-03,Bruins,Maple Leafs,4,3,away,4-3,7
2023-12-03,Blues,Coyotes,1,4,home,1-4,5
2023-12-03,Avalanche,Ducks,3,4,home,3-4,7
2023-12-03,Canucks,Flames,4,3,away,4-3,7
2023-12-03,Capitals,Golden Knights,1,4,home,1-4,5
2023-11-28,Bruins,Blue Jackets,2,5,home,2-5,7
2023-11-28,Sabres,Rangers,5,1,away,5-1,6
2023-11-28,Panthers,Senators,5,0,away,5-0,5
2023-11-28,Lightning,Avalanche,1,4,home,1-4,5
2023-11-28,Golden Knights,Flames,1,2,home,1-2,3
2023-11-28,Capitals,Sharks,1,2,home,1-2,3
2023-11-29,Islanders,Devils,4,5,home,4-5,9
2023-11-29,Panthers,Maple Leafs,1,2,home,1-2,3
2023-11-29,Hurricanes,Flyers,4,1,away,4-1,5
2023-11-29,Blues,Wild,1,3,home,1-3,4
2023-11-29,Penguins,Predators,2,3,home,2-3,5
2023-11-29,Stars,Jets,2,0,away,2-0,2
2023-11-29,Kraken,Blackhawks,3,4,home,3-4,7
2023-11-29,Lightning,Coyotes,1,3,home,1-3,4
2023-11-29,Golden Knights,Oilers,4,5,home,4-5,9
2023-11-29,Ducks,Canucks,1,3,home,1-3,4
2023-11-30,Canadiens,Blue Jackets,4,2,away,4-2,6
2023-11-30,Red Wings,Rangers,2,3,home,2-3,5
2023-11-30,Capitals,Kings,2,1,away,2-1,3
2023-12-01,Sharks,Bruins,0,3,home,0-3,3
2023-12-01,Blackhawks,Red Wings,1,5,home,1-5,6
2023-12-01,Panthers,Canadiens,5,1,away,5-1,6
2023-12-01,Devils,Flyers,4,3,away,4-3,7
2023-12-01,Penguins,Lightning,4,2,away,4-2,6
2023-12-01,Kraken,Maple Leafs,3,4,home,3-4,7
2023-12-01,Islanders,Hurricanes,5,4,away,5-4,9
2023-12-01,Wild,Predators,6,1,away,6-1,7
2023-12-01,Sabres,Blues,4,6,home,4-6,10
2023-12-01,Oilers,Jets,3,1,away,3-1,4
2023-12-01,Avalanche,Coyotes,3,4,home,3-4,7
2023-12-01,Stars,Flames,3,4,home,3-4,7
2023-12-01,Capitals,Ducks,5,4,away,5-4,9
2023-12-01,Golden Knights,Canucks,4,1,away,4-1,5
2023-12-02,Senators,Blue Jackets,2,4,home,2-4,6
2023-12-02,Sharks,Devils,6,3,away,6-3,9
2023-12-02,Lightning,Stars,1,8,home,1-8,9
2023-12-02,Blackhawks,Jets,1,3,home,1-3,4
2023-12-02,Rangers,Predators,4,3,away,4-3,7
2023-12-02,Islanders,Panthers,4,3,away,4-3,7
2023-12-03,Sabres,Hurricanes,2,6,home,2-6,8
2023-12-03,Red Wings,Canadiens,5,4,away,5-4,9
2023-12-03,Kraken,Senators,0,2,home,0-2,2
2023-12-03,Flyers,Penguins,4,3,away,4-3,7
2023-12-03,Bruins,Maple Leafs,4,3,away,4-3,7
2023-12-03,Blues,Coyotes,1,4,home,1-4,5
2023-12-03,Avalanche,Ducks,3,4,home,3-4,7
2023-12-03,Canucks,Flames,4,3,away,4-3,7
2023-12-03,Capitals,Golden Knights,1,4,home,1-4,5
2023-12-03,Blackhawks,Wild,1,4,home,1-4,5
2023-12-03,Sharks,Rangers,5,6,home,5-6,11
2023-12-04,Blue Jackets,Bruins,1,3,home,1-3,4
2023-12-04,Predators,Sabres,2,1,away,2-1,3
2023-12-04,Avalanche,Kings,1,4,home,1-4,5
2023-11-29,Islanders,Devils,4,5,home,4-5,9
2023-11-29,Panthers,Maple Leafs,1,2,home,1-2,3
2023-11-29,Hurricanes,Flyers,4,1,away,4-1,5
2023-11-29,Blues,Wild,1,3,home,1-3,4
2023-11-29,Penguins,Predators,2,3,home,2-3,5
2023-11-29,Stars,Jets,2,0,away,2-0,2
2023-11-29,Kraken,Blackhawks,3,4,home,3-4,7
2023-11-29,Lightning,Coyotes,1,3,home,1-3,4
2023-11-29,Golden Knights,Oilers,4,5,home,4-5,9
2023-11-29,Ducks,Canucks,1,3,home,1-3,4
2023-11-30,Canadiens,Blue Jackets,4,2,away,4-2,6
2023-11-30,Red Wings,Rangers,2,3,home,2-3,5
2023-11-30,Capitals,Kings,2,1,away,2-1,3
2023-12-01,Sharks,Bruins,0,3,home,0-3,3
2023-12-01,Blackhawks,Red Wings,1,5,home,1-5,6
2023-12-01,Panthers,Canadiens,5,1,away,5-1,6
2023-12-01,Devils,Flyers,4,3,away,4-3,7
2023-12-01,Penguins,Lightning,4,2,away,4-2,6
2023-12-01,Kraken,Maple Leafs,3,4,home,3-4,7
2023-12-01,Islanders,Hurricanes,5,4,away,5-4,9
2023-12-01,Wild,Predators,6,1,away,6-1,7
2023-12-01,Sabres,Blues,4,6,home,4-6,10
2023-12-01,Oilers,Jets,3,1,away,3-1,4
2023-12-01,Avalanche,Coyotes,3,4,home,3-4,7
2023-12-01,Stars,Flames,3,4,home,3-4,7
2023-12-01,Capitals,Ducks,5,4,away,5-4,9
2023-12-01,Golden Knights,Canucks,4,1,away,4-1,5
2023-12-02,Senators,Blue Jackets,2,4,home,2-4,6
2023-12-02,Sharks,Devils,6,3,away,6-3,9
2023-12-02,Lightning,Stars,1,8,home,1-8,9
2023-12-02,Blackhawks,Jets,1,3,home,1-3,4
2023-12-02,Rangers,Predators,4,3,away,4-3,7
2023-12-02,Islanders,Panthers,4,3,away,4-3,7
2023-12-03,Sabres,Hurricanes,2,6,home,2-6,8
2023-12-03,Red Wings,Canadiens,5,4,away,5-4,9
2023-12-03,Kraken,Senators,0,2,home,0-2,2
2023-12-03,Flyers,Penguins,4,3,away,4-3,7
2023-12-03,Bruins,Maple Leafs,4,3,away,4-3,7
2023-12-03,Blues,Coyotes,1,4,home,1-4,5
2023-12-03,Avalanche,Ducks,3,4,home,3-4,7
2023-12-03,Canucks,Flames,4,3,away,4-3,7
2023-12-03,Capitals,Golden Knights,1,4,home,1-4,5
2023-12-03,Blackhawks,Wild,1,4,home,1-4,5
2023-12-03,Sharks,Rangers,5,6,home,5-6,11
2023-12-04,Blue Jackets,Bruins,1,3,home,1-3,4
2023-12-04,Predators,Sabres,2,1,away,2-1,3
2023-12-04,Avalanche,Kings,1,4,home,1-4,5
2023-12-05,Penguins,Flyers,1,2,home,1-2,3
2023-12-05,Stars,Lightning,0,4,home,0-4,4
2023-12-05,Kraken,Canadiens,2,4,home,2-4,6
2023-12-05,Hurricanes,Jets,1,2,home,1-2,3
2023-12-05,Capitals,Coyotes,0,6,home,0-6,6
2023-12-05,Blues,Golden Knights,2,1,away,2-1,3
2023-11-30,Canadiens,Blue Jackets,4,2,away,4-2,6
2023-11-30,Red Wings,Rangers,2,3,home,2-3,5
2023-11-30,Capitals,Kings,2,1,away,2-1,3
2023-12-01,Sharks,Bruins,0,3,home,0-3,3
2023-12-01,Blackhawks,Red Wings,1,5,home,1-5,6
2023-12-01,Panthers,Canadiens,5,1,away,5-1,6
2023-12-01,Devils,Flyers,4,3,away,4-3,7
2023-12-01,Penguins,Lightning,4,2,away,4-2,6
2023-12-01,Kraken,Maple Leafs,3,4,home,3-4,7
2023-12-01,Islanders,Hurricanes,5,4,away,5-4,9
2023-12-01,Wild,Predators,6,1,away,6-1,7
2023-12-01,Sabres,Blues,4,6,home,4-6,10
2023-12-01,Oilers,Jets,3,1,away,3-1,4
2023-12-01,Avalanche,Coyotes,3,4,home,3-4,7
2023-12-01,Stars,Flames,3,4,home,3-4,7
2023-12-01,Capitals,Ducks,5,4,away,5-4,9
2023-12-01,Golden Knights,Canucks,4,1,away,4-1,5
2023-12-02,Senators,Blue Jackets,2,4,home,2-4,6
2023-12-02,Sharks,Devils,6,3,away,6-3,9
2023-12-02,Lightning,Stars,1,8,home,1-8,9
2023-12-02,Blackhawks,Jets,1,3,home,1-3,4
2023-12-02,Rangers,Predators,4,3,away,4-3,7
2023-12-02,Islanders,Panthers,4,3,away,4-3,7
2023-12-03,Sabres,Hurricanes,2,6,home,2-6,8
2023-12-03,Red Wings,Canadiens,5,4,away,5-4,9
2023-12-03,Kraken,Senators,0,2,home,0-2,2
2023-12-03,Flyers,Penguins,4,3,away,4-3,7
2023-12-03,Bruins,Maple Leafs,4,3,away,4-3,7
2023-12-03,Blues,Coyotes,1,4,home,1-4,5
2023-12-03,Avalanche,Ducks,3,4,home,3-4,7
2023-12-03,Canucks,Flames,4,3,away,4-3,7
2023-12-03,Capitals,Golden Knights,1,4,home,1-4,5
2023-12-03,Blackhawks,Wild,1,4,home,1-4,5
2023-12-03,Sharks,Rangers,5,6,home,5-6,11
2023-12-04,Blue Jackets,Bruins,1,3,home,1-3,4
2023-12-04,Predators,Sabres,2,1,away,2-1,3
2023-12-04,Avalanche,Kings,1,4,home,1-4,5
2023-12-05,Penguins,Flyers,1,2,home,1-2,3
2023-12-05,Stars,Lightning,0,4,home,0-4,4
2023-12-05,Kraken,Canadiens,2,4,home,2-4,6
2023-12-05,Hurricanes,Jets,1,2,home,1-2,3
2023-12-05,Capitals,Coyotes,0,6,home,0-6,6
2023-12-05,Blues,Golden Knights,2,1,away,2-1,3
2023-12-06,Kings,Blue Jackets,4,3,away,4-3,7
2023-12-06,Rangers,Senators,2,6,home,2-6,8
2023-12-06,Red Wings,Sabres,5,3,away,5-3,8
2023-12-06,Sharks,Islanders,5,4,away,5-4,9
2023-12-06,Predators,Blackhawks,4,3,away,4-3,7
2023-12-06,Wild,Flames,5,2,away,5-2,7
2023-12-06,Ducks,Avalanche,2,3,home,2-3,5
2023-12-06,Devils,Canucks,6,5,away,6-5,11
2023-12-01,Sharks,Bruins,0,3,home,0-3,3
2023-12-01,Blackhawks,Red Wings,1,5,home,1-5,6
2023-12-01,Panthers,Canadiens,5,1,away,5-1,6
2023-12-01,Devils,Flyers,4,3,away,4-3,7
2023-12-01,Penguins,Lightning,4,2,away,4-2,6
2023-12-01,Kraken,Maple Leafs,3,4,home,3-4,7
2023-12-01,Islanders,Hurricanes,5,4,away,5-4,9
2023-12-01,Wild,Predators,6,1,away,6-1,7
2023-12-01,Sabres,Blues,4,6,home,4-6,10
2023-12-01,Oilers,Jets,3,1,away,3-1,4
2023-12-01,Avalanche,Coyotes,3,4,home,3-4,7
2023-12-01,Stars,Flames,3,4,home,3-4,7
2023-12-01,Capitals,Ducks,5,4,away,5-4,9
2023-12-01,Golden Knights,Canucks,4,1,away,4-1,5
2023-12-02,Senators,Blue Jackets,2,4,home,2-4,6
2023-12-02,Sharks,Devils,6,3,away,6-3,9
2023-12-02,Lightning,Stars,1,8,home,1-8,9
2023-12-02,Blackhawks,Jets,1,3,home,1-3,4
2023-12-02,Rangers,Predators,4,3,away,4-3,7
2023-12-02,Islanders,Panthers,4,3,away,4-3,7
2023-12-03,Sabres,Hurricanes,2,6,home,2-6,8
2023-12-03,Red Wings,Canadiens,5,4,away,5-4,9
2023-12-03,Kraken,Senators,0,2,home,0-2,2
2023-12-03,Flyers,Penguins,4,3,away,4-3,7
2023-12-03,Bruins,Maple Leafs,4,3,away,4-3,7
2023-12-03,Blues,Coyotes,1,4,home,1-4,5
2023-12-03,Avalanche,Ducks,3,4,home,3-4,7
2023-12-03,Canucks,Flames,4,3,away,4-3,7
2023-12-03,Capitals,Golden Knights,1,4,home,1-4,5
2023-12-03,Blackhawks,Wild,1,4,home,1-4,5
2023-12-03,Sharks,Rangers,5,6,home,5-6,11
2023-12-04,Blue Jackets,Bruins,1,3,home,1-3,4
2023-12-04,Predators,Sabres,2,1,away,2-1,3
2023-12-04,Avalanche,Kings,1,4,home,1-4,5
2023-12-05,Penguins,Flyers,1,2,home,1-2,3
2023-12-05,Stars,Lightning,0,4,home,0-4,4
2023-12-05,Kraken,Canadiens,2,4,home,2-4,6
2023-12-05,Hurricanes,Jets,1,2,home,1-2,3
2023-12-05,Capitals,Coyotes,0,6,home,0-6,6
2023-12-05,Blues,Golden Knights,2,1,away,2-1,3
2023-12-06,Kings,Blue Jackets,4,3,away,4-3,7
2023-12-06,Rangers,Senators,2,6,home,2-6,8
2023-12-06,Red Wings,Sabres,5,3,away,5-3,8
2023-12-06,Sharks,Islanders,5,4,away,5-4,9
2023-12-06,Predators,Blackhawks,4,3,away,4-3,7
2023-12-06,Wild,Flames,5,2,away,5-2,7
2023-12-06,Ducks,Avalanche,2,3,home,2-3,5
2023-12-06,Devils,Canucks,6,5,away,6-5,11
2023-12-07,Stars,Panthers,4,5,home,4-5,9
2023-12-07,Penguins,Lightning,1,3,home,1-3,4
2023-12-07,Golden Knights,Blues,6,3,away,6-3,9
2023-12-07,Hurricanes,Oilers,1,6,home,1-6,7
2023-12-02,Senators,Blue Jackets,2,4,home,2-4,6
2023-12-02,Sharks,Devils,6,3,away,6-3,9
2023-12-02,Lightning,Stars,1,8,home,1-8,9
2023-12-02,Blackhawks,Jets,1,3,home,1-3,4
2023-12-02,Rangers,Predators,4,3,away,4-3,7
2023-12-02,Islanders,Panthers,4,3,away,4-3,7
2023-12-03,Sabres,Hurricanes,2,6,home,2-6,8
2023-12-03,Red Wings,Canadiens,5,4,away,5-4,9
2023-12-03,Kraken,Senators,0,2,home,0-2,2
2023-12-03,Flyers,Penguins,4,3,away,4-3,7
2023-12-03,Bruins,Maple Leafs,4,3,away,4-3,7
2023-12-03,Blues,Coyotes,1,4,home,1-4,5
2023-12-03,Avalanche,Ducks,3,4,home,3-4,7
2023-12-03,Canucks,Flames,4,3,away,4-3,7
2023-12-03,Capitals,Golden Knights,1,4,home,1-4,5
2023-12-03,Blackhawks,Wild,1,4,home,1-4,5
2023-12-03,Sharks,Rangers,5,6,home,5-6,11
2023-12-04,Blue Jackets,Bruins,1,3,home,1-3,4
2023-12-04,Predators,Sabres,2,1,away,2-1,3
2023-12-04,Avalanche,Kings,1,4,home,1-4,5
2023-12-05,Penguins,Flyers,1,2,home,1-2,3
2023-12-05,Stars,Lightning,0,4,home,0-4,4
2023-12-05,Kraken,Canadiens,2,4,home,2-4,6
2023-12-05,Hurricanes,Jets,1,2,home,1-2,3
2023-12-05,Capitals,Coyotes,0,6,home,0-6,6
2023-12-05,Blues,Golden Knights,2,1,away,2-1,3
2023-12-06,Kings,Blue Jackets,4,3,away,4-3,7
2023-12-06,Rangers,Senators,2,6,home,2-6,8
2023-12-06,Red Wings,Sabres,5,3,away,5-3,8
2023-12-06,Sharks,Islanders,5,4,away,5-4,9
2023-12-06,Predators,Blackhawks,4,3,away,4-3,7
2023-12-06,Wild,Flames,5,2,away,5-2,7
2023-12-06,Ducks,Avalanche,2,3,home,2-3,5
2023-12-06,Devils,Canucks,6,5,away,6-5,11
2023-12-07,Stars,Panthers,4,5,home,4-5,9
2023-12-07,Penguins,Lightning,1,3,home,1-3,4
2023-12-07,Golden Knights,Blues,6,3,away,6-3,9
2023-12-07,Hurricanes,Oilers,1,6,home,1-6,7
2023-12-08,Sabres,Bruins,3,1,away,3-1,4
2023-12-08,Sharks,Red Wings,6,5,away,6-5,11
2023-12-08,Kings,Canadiens,4,0,away,4-0,4
2023-12-08,Maple Leafs,Senators,4,3,away,4-3,7
2023-12-08,Blue Jackets,Islanders,3,7,home,3-7,10
2023-12-08,Stars,Capitals,5,4,away,5-4,9
2023-12-08,Lightning,Predators,1,5,home,1-5,6
2023-12-08,Ducks,Blackhawks,0,1,home,0-1,1
2023-12-08,Flyers,Coyotes,4,1,away,4-1,5
2023-12-08,Hurricanes,Flames,2,3,home,2-3,5
2023-12-08,Jets,Avalanche,4,2,away,4-2,6
2023-12-08,Wild,Canucks,0,2,home,0-2,2
2023-12-08,Devils,Kraken,2,1,away,2-1,3
2023-12-02,Lightning,Stars,1,8,home,1-8,9
2023-12-02,Blackhawks,Jets,1,3,home,1-3,4
2023-12-02,Rangers,Predators,4,3,away,4-3,7
2023-12-02,Islanders,Panthers,4,3,away,4-3,7
2023-12-03,Sabres,Hurricanes,2,6,home,2-6,8
2023-12-03,Red Wings,Canadiens,5,4,away,5-4,9
2023-12-03,Kraken,Senators,0,2,home,0-2,2
2023-12-03,Flyers,Penguins,4,3,away,4-3,7
2023-12-03,Bruins,Maple Leafs,4,3,away,4-3,7
2023-12-03,Blues,Coyotes,1,4,home,1-4,5
2023-12-03,Avalanche,Ducks,3,4,home,3-4,7
2023-12-03,Canucks,Flames,4,3,away,4-3,7
2023-12-03,Capitals,Golden Knights,1,4,home,1-4,5
2023-12-03,Blackhawks,Wild,1,4,home,1-4,5
2023-12-03,Sharks,Rangers,5,6,home,5-6,11
2023-12-04,Blue Jackets,Bruins,1,3,home,1-3,4
2023-12-04,Predators,Sabres,2,1,away,2-1,3
2023-12-04,Avalanche,Kings,1,4,home,1-4,5
2023-12-05,Penguins,Flyers,1,2,home,1-2,3
2023-12-05,Stars,Lightning,0,4,home,0-4,4
2023-12-05,Kraken,Canadiens,2,4,home,2-4,6
2023-12-05,Hurricanes,Jets,1,2,home,1-2,3
2023-12-05,Capitals,Coyotes,0,6,home,0-6,6
2023-12-05,Blues,Golden Knights,2,1,away,2-1,3
2023-12-06,Kings,Blue Jackets,4,3,away,4-3,7
2023-12-06,Rangers,Senators,2,6,home,2-6,8
2023-12-06,Red Wings,Sabres,5,3,away,5-3,8
2023-12-06,Sharks,Islanders,5,4,away,5-4,9
2023-12-06,Predators,Blackhawks,4,3,away,4-3,7
2023-12-06,Wild,Flames,5,2,away,5-2,7
2023-12-06,Ducks,Avalanche,2,3,home,2-3,5
2023-12-06,Devils,Canucks,6,5,away,6-5,11
2023-12-07,Stars,Panthers,4,5,home,4-5,9
2023-12-07,Penguins,Lightning,1,3,home,1-3,4
2023-12-07,Golden Knights,Blues,6,3,away,6-3,9
2023-12-07,Hurricanes,Oilers,1,6,home,1-6,7
2023-12-08,Sabres,Bruins,3,1,away,3-1,4
2023-12-08,Sharks,Red Wings,6,5,away,6-5,11
2023-12-08,Kings,Canadiens,4,0,away,4-0,4
2023-12-08,Maple Leafs,Senators,4,3,away,4-3,7
2023-12-08,Blue Jackets,Islanders,3,7,home,3-7,10
2023-12-08,Stars,Capitals,5,4,away,5-4,9
2023-12-08,Lightning,Predators,1,5,home,1-5,6
2023-12-08,Ducks,Blackhawks,0,1,home,0-1,1
2023-12-08,Flyers,Coyotes,4,1,away,4-1,5
2023-12-08,Hurricanes,Flames,2,3,home,2-3,5
2023-12-08,Jets,Avalanche,4,2,away,4-2,6
2023-12-08,Wild,Canucks,0,2,home,0-2,2
2023-12-08,Devils,Kraken,2,1,away,2-1,3
2023-12-09,Blues,Blue Jackets,2,5,home,2-5,7
2023-12-09,Penguins,Panthers,1,3,home,1-3,4
2023-12-09,Wild,Oilers,3,4,home,3-4,7
2023-12-03,Blackhawks,Wild,1,4,home,1-4,5
2023-12-03,Sharks,Rangers,5,6,home,5-6,11
2023-12-04,Blue Jackets,Bruins,1,3,home,1-3,4
2023-12-04,Predators,Sabres,2,1,away,2-1,3
2023-12-04,Avalanche,Kings,1,4,home,1-4,5
2023-12-05,Penguins,Flyers,1,2,home,1-2,3
2023-12-05,Stars,Lightning,0,4,home,0-4,4
2023-12-05,Kraken,Canadiens,2,4,home,2-4,6
2023-12-05,Hurricanes,Jets,1,2,home,1-2,3
2023-12-05,Capitals,Coyotes,0,6,home,0-6,6
2023-12-05,Blues,Golden Knights,2,1,away,2-1,3
2023-12-06,Kings,Blue Jackets,4,3,away,4-3,7
2023-12-06,Rangers,Senators,2,6,home,2-6,8
2023-12-06,Red Wings,Sabres,5,3,away,5-3,8
2023-12-06,Sharks,Islanders,5,4,away,5-4,9
2023-12-06,Predators,Blackhawks,4,3,away,4-3,7
2023-12-06,Wild,Flames,5,2,away,5-2,7
2023-12-06,Ducks,Avalanche,2,3,home,2-3,5
2023-12-06,Devils,Canucks,6,5,away,6-5,11
2023-12-07,Stars,Panthers,4,5,home,4-5,9
2023-12-07,Penguins,Lightning,1,3,home,1-3,4
2023-12-07,Golden Knights,Blues,6,3,away,6-3,9
2023-12-07,Hurricanes,Oilers,1,6,home,1-6,7
2023-12-08,Sabres,Bruins,3,1,away,3-1,4
2023-12-08,Sharks,Red Wings,6,5,away,6-5,11
2023-12-08,Kings,Canadiens,4,0,away,4-0,4
2023-12-08,Maple Leafs,Senators,4,3,away,4-3,7
2023-12-08,Blue Jackets,Islanders,3,7,home,3-7,10
2023-12-08,Stars,Capitals,5,4,away,5-4,9
2023-12-08,Lightning,Predators,1,5,home,1-5,6
2023-12-08,Ducks,Blackhawks,0,1,home,0-1,1
2023-12-08,Flyers,Coyotes,4,1,away,4-1,5
2023-12-08,Hurricanes,Flames,2,3,home,2-3,5
2023-12-08,Jets,Avalanche,4,2,away,4-2,6
2023-12-08,Wild,Canucks,0,2,home,0-2,2
2023-12-08,Devils,Kraken,2,1,away,2-1,3
2023-12-09,Blues,Blue Jackets,2,5,home,2-5,7
2023-12-09,Penguins,Panthers,1,3,home,1-3,4
2023-12-09,Wild,Oilers,3,4,home,3-4,7
2023-12-09,Coyotes,Bruins,3,5,home,3-5,8
2023-12-09,Devils,Flames,4,2,away,4-2,6
2023-12-09,Golden Knights,Stars,6,1,away,6-1,7
2023-12-10,Canadiens,Sabres,3,2,away,3-2,5
2023-12-10,Senators,Red Wings,5,1,away,5-1,6
2023-12-10,Predators,Maple Leafs,0,4,home,0-4,4
2023-12-10,Rangers,Capitals,0,4,home,0-4,4
2023-12-10,Kings,Islanders,2,3,home,2-3,5
2023-12-10,Blues,Blackhawks,1,3,home,1-3,4
2023-12-10,Flyers,Avalanche,5,2,away,5-2,7
2023-12-10,Lightning,Kraken,4,3,away,4-3,7
2023-12-10,Hurricanes,Canucks,3,4,home,3-4,7
2023-12-05,Penguins,Flyers,1,2,home,1-2,3
2023-12-05,Stars,Lightning,0,4,home,0-4,4
2023-12-05,Kraken,Canadiens,2,4,home,2-4,6
2023-12-05,Hurricanes,Jets,1,2,home,1-2,3
2023-12-05,Capitals,Coyotes,0,6,home,0-6,6
2023-12-05,Blues,Golden Knights,2,1,away,2-1,3
2023-12-06,Kings,Blue Jackets,4,3,away,4-3,7
2023-12-06,Rangers,Senators,2,6,home,2-6,8
2023-12-06,Red Wings,Sabres,5,3,away,5-3,8
2023-12-06,Sharks,Islanders,5,4,away,5-4,9
2023-12-06,Predators,Blackhawks,4,3,away,4-3,7
2023-12-06,Wild,Flames,5,2,away,5-2,7
2023-12-06,Ducks,Avalanche,2,3,home,2-3,5
2023-12-06,Devils,Canucks,6,5,away,6-5,11
2023-12-07,Stars,Panthers,4,5,home,4-5,9
2023-12-07,Penguins,Lightning,1,3,home,1-3,4
2023-12-07,Golden Knights,Blues,6,3,away,6-3,9
2023-12-07,Hurricanes,Oilers,1,6,home,1-6,7
2023-12-08,Sabres,Bruins,3,1,away,3-1,4
2023-12-08,Sharks,Red Wings,6,5,away,6-5,11
2023-12-08,Kings,Canadiens,4,0,away,4-0,4
2023-12-08,Maple Leafs,Senators,4,3,away,4-3,7
2023-12-08,Blue Jackets,Islanders,3,7,home,3-7,10
2023-12-08,Stars,Capitals,5,4,away,5-4,9
2023-12-08,Lightning,Predators,1,5,home,1-5,6
2023-12-08,Ducks,Blackhawks,0,1,home,0-1,1
2023-12-08,Flyers,Coyotes,4,1,away,4-1,5
2023-12-08,Hurricanes,Flames,2,3,home,2-3,5
2023-12-08,Jets,Avalanche,4,2,away,4-2,6
2023-12-08,Wild,Canucks,0,2,home,0-2,2
2023-12-08,Devils,Kraken,2,1,away,2-1,3
2023-12-09,Blues,Blue Jackets,2,5,home,2-5,7
2023-12-09,Penguins,Panthers,1,3,home,1-3,4
2023-12-09,Wild,Oilers,3,4,home,3-4,7
2023-12-09,Coyotes,Bruins,3,5,home,3-5,8
2023-12-09,Devils,Flames,4,2,away,4-2,6
2023-12-09,Golden Knights,Stars,6,1,away,6-1,7
2023-12-10,Canadiens,Sabres,3,2,away,3-2,5
2023-12-10,Senators,Red Wings,5,1,away,5-1,6
2023-12-10,Predators,Maple Leafs,0,4,home,0-4,4
2023-12-10,Rangers,Capitals,0,4,home,0-4,4
2023-12-10,Kings,Islanders,2,3,home,2-3,5
2023-12-10,Blues,Blackhawks,1,3,home,1-3,4
2023-12-10,Flyers,Avalanche,5,2,away,5-2,7
2023-12-10,Lightning,Kraken,4,3,away,4-3,7
2023-12-10,Hurricanes,Canucks,3,4,home,3-4,7
2023-12-10,Panthers,Blue Jackets,5,2,away,5-2,7
2023-12-10,Devils,Oilers,1,4,home,1-4,5
2023-12-11,Capitals,Blackhawks,4,2,away,4-2,6
2023-12-11,Predators,Canadiens,2,1,away,2-1,3
2023-12-11,Kings,Rangers,1,4,home,1-4,5
2023-12-11,Jets,Ducks,4,2,away,4-2,6
2023-12-11,Wild,Kraken,3,0,away,3-0,3
2023-12-11,Sharks,Golden Knights,4,5,home,4-5,9
2023-12-06,Kings,Blue Jackets,4,3,away,4-3,7
2023-12-06,Rangers,Senators,2,6,home,2-6,8
2023-12-06,Red Wings,Sabres,5,3,away,5-3,8
2023-12-06,Sharks,Islanders,5,4,away,5-4,9
2023-12-06,Predators,Blackhawks,4,3,away,4-3,7
2023-12-06,Wild,Flames,5,2,away,5-2,7
2023-12-06,Ducks,Avalanche,2,3,home,2-3,5
2023-12-06,Devils,Canucks,6,5,away,6-5,11
2023-12-07,Stars,Panthers,4,5,home,4-5,9
2023-12-07,Penguins,Lightning,1,3,home,1-3,4
2023-12-07,Golden Knights,Blues,6,3,away,6-3,9
2023-12-07,Hurricanes,Oilers,1,6,home,1-6,7
2023-12-08,Sabres,Bruins,3,1,away,3-1,4
2023-12-08,Sharks,Red Wings,6,5,away,6-5,11
2023-12-08,Kings,Canadiens,4,0,away,4-0,4
2023-12-08,Maple Leafs,Senators,4,3,away,4-3,7
2023-12-08,Blue Jackets,Islanders,3,7,home,3-7,10
2023-12-08,Stars,Capitals,5,4,away,5-4,9
2023-12-08,Lightning,Predators,1,5,home,1-5,6
2023-12-08,Ducks,Blackhawks,0,1,home,0-1,1
2023-12-08,Flyers,Coyotes,4,1,away,4-1,5
2023-12-08,Hurricanes,Flames,2,3,home,2-3,5
2023-12-08,Jets,Avalanche,4,2,away,4-2,6
2023-12-08,Wild,Canucks,0,2,home,0-2,2
2023-12-08,Devils,Kraken,2,1,away,2-1,3
2023-12-09,Blues,Blue Jackets,2,5,home,2-5,7
2023-12-09,Penguins,Panthers,1,3,home,1-3,4
2023-12-09,Wild,Oilers,3,4,home,3-4,7
2023-12-09,Coyotes,Bruins,3,5,home,3-5,8
2023-12-09,Devils,Flames,4,2,away,4-2,6
2023-12-09,Golden Knights,Stars,6,1,away,6-1,7
2023-12-10,Canadiens,Sabres,3,2,away,3-2,5
2023-12-10,Senators,Red Wings,5,1,away,5-1,6
2023-12-10,Predators,Maple Leafs,0,4,home,0-4,4
2023-12-10,Rangers,Capitals,0,4,home,0-4,4
2023-12-10,Kings,Islanders,2,3,home,2-3,5
2023-12-10,Blues,Blackhawks,1,3,home,1-3,4
2023-12-10,Flyers,Avalanche,5,2,away,5-2,7
2023-12-10,Lightning,Kraken,4,3,away,4-3,7
2023-12-10,Hurricanes,Canucks,3,4,home,3-4,7
2023-12-10,Panthers,Blue Jackets,5,2,away,5-2,7
2023-12-10,Devils,Oilers,1,4,home,1-4,5
2023-12-11,Capitals,Blackhawks,4,2,away,4-2,6
2023-12-11,Predators,Canadiens,2,1,away,2-1,3
2023-12-11,Kings,Rangers,1,4,home,1-4,5
2023-12-11,Jets,Ducks,4,2,away,4-2,6
2023-12-11,Wild,Kraken,3,0,away,3-0,3
2023-12-11,Sharks,Golden Knights,4,5,home,4-5,9
2023-12-12,Coyotes,Sabres,2,5,home,2-5,7
2023-12-12,Maple Leafs,Islanders,3,4,home,3-4,7
2023-12-12,Red Wings,Stars,3,6,home,3-6,9
2023-12-12,Flames,Avalanche,5,6,home,5-6,11
2023-12-07,Stars,Panthers,4,5,home,4-5,9
2023-12-07,Penguins,Lightning,1,3,home,1-3,4
2023-12-07,Golden Knights,Blues,6,3,away,6-3,9
2023-12-07,Hurricanes,Oilers,1,6,home,1-6,7
2023-12-08,Sabres,Bruins,3,1,away,3-1,4
2023-12-08,Sharks,Red Wings,6,5,away,6-5,11
2023-12-08,Kings,Canadiens,4,0,away,4-0,4
2023-12-08,Maple Leafs,Senators,4,3,away,4-3,7
2023-12-08,Blue Jackets,Islanders,3,7,home,3-7,10
2023-12-08,Stars,Capitals,5,4,away,5-4,9
2023-12-08,Lightning,Predators,1,5,home,1-5,6
2023-12-08,Ducks,Blackhawks,0,1,home,0-1,1
2023-12-08,Flyers,Coyotes,4,1,away,4-1,5
2023-12-08,Hurricanes,Flames,2,3,home,2-3,5
2023-12-08,Jets,Avalanche,4,2,away,4-2,6
2023-12-08,Wild,Canucks,0,2,home,0-2,2
2023-12-08,Devils,Kraken,2,1,away,2-1,3
2023-12-09,Blues,Blue Jackets,2,5,home,2-5,7
2023-12-09,Penguins,Panthers,1,3,home,1-3,4
2023-12-09,Wild,Oilers,3,4,home,3-4,7
2023-12-09,Coyotes,Bruins,3,5,home,3-5,8
2023-12-09,Devils,Flames,4,2,away,4-2,6
2023-12-09,Golden Knights,Stars,6,1,away,6-1,7
2023-12-10,Canadiens,Sabres,3,2,away,3-2,5
2023-12-10,Senators,Red Wings,5,1,away,5-1,6
2023-12-10,Predators,Maple Leafs,0,4,home,0-4,4
2023-12-10,Rangers,Capitals,0,4,home,0-4,4
2023-12-10,Kings,Islanders,2,3,home,2-3,5
2023-12-10,Blues,Blackhawks,1,3,home,1-3,4
2023-12-10,Flyers,Avalanche,5,2,away,5-2,7
2023-12-10,Lightning,Kraken,4,3,away,4-3,7
2023-12-10,Hurricanes,Canucks,3,4,home,3-4,7
2023-12-10,Panthers,Blue Jackets,5,2,away,5-2,7
2023-12-10,Devils,Oilers,1,4,home,1-4,5
2023-12-11,Capitals,Blackhawks,4,2,away,4-2,6
2023-12-11,Predators,Canadiens,2,1,away,2-1,3
2023-12-11,Kings,Rangers,1,4,home,1-4,5
2023-12-11,Jets,Ducks,4,2,away,4-2,6
2023-12-11,Wild,Kraken,3,0,away,3-0,3
2023-12-11,Sharks,Golden Knights,4,5,home,4-5,9
2023-12-12,Coyotes,Sabres,2,5,home,2-5,7
2023-12-12,Maple Leafs,Islanders,3,4,home,3-4,7
2023-12-12,Red Wings,Stars,3,6,home,3-6,9
2023-12-12,Flames,Avalanche,5,6,home,5-6,11
2023-12-13,Maple Leafs,Rangers,7,3,away,7-3,10
2023-12-13,Hurricanes,Senators,4,1,away,4-1,5
2023-12-13,Coyotes,Penguins,2,4,home,2-4,6
2023-12-13,Red Wings,Blues,6,4,away,6-4,10
2023-12-13,Flyers,Predators,2,3,home,2-3,5
2023-12-13,Blackhawks,Oilers,1,4,home,1-4,5
2023-12-13,Panthers,Kraken,0,4,home,0-4,4
2023-12-13,Lightning,Canucks,1,4,home,1-4,5
2023-12-13,Flames,Golden Knights,4,5,home,4-5,9
2023-12-13,Jets,Sharks,1,2,home,1-2,3
2023-12-08,Sabres,Bruins,3,1,away,3-1,4
2023-12-08,Sharks,Red Wings,6,5,away,6-5,11
2023-12-08,Kings,Canadiens,4,0,away,4-0,4
2023-12-08,Maple Leafs,Senators,4,3,away,4-3,7
2023-12-08,Blue Jackets,Islanders,3,7,home,3-7,10
2023-12-08,Stars,Capitals,5,4,away,5-4,9
2023-12-08,Lightning,Predators,1,5,home,1-5,6
2023-12-08,Ducks,Blackhawks,0,1,home,0-1,1
2023-12-08,Flyers,Coyotes,4,1,away,4-1,5
2023-12-08,Hurricanes,Flames,2,3,home,2-3,5
2023-12-08,Jets,Avalanche,4,2,away,4-2,6
2023-12-08,Wild,Canucks,0,2,home,0-2,2
2023-12-08,Devils,Kraken,2,1,away,2-1,3
2023-12-09,Blues,Blue Jackets,2,5,home,2-5,7
2023-12-09,Penguins,Panthers,1,3,home,1-3,4
2023-12-09,Wild,Oilers,3,4,home,3-4,7
2023-12-09,Coyotes,Bruins,3,5,home,3-5,8
2023-12-09,Devils,Flames,4,2,away,4-2,6
2023-12-09,Golden Knights,Stars,6,1,away,6-1,7
2023-12-10,Canadiens,Sabres,3,2,away,3-2,5
2023-12-10,Senators,Red Wings,5,1,away,5-1,6
2023-12-10,Predators,Maple Leafs,0,4,home,0-4,4
2023-12-10,Rangers,Capitals,0,4,home,0-4,4
2023-12-10,Kings,Islanders,2,3,home,2-3,5
2023-12-10,Blues,Blackhawks,1,3,home,1-3,4
2023-12-10,Flyers,Avalanche,5,2,away,5-2,7
2023-12-10,Lightning,Kraken,4,3,away,4-3,7
2023-12-10,Hurricanes,Canucks,3,4,home,3-4,7
2023-12-10,Panthers,Blue Jackets,5,2,away,5-2,7
2023-12-10,Devils,Oilers,1,4,home,1-4,5
2023-12-11,Capitals,Blackhawks,4,2,away,4-2,6
2023-12-11,Predators,Canadiens,2,1,away,2-1,3
2023-12-11,Kings,Rangers,1,4,home,1-4,5
2023-12-11,Jets,Ducks,4,2,away,4-2,6
2023-12-11,Wild,Kraken,3,0,away,3-0,3
2023-12-11,Sharks,Golden Knights,4,5,home,4-5,9
2023-12-12,Coyotes,Sabres,2,5,home,2-5,7
2023-12-12,Maple Leafs,Islanders,3,4,home,3-4,7
2023-12-12,Red Wings,Stars,3,6,home,3-6,9
2023-12-12,Flames,Avalanche,5,6,home,5-6,11
2023-12-13,Maple Leafs,Rangers,7,3,away,7-3,10
2023-12-13,Hurricanes,Senators,4,1,away,4-1,5
2023-12-13,Coyotes,Penguins,2,4,home,2-4,6
2023-12-13,Red Wings,Blues,6,4,away,6-4,10
2023-12-13,Flyers,Predators,2,3,home,2-3,5
2023-12-13,Blackhawks,Oilers,1,4,home,1-4,5
2023-12-13,Panthers,Kraken,0,4,home,0-4,4
2023-12-13,Lightning,Canucks,1,4,home,1-4,5
2023-12-13,Flames,Golden Knights,4,5,home,4-5,9
2023-12-13,Jets,Sharks,1,2,home,1-2,3
2023-12-14,Penguins,Canadiens,4,3,away,4-3,7
2023-12-14,Bruins,Devils,1,2,home,1-2,3
2023-12-14,Ducks,Islanders,3,4,home,3-4,7
2023-12-14,Sabres,Avalanche,1,5,home,1-5,6
2023-12-14,Jets,Kings,5,2,away,5-2,7
2023-12-09,Blues,Blue Jackets,2,5,home,2-5,7
2023-12-09,Penguins,Panthers,1,3,home,1-3,4
2023-12-09,Wild,Oilers,3,4,home,3-4,7
2023-12-09,Coyotes,Bruins,3,5,home,3-5,8
2023-12-09,Devils,Flames,4,2,away,4-2,6
2023-12-09,Golden Knights,Stars,6,1,away,6-1,7
2023-12-10,Canadiens,Sabres,3,2,away,3-2,5
2023-12-10,Senators,Red Wings,5,1,away,5-1,6
2023-12-10,Predators,Maple Leafs,0,4,home,0-4,4
2023-12-10,Rangers,Capitals,0,4,home,0-4,4
2023-12-10,Kings,Islanders,2,3,home,2-3,5
2023-12-10,Blues,Blackhawks,1,3,home,1-3,4
2023-12-10,Flyers,Avalanche,5,2,away,5-2,7
2023-12-10,Lightning,Kraken,4,3,away,4-3,7
2023-12-10,Hurricanes,Canucks,3,4,home,3-4,7
2023-12-10,Panthers,Blue Jackets,5,2,away,5-2,7
2023-12-10,Devils,Oilers,1,4,home,1-4,5
2023-12-11,Capitals,Blackhawks,4,2,away,4-2,6
2023-12-11,Predators,Canadiens,2,1,away,2-1,3
2023-12-11,Kings,Rangers,1,4,home,1-4,5
2023-12-11,Jets,Ducks,4,2,away,4-2,6
2023-12-11,Wild,Kraken,3,0,away,3-0,3
2023-12-11,Sharks,Golden Knights,4,5,home,4-5,9
2023-12-12,Coyotes,Sabres,2,5,home,2-5,7
2023-12-12,Maple Leafs,Islanders,3,4,home,3-4,7
2023-12-12,Red Wings,Stars,3,6,home,3-6,9
2023-12-12,Flames,Avalanche,5,6,home,5-6,11
2023-12-13,Maple Leafs,Rangers,7,3,away,7-3,10
2023-12-13,Hurricanes,Senators,4,1,away,4-1,5
2023-12-13,Coyotes,Penguins,2,4,home,2-4,6
2023-12-13,Red Wings,Blues,6,4,away,6-4,10
2023-12-13,Flyers,Predators,2,3,home,2-3,5
2023-12-13,Blackhawks,Oilers,1,4,home,1-4,5
2023-12-13,Panthers,Kraken,0,4,home,0-4,4
2023-12-13,Lightning,Canucks,1,4,home,1-4,5
2023-12-13,Flames,Golden Knights,4,5,home,4-5,9
2023-12-13,Jets,Sharks,1,2,home,1-2,3
2023-12-14,Penguins,Canadiens,4,3,away,4-3,7
2023-12-14,Bruins,Devils,1,2,home,1-2,3
2023-12-14,Ducks,Islanders,3,4,home,3-4,7
2023-12-14,Sabres,Avalanche,1,5,home,1-5,6
2023-12-14,Jets,Kings,5,2,away,5-2,7
2023-12-15,Capitals,Flyers,3,4,home,3-4,7
2023-12-15,Blue Jackets,Maple Leafs,6,5,away,6-5,11
2023-12-15,Hurricanes,Red Wings,2,1,away,2-1,3
2023-12-15,Flames,Wild,2,3,home,2-3,5
2023-12-15,Senators,Blues,2,4,home,2-4,6
2023-12-15,Lightning,Oilers,7,4,away,7-4,11
2023-12-15,Blackhawks,Kraken,1,7,home,1-7,8
2023-12-15,Panthers,Canucks,0,4,home,0-4,4
2023-12-09,Coyotes,Bruins,3,5,home,3-5,8
2023-12-09,Devils,Flames,4,2,away,4-2,6
2023-12-09,Golden Knights,Stars,6,1,away,6-1,7
2023-12-10,Canadiens,Sabres,3,2,away,3-2,5
2023-12-10,Senators,Red Wings,5,1,away,5-1,6
2023-12-10,Predators,Maple Leafs,0,4,home,0-4,4
2023-12-10,Rangers,Capitals,0,4,home,0-4,4
2023-12-10,Kings,Islanders,2,3,home,2-3,5
2023-12-10,Blues,Blackhawks,1,3,home,1-3,4
2023-12-10,Flyers,Avalanche,5,2,away,5-2,7
2023-12-10,Lightning,Kraken,4,3,away,4-3,7
2023-12-10,Hurricanes,Canucks,3,4,home,3-4,7
2023-12-10,Panthers,Blue Jackets,5,2,away,5-2,7
2023-12-10,Devils,Oilers,1,4,home,1-4,5
2023-12-11,Capitals,Blackhawks,4,2,away,4-2,6
2023-12-11,Predators,Canadiens,2,1,away,2-1,3
2023-12-11,Kings,Rangers,1,4,home,1-4,5
2023-12-11,Jets,Ducks,4,2,away,4-2,6
2023-12-11,Wild,Kraken,3,0,away,3-0,3
2023-12-11,Sharks,Golden Knights,4,5,home,4-5,9
2023-12-12,Coyotes,Sabres,2,5,home,2-5,7
2023-12-12,Maple Leafs,Islanders,3,4,home,3-4,7
2023-12-12,Red Wings,Stars,3,6,home,3-6,9
2023-12-12,Flames,Avalanche,5,6,home,5-6,11
2023-12-13,Maple Leafs,Rangers,7,3,away,7-3,10
2023-12-13,Hurricanes,Senators,4,1,away,4-1,5
2023-12-13,Coyotes,Penguins,2,4,home,2-4,6
2023-12-13,Red Wings,Blues,6,4,away,6-4,10
2023-12-13,Flyers,Predators,2,3,home,2-3,5
2023-12-13,Blackhawks,Oilers,1,4,home,1-4,5
2023-12-13,Panthers,Kraken,0,4,home,0-4,4
2023-12-13,Lightning,Canucks,1,4,home,1-4,5
2023-12-13,Flames,Golden Knights,4,5,home,4-5,9
2023-12-13,Jets,Sharks,1,2,home,1-2,3
2023-12-14,Penguins,Canadiens,4,3,away,4-3,7
2023-12-14,Bruins,Devils,1,2,home,1-2,3
2023-12-14,Ducks,Islanders,3,4,home,3-4,7
2023-12-14,Sabres,Avalanche,1,5,home,1-5,6
2023-12-14,Jets,Kings,5,2,away,5-2,7
2023-12-15,Capitals,Flyers,3,4,home,3-4,7
2023-12-15,Blue Jackets,Maple Leafs,6,5,away,6-5,11
2023-12-15,Hurricanes,Red Wings,2,1,away,2-1,3
2023-12-15,Flames,Wild,2,3,home,2-3,5
2023-12-15,Senators,Blues,2,4,home,2-4,6
2023-12-15,Lightning,Oilers,7,4,away,7-4,11
2023-12-15,Blackhawks,Kraken,1,7,home,1-7,8
2023-12-15,Panthers,Canucks,0,4,home,0-4,4
2023-12-16,Ducks,Rangers,1,5,home,1-5,6
2023-12-16,Predators,Hurricanes,6,5,away,6-5,11
2023-12-16,Bruins,Islanders,5,4,away,5-4,9
2023-12-16,Senators,Stars,4,5,home,4-5,9
2023-12-16,Sharks,Coyotes,0,1,home,0-1,1
2023-12-16,Sabres,Golden Knights,5,2,away,5-2,7
2023-12-10,Panthers,Blue Jackets,5,2,away,5-2,7
2023-12-10,Devils,Oilers,1,4,home,1-4,5
2023-12-11,Capitals,Blackhawks,4,2,away,4-2,6
2023-12-11,Predators,Canadiens,2,1,away,2-1,3
2023-12-11,Kings,Rangers,1,4,home,1-4,5
2023-12-11,Jets,Ducks,4,2,away,4-2,6
2023-12-11,Wild,Kraken,3,0,away,3-0,3
2023-12-11,Sharks,Golden Knights,4,5,home,4-5,9
2023-12-12,Coyotes,Sabres,2,5,home,2-5,7
2023-12-12,Maple Leafs,Islanders,3,4,home,3-4,7
2023-12-12,Red Wings,Stars,3,6,home,3-6,9
2023-12-12,Flames,Avalanche,5,6,home,5-6,11
2023-12-13,Maple Leafs,Rangers,7,3,away,7-3,10
2023-12-13,Hurricanes,Senators,4,1,away,4-1,5
2023-12-13,Coyotes,Penguins,2,4,home,2-4,6
2023-12-13,Red Wings,Blues,6,4,away,6-4,10
2023-12-13,Flyers,Predators,2,3,home,2-3,5
2023-12-13,Blackhawks,Oilers,1,4,home,1-4,5
2023-12-13,Panthers,Kraken,0,4,home,0-4,4
2023-12-13,Lightning,Canucks,1,4,home,1-4,5
2023-12-13,Flames,Golden Knights,4,5,home,4-5,9
2023-12-13,Jets,Sharks,1,2,home,1-2,3
2023-12-14,Penguins,Canadiens,4,3,away,4-3,7
2023-12-14,Bruins,Devils,1,2,home,1-2,3
2023-12-14,Ducks,Islanders,3,4,home,3-4,7
2023-12-14,Sabres,Avalanche,1,5,home,1-5,6
2023-12-14,Jets,Kings,5,2,away,5-2,7
2023-12-15,Capitals,Flyers,3,4,home,3-4,7
2023-12-15,Blue Jackets,Maple Leafs,6,5,away,6-5,11
2023-12-15,Hurricanes,Red Wings,2,1,away,2-1,3
2023-12-15,Flames,Wild,2,3,home,2-3,5
2023-12-15,Senators,Blues,2,4,home,2-4,6
2023-12-15,Lightning,Oilers,7,4,away,7-4,11
2023-12-15,Blackhawks,Kraken,1,7,home,1-7,8
2023-12-15,Panthers,Canucks,0,4,home,0-4,4
2023-12-16,Ducks,Rangers,1,5,home,1-5,6
2023-12-16,Predators,Hurricanes,6,5,away,6-5,11
2023-12-16,Bruins,Islanders,5,4,away,5-4,9
2023-12-16,Senators,Stars,4,5,home,4-5,9
2023-12-16,Sharks,Coyotes,0,1,home,0-1,1
2023-12-16,Sabres,Golden Knights,5,2,away,5-2,7
2023-12-16,Canucks,Wild,1,2,home,1-2,3
2023-12-17,Rangers,Bruins,2,1,away,2-1,3
2023-12-17,Devils,Blue Jackets,6,3,away,6-3,9
2023-12-17,Islanders,Canadiens,3,5,home,3-5,8
2023-12-17,Red Wings,Flyers,0,1,home,0-1,1
2023-12-17,Penguins,Maple Leafs,0,7,home,0-7,7
2023-12-17,Avalanche,Jets,2,6,home,2-6,8
2023-12-17,Capitals,Predators,1,3,home,1-3,4
2023-12-17,Stars,Blues,3,4,home,3-4,7
2023-12-17,Sabres,Coyotes,0,2,home,0-2,2
2023-12-17,Lightning,Flames,2,4,home,2-4,6
2023-12-17,Panthers,Oilers,5,1,away,5-1,6
2023-12-17,Kings,Kraken,3,2,away,3-2,5
2023-12-12,Coyotes,Sabres,2,5,home,2-5,7
2023-12-12,Maple Leafs,Islanders,3,4,home,3-4,7
2023-12-12,Red Wings,Stars,3,6,home,3-6,9
2023-12-12,Flames,Avalanche,5,6,home,5-6,11
2023-12-13,Maple Leafs,Rangers,7,3,away,7-3,10
2023-12-13,Hurricanes,Senators,4,1,away,4-1,5
2023-12-13,Coyotes,Penguins,2,4,home,2-4,6
2023-12-13,Red Wings,Blues,6,4,away,6-4,10
2023-12-13,Flyers,Predators,2,3,home,2-3,5
2023-12-13,Blackhawks,Oilers,1,4,home,1-4,5
2023-12-13,Panthers,Kraken,0,4,home,0-4,4
2023-12-13,Lightning,Canucks,1,4,home,1-4,5
2023-12-13,Flames,Golden Knights,4,5,home,4-5,9
2023-12-13,Jets,Sharks,1,2,home,1-2,3
2023-12-14,Penguins,Canadiens,4,3,away,4-3,7
2023-12-14,Bruins,Devils,1,2,home,1-2,3
2023-12-14,Ducks,Islanders,3,4,home,3-4,7
2023-12-14,Sabres,Avalanche,1,5,home,1-5,6
2023-12-14,Jets,Kings,5,2,away,5-2,7
2023-12-15,Capitals,Flyers,3,4,home,3-4,7
2023-12-15,Blue Jackets,Maple Leafs,6,5,away,6-5,11
2023-12-15,Hurricanes,Red Wings,2,1,away,2-1,3
2023-12-15,Flames,Wild,2,3,home,2-3,5
2023-12-15,Senators,Blues,2,4,home,2-4,6
2023-12-15,Lightning,Oilers,7,4,away,7-4,11
2023-12-15,Blackhawks,Kraken,1,7,home,1-7,8
2023-12-15,Panthers,Canucks,0,4,home,0-4,4
2023-12-16,Ducks,Rangers,1,5,home,1-5,6
2023-12-16,Predators,Hurricanes,6,5,away,6-5,11
2023-12-16,Bruins,Islanders,5,4,away,5-4,9
2023-12-16,Senators,Stars,4,5,home,4-5,9
2023-12-16,Sharks,Coyotes,0,1,home,0-1,1
2023-12-16,Sabres,Golden Knights,5,2,away,5-2,7
2023-12-16,Canucks,Wild,1,2,home,1-2,3
2023-12-17,Rangers,Bruins,2,1,away,2-1,3
2023-12-17,Devils,Blue Jackets,6,3,away,6-3,9
2023-12-17,Islanders,Canadiens,3,5,home,3-5,8
2023-12-17,Red Wings,Flyers,0,1,home,0-1,1
2023-12-17,Penguins,Maple Leafs,0,7,home,0-7,7
2023-12-17,Avalanche,Jets,2,6,home,2-6,8
2023-12-17,Capitals,Predators,1,3,home,1-3,4
2023-12-17,Stars,Blues,3,4,home,3-4,7
2023-12-17,Sabres,Coyotes,0,2,home,0-2,2
2023-12-17,Lightning,Flames,2,4,home,2-4,6
2023-12-17,Panthers,Oilers,5,1,away,5-1,6
2023-12-17,Kings,Kraken,3,2,away,3-2,5
2023-12-17,Canucks,Blackhawks,4,3,away,4-3,7
2023-12-17,Capitals,Hurricanes,2,1,away,2-1,3
2023-12-18,Ducks,Devils,5,1,away,5-1,6
2023-12-18,Sharks,Avalanche,2,6,home,2-6,8
2023-12-18,Senators,Golden Knights,3,6,home,3-6,9
2023-12-13,Maple Leafs,Rangers,7,3,away,7-3,10
2023-12-13,Hurricanes,Senators,4,1,away,4-1,5
2023-12-13,Coyotes,Penguins,2,4,home,2-4,6
2023-12-13,Red Wings,Blues,6,4,away,6-4,10
2023-12-13,Flyers,Predators,2,3,home,2-3,5
2023-12-13,Blackhawks,Oilers,1,4,home,1-4,5
2023-12-13,Panthers,Kraken,0,4,home,0-4,4
2023-12-13,Lightning,Canucks,1,4,home,1-4,5
2023-12-13,Flames,Golden Knights,4,5,home,4-5,9
2023-12-13,Jets,Sharks,1,2,home,1-2,3
2023-12-14,Penguins,Canadiens,4,3,away,4-3,7
2023-12-14,Bruins,Devils,1,2,home,1-2,3
2023-12-14,Ducks,Islanders,3,4,home,3-4,7
2023-12-14,Sabres,Avalanche,1,5,home,1-5,6
2023-12-14,Jets,Kings,5,2,away,5-2,7
2023-12-15,Capitals,Flyers,3,4,home,3-4,7
2023-12-15,Blue Jackets,Maple Leafs,6,5,away,6-5,11
2023-12-15,Hurricanes,Red Wings,2,1,away,2-1,3
2023-12-15,Flames,Wild,2,3,home,2-3,5
2023-12-15,Senators,Blues,2,4,home,2-4,6
2023-12-15,Lightning,Oilers,7,4,away,7-4,11
2023-12-15,Blackhawks,Kraken,1,7,home,1-7,8
2023-12-15,Panthers,Canucks,0,4,home,0-4,4
2023-12-16,Ducks,Rangers,1,5,home,1-5,6
2023-12-16,Predators,Hurricanes,6,5,away,6-5,11
2023-12-16,Bruins,Islanders,5,4,away,5-4,9
2023-12-16,Senators,Stars,4,5,home,4-5,9
2023-12-16,Sharks,Coyotes,0,1,home,0-1,1
2023-12-16,Sabres,Golden Knights,5,2,away,5-2,7
2023-12-16,Canucks,Wild,1,2,home,1-2,3
2023-12-17,Rangers,Bruins,2,1,away,2-1,3
2023-12-17,Devils,Blue Jackets,6,3,away,6-3,9
2023-12-17,Islanders,Canadiens,3,5,home,3-5,8
2023-12-17,Red Wings,Flyers,0,1,home,0-1,1
2023-12-17,Penguins,Maple Leafs,0,7,home,0-7,7
2023-12-17,Avalanche,Jets,2,6,home,2-6,8
2023-12-17,Capitals,Predators,1,3,home,1-3,4
2023-12-17,Stars,Blues,3,4,home,3-4,7
2023-12-17,Sabres,Coyotes,0,2,home,0-2,2
2023-12-17,Lightning,Flames,2,4,home,2-4,6
2023-12-17,Panthers,Oilers,5,1,away,5-1,6
2023-12-17,Kings,Kraken,3,2,away,3-2,5
2023-12-17,Canucks,Blackhawks,4,3,away,4-3,7
2023-12-17,Capitals,Hurricanes,2,1,away,2-1,3
2023-12-18,Ducks,Devils,5,1,away,5-1,6
2023-12-18,Sharks,Avalanche,2,6,home,2-6,8
2023-12-18,Senators,Golden Knights,3,6,home,3-6,9
2023-12-19,Ducks,Red Wings,4,3,away,4-3,7
2023-12-19,Wild,Penguins,3,4,home,3-4,7
2023-12-19,Canadiens,Jets,3,2,away,3-2,5
2023-12-19,Kraken,Stars,3,4,home,3-4,7
2023-12-19,Panthers,Flames,1,3,home,1-3,4
2023-12-14,Penguins,Canadiens,4,3,away,4-3,7
2023-12-14,Bruins,Devils,1,2,home,1-2,3
2023-12-14,Ducks,Islanders,3,4,home,3-4,7
2023-12-14,Sabres,Avalanche,1,5,home,1-5,6
2023-12-14,Jets,Kings,5,2,away,5-2,7
2023-12-15,Capitals,Flyers,3,4,home,3-4,7
2023-12-15,Blue Jackets,Maple Leafs,6,5,away,6-5,11
2023-12-15,Hurricanes,Red Wings,2,1,away,2-1,3
2023-12-15,Flames,Wild,2,3,home,2-3,5
2023-12-15,Senators,Blues,2,4,home,2-4,6
2023-12-15,Lightning,Oilers,7,4,away,7-4,11
2023-12-15,Blackhawks,Kraken,1,7,home,1-7,8
2023-12-15,Panthers,Canucks,0,4,home,0-4,4
2023-12-16,Ducks,Rangers,1,5,home,1-5,6
2023-12-16,Predators,Hurricanes,6,5,away,6-5,11
2023-12-16,Bruins,Islanders,5,4,away,5-4,9
2023-12-16,Senators,Stars,4,5,home,4-5,9
2023-12-16,Sharks,Coyotes,0,1,home,0-1,1
2023-12-16,Sabres,Golden Knights,5,2,away,5-2,7
2023-12-16,Canucks,Wild,1,2,home,1-2,3
2023-12-17,Rangers,Bruins,2,1,away,2-1,3
2023-12-17,Devils,Blue Jackets,6,3,away,6-3,9
2023-12-17,Islanders,Canadiens,3,5,home,3-5,8
2023-12-17,Red Wings,Flyers,0,1,home,0-1,1
2023-12-17,Penguins,Maple Leafs,0,7,home,0-7,7
2023-12-17,Avalanche,Jets,2,6,home,2-6,8
2023-12-17,Capitals,Predators,1,3,home,1-3,4
2023-12-17,Stars,Blues,3,4,home,3-4,7
2023-12-17,Sabres,Coyotes,0,2,home,0-2,2
2023-12-17,Lightning,Flames,2,4,home,2-4,6
2023-12-17,Panthers,Oilers,5,1,away,5-1,6
2023-12-17,Kings,Kraken,3,2,away,3-2,5
2023-12-17,Canucks,Blackhawks,4,3,away,4-3,7
2023-12-17,Capitals,Hurricanes,2,1,away,2-1,3
2023-12-18,Ducks,Devils,5,1,away,5-1,6
2023-12-18,Sharks,Avalanche,2,6,home,2-6,8
2023-12-18,Senators,Golden Knights,3,6,home,3-6,9
2023-12-19,Ducks,Red Wings,4,3,away,4-3,7
2023-12-19,Wild,Penguins,3,4,home,3-4,7
2023-12-19,Canadiens,Jets,3,2,away,3-2,5
2023-12-19,Kraken,Stars,3,4,home,3-4,7
2023-12-19,Panthers,Flames,1,3,home,1-3,4
2023-12-20,Wild,Bruins,4,3,away,4-3,7
2023-12-20,Blue Jackets,Sabres,9,4,away,9-4,13
2023-12-20,Golden Knights,Hurricanes,3,6,home,3-6,9
2023-12-20,Flyers,Devils,3,2,away,3-2,5
2023-12-20,Blues,Lightning,1,6,home,1-6,7
2023-12-20,Rangers,Maple Leafs,5,2,away,5-2,7
2023-12-20,Oilers,Islanders,1,3,home,1-3,4
2023-12-20,Canucks,Predators,5,2,away,5-2,7
2023-12-20,Avalanche,Blackhawks,2,3,home,2-3,5
2023-12-20,Senators,Coyotes,3,4,home,3-4,7
2023-12-20,Kings,Sharks,4,1,away,4-1,5
2023-12-15,Capitals,Flyers,3,4,home,3-4,7
2023-12-15,Blue Jackets,Maple Leafs,6,5,away,6-5,11
2023-12-15,Hurricanes,Red Wings,2,1,away,2-1,3
2023-12-15,Flames,Wild,2,3,home,2-3,5
2023-12-15,Senators,Blues,2,4,home,2-4,6
2023-12-15,Lightning,Oilers,7,4,away,7-4,11
2023-12-15,Blackhawks,Kraken,1,7,home,1-7,8
2023-12-15,Panthers,Canucks,0,4,home,0-4,4
2023-12-16,Ducks,Rangers,1,5,home,1-5,6
2023-12-16,Predators,Hurricanes,6,5,away,6-5,11
2023-12-16,Bruins,Islanders,5,4,away,5-4,9
2023-12-16,Senators,Stars,4,5,home,4-5,9
2023-12-16,Sharks,Coyotes,0,1,home,0-1,1
2023-12-16,Sabres,Golden Knights,5,2,away,5-2,7
2023-12-16,Canucks,Wild,1,2,home,1-2,3
2023-12-17,Rangers,Bruins,2,1,away,2-1,3
2023-12-17,Devils,Blue Jackets,6,3,away,6-3,9
2023-12-17,Islanders,Canadiens,3,5,home,3-5,8
2023-12-17,Red Wings,Flyers,0,1,home,0-1,1
2023-12-17,Penguins,Maple Leafs,0,7,home,0-7,7
2023-12-17,Avalanche,Jets,2,6,home,2-6,8
2023-12-17,Capitals,Predators,1,3,home,1-3,4
2023-12-17,Stars,Blues,3,4,home,3-4,7
2023-12-17,Sabres,Coyotes,0,2,home,0-2,2
2023-12-17,Lightning,Flames,2,4,home,2-4,6
2023-12-17,Panthers,Oilers,5,1,away,5-1,6
2023-12-17,Kings,Kraken,3,2,away,3-2,5
2023-12-17,Canucks,Blackhawks,4,3,away,4-3,7
2023-12-17,Capitals,Hurricanes,2,1,away,2-1,3
2023-12-18,Ducks,Devils,5,1,away,5-1,6
2023-12-18,Sharks,Avalanche,2,6,home,2-6,8
2023-12-18,Senators,Golden Knights,3,6,home,3-6,9
2023-12-19,Ducks,Red Wings,4,3,away,4-3,7
2023-12-19,Wild,Penguins,3,4,home,3-4,7
2023-12-19,Canadiens,Jets,3,2,away,3-2,5
2023-12-19,Kraken,Stars,3,4,home,3-4,7
2023-12-19,Panthers,Flames,1,3,home,1-3,4
2023-12-20,Wild,Bruins,4,3,away,4-3,7
2023-12-20,Blue Jackets,Sabres,9,4,away,9-4,13
2023-12-20,Golden Knights,Hurricanes,3,6,home,3-6,9
2023-12-20,Flyers,Devils,3,2,away,3-2,5
2023-12-20,Blues,Lightning,1,6,home,1-6,7
2023-12-20,Rangers,Maple Leafs,5,2,away,5-2,7
2023-12-20,Oilers,Islanders,1,3,home,1-3,4
2023-12-20,Canucks,Predators,5,2,away,5-2,7
2023-12-20,Avalanche,Blackhawks,2,3,home,2-3,5
2023-12-20,Senators,Coyotes,3,4,home,3-4,7
2023-12-20,Kings,Sharks,4,1,away,4-1,5
2023-12-21,Red Wings,Jets,2,5,home,2-5,7
2023-12-21,Islanders,Capitals,2,3,home,2-3,5
2023-12-21,Kraken,Kings,2,1,away,2-1,3
2023-12-16,Ducks,Rangers,1,5,home,1-5,6
2023-12-16,Predators,Hurricanes,6,5,away,6-5,11
2023-12-16,Bruins,Islanders,5,4,away,5-4,9
2023-12-16,Senators,Stars,4,5,home,4-5,9
2023-12-16,Sharks,Coyotes,0,1,home,0-1,1
2023-12-16,Sabres,Golden Knights,5,2,away,5-2,7
2023-12-16,Canucks,Wild,1,2,home,1-2,3
2023-12-17,Rangers,Bruins,2,1,away,2-1,3
2023-12-17,Devils,Blue Jackets,6,3,away,6-3,9
2023-12-17,Islanders,Canadiens,3,5,home,3-5,8
2023-12-17,Red Wings,Flyers,0,1,home,0-1,1
2023-12-17,Penguins,Maple Leafs,0,7,home,0-7,7
2023-12-17,Avalanche,Jets,2,6,home,2-6,8
2023-12-17,Capitals,Predators,1,3,home,1-3,4
2023-12-17,Stars,Blues,3,4,home,3-4,7
2023-12-17,Sabres,Coyotes,0,2,home,0-2,2
2023-12-17,Lightning,Flames,2,4,home,2-4,6
2023-12-17,Panthers,Oilers,5,1,away,5-1,6
2023-12-17,Kings,Kraken,3,2,away,3-2,5
2023-12-17,Canucks,Blackhawks,4,3,away,4-3,7
2023-12-17,Capitals,Hurricanes,2,1,away,2-1,3
2023-12-18,Ducks,Devils,5,1,away,5-1,6
2023-12-18,Sharks,Avalanche,2,6,home,2-6,8
2023-12-18,Senators,Golden Knights,3,6,home,3-6,9
2023-12-19,Ducks,Red Wings,4,3,away,4-3,7
2023-12-19,Wild,Penguins,3,4,home,3-4,7
2023-12-19,Canadiens,Jets,3,2,away,3-2,5
2023-12-19,Kraken,Stars,3,4,home,3-4,7
2023-12-19,Panthers,Flames,1,3,home,1-3,4
2023-12-20,Wild,Bruins,4,3,away,4-3,7
2023-12-20,Blue Jackets,Sabres,9,4,away,9-4,13
2023-12-20,Golden Knights,Hurricanes,3,6,home,3-6,9
2023-12-20,Flyers,Devils,3,2,away,3-2,5
2023-12-20,Blues,Lightning,1,6,home,1-6,7
2023-12-20,Rangers,Maple Leafs,5,2,away,5-2,7
2023-12-20,Oilers,Islanders,1,3,home,1-3,4
2023-12-20,Canucks,Predators,5,2,away,5-2,7
2023-12-20,Avalanche,Blackhawks,2,3,home,2-3,5
2023-12-20,Senators,Coyotes,3,4,home,3-4,7
2023-12-20,Kings,Sharks,4,1,away,4-1,5
2023-12-21,Red Wings,Jets,2,5,home,2-5,7
2023-12-21,Islanders,Capitals,2,3,home,2-3,5
2023-12-21,Kraken,Kings,2,1,away,2-1,3
2023-12-22,Maple Leafs,Sabres,3,9,home,3-9,12
2023-12-22,Capitals,Blue Jackets,3,2,away,3-2,5
2023-12-22,Blues,Panthers,4,1,away,4-1,5
2023-12-22,Predators,Flyers,4,2,away,4-2,6
2023-12-22,Hurricanes,Penguins,1,2,home,1-2,3
2023-12-22,Golden Knights,Lightning,4,5,home,4-5,9
2023-12-22,Oilers,Devils,6,3,away,6-3,9
2023-12-22,Canucks,Stars,3,4,home,3-4,7
2023-12-22,Canadiens,Wild,3,4,home,3-4,7
2023-12-22,Senators,Avalanche,4,6,home,4-6,10
2023-12-22,Flames,Ducks,3,0,away,3-0,3
2023-12-22,Coyotes,Sharks,5,2,away,5-2,7
2023-12-16,Canucks,Wild,1,2,home,1-2,3
2023-12-17,Rangers,Bruins,2,1,away,2-1,3
2023-12-17,Devils,Blue Jackets,6,3,away,6-3,9
2023-12-17,Islanders,Canadiens,3,5,home,3-5,8
2023-12-17,Red Wings,Flyers,0,1,home,0-1,1
2023-12-17,Penguins,Maple Leafs,0,7,home,0-7,7
2023-12-17,Avalanche,Jets,2,6,home,2-6,8
2023-12-17,Capitals,Predators,1,3,home,1-3,4
2023-12-17,Stars,Blues,3,4,home,3-4,7
2023-12-17,Sabres,Coyotes,0,2,home,0-2,2
2023-12-17,Lightning,Flames,2,4,home,2-4,6
2023-12-17,Panthers,Oilers,5,1,away,5-1,6
2023-12-17,Kings,Kraken,3,2,away,3-2,5
2023-12-17,Canucks,Blackhawks,4,3,away,4-3,7
2023-12-17,Capitals,Hurricanes,2,1,away,2-1,3
2023-12-18,Ducks,Devils,5,1,away,5-1,6
2023-12-18,Sharks,Avalanche,2,6,home,2-6,8
2023-12-18,Senators,Golden Knights,3,6,home,3-6,9
2023-12-19,Ducks,Red Wings,4,3,away,4-3,7
2023-12-19,Wild,Penguins,3,4,home,3-4,7
2023-12-19,Canadiens,Jets,3,2,away,3-2,5
2023-12-19,Kraken,Stars,3,4,home,3-4,7
2023-12-19,Panthers,Flames,1,3,home,1-3,4
2023-12-20,Wild,Bruins,4,3,away,4-3,7
2023-12-20,Blue Jackets,Sabres,9,4,away,9-4,13
2023-12-20,Golden Knights,Hurricanes,3,6,home,3-6,9
2023-12-20,Flyers,Devils,3,2,away,3-2,5
2023-12-20,Blues,Lightning,1,6,home,1-6,7
2023-12-20,Rangers,Maple Leafs,5,2,away,5-2,7
2023-12-20,Oilers,Islanders,1,3,home,1-3,4
2023-12-20,Canucks,Predators,5,2,away,5-2,7
2023-12-20,Avalanche,Blackhawks,2,3,home,2-3,5
2023-12-20,Senators,Coyotes,3,4,home,3-4,7
2023-12-20,Kings,Sharks,4,1,away,4-1,5
2023-12-21,Red Wings,Jets,2,5,home,2-5,7
2023-12-21,Islanders,Capitals,2,3,home,2-3,5
2023-12-21,Kraken,Kings,2,1,away,2-1,3
2023-12-22,Maple Leafs,Sabres,3,9,home,3-9,12
2023-12-22,Capitals,Blue Jackets,3,2,away,3-2,5
2023-12-22,Blues,Panthers,4,1,away,4-1,5
2023-12-22,Predators,Flyers,4,2,away,4-2,6
2023-12-22,Hurricanes,Penguins,1,2,home,1-2,3
2023-12-22,Golden Knights,Lightning,4,5,home,4-5,9
2023-12-22,Oilers,Devils,6,3,away,6-3,9
2023-12-22,Canucks,Stars,3,4,home,3-4,7
2023-12-22,Canadiens,Wild,3,4,home,3-4,7
2023-12-22,Senators,Avalanche,4,6,home,4-6,10
2023-12-22,Flames,Ducks,3,0,away,3-0,3
2023-12-22,Coyotes,Sharks,5,2,away,5-2,7
2023-12-23,Flyers,Red Wings,6,7,home,6-7,13
2023-12-23,Oilers,Rangers,4,3,away,4-3,7
2023-12-23,Bruins,Jets,1,5,home,1-5,6
2023-12-23,Canadiens,Blackhawks,5,2,away,5-2,7
2023-12-17,Canucks,Blackhawks,4,3,away,4-3,7
2023-12-17,Capitals,Hurricanes,2,1,away,2-1,3
2023-12-18,Ducks,Devils,5,1,away,5-1,6
2023-12-18,Sharks,Avalanche,2,6,home,2-6,8
2023-12-18,Senators,Golden Knights,3,6,home,3-6,9
2023-12-19,Ducks,Red Wings,4,3,away,4-3,7
2023-12-19,Wild,Penguins,3,4,home,3-4,7
2023-12-19,Canadiens,Jets,3,2,away,3-2,5
2023-12-19,Kraken,Stars,3,4,home,3-4,7
2023-12-19,Panthers,Flames,1,3,home,1-3,4
2023-12-20,Wild,Bruins,4,3,away,4-3,7
2023-12-20,Blue Jackets,Sabres,9,4,away,9-4,13
2023-12-20,Golden Knights,Hurricanes,3,6,home,3-6,9
2023-12-20,Flyers,Devils,3,2,away,3-2,5
2023-12-20,Blues,Lightning,1,6,home,1-6,7
2023-12-20,Rangers,Maple Leafs,5,2,away,5-2,7
2023-12-20,Oilers,Islanders,1,3,home,1-3,4
2023-12-20,Canucks,Predators,5,2,away,5-2,7
2023-12-20,Avalanche,Blackhawks,2,3,home,2-3,5
2023-12-20,Senators,Coyotes,3,4,home,3-4,7
2023-12-20,Kings,Sharks,4,1,away,4-1,5
2023-12-21,Red Wings,Jets,2,5,home,2-5,7
2023-12-21,Islanders,Capitals,2,3,home,2-3,5
2023-12-21,Kraken,Kings,2,1,away,2-1,3
2023-12-22,Maple Leafs,Sabres,3,9,home,3-9,12
2023-12-22,Capitals,Blue Jackets,3,2,away,3-2,5
2023-12-22,Blues,Panthers,4,1,away,4-1,5
2023-12-22,Predators,Flyers,4,2,away,4-2,6
2023-12-22,Hurricanes,Penguins,1,2,home,1-2,3
2023-12-22,Golden Knights,Lightning,4,5,home,4-5,9
2023-12-22,Oilers,Devils,6,3,away,6-3,9
2023-12-22,Canucks,Stars,3,4,home,3-4,7
2023-12-22,Canadiens,Wild,3,4,home,3-4,7
2023-12-22,Senators,Avalanche,4,6,home,4-6,10
2023-12-22,Flames,Ducks,3,0,away,3-0,3
2023-12-22,Coyotes,Sharks,5,2,away,5-2,7
2023-12-23,Flyers,Red Wings,6,7,home,6-7,13
2023-12-23,Oilers,Rangers,4,3,away,4-3,7
2023-12-23,Bruins,Jets,1,5,home,1-5,6
2023-12-23,Canadiens,Blackhawks,5,2,away,5-2,7
2023-12-23,Stars,Predators,3,2,away,3-2,5
2023-12-23,Golden Knights,Panthers,2,4,home,2-4,6
2023-12-24,Maple Leafs,Blue Jackets,4,1,away,4-1,5
2023-12-24,Bruins,Wild,2,3,home,2-3,5
2023-12-24,Red Wings,Devils,2,3,home,2-3,5
2023-12-24,Penguins,Senators,4,5,home,4-5,9
2023-12-24,Lightning,Capitals,2,1,away,2-1,3
2023-12-24,Islanders,Hurricanes,5,4,away,5-4,9
2023-12-24,Sabres,Rangers,3,4,home,3-4,7
2023-12-24,Kraken,Ducks,3,2,away,3-2,5
2023-12-24,Blackhawks,Blues,5,7,home,5-7,12
2023-12-24,Coyotes,Avalanche,1,4,home,1-4,5
2023-12-24,Flames,Kings,3,5,home,3-5,8
2023-12-24,Sharks,Canucks,4,7,home,4-7,11
2023-12-19,Ducks,Red Wings,4,3,away,4-3,7
2023-12-19,Wild,Penguins,3,4,home,3-4,7
2023-12-19,Canadiens,Jets,3,2,away,3-2,5
2023-12-19,Kraken,Stars,3,4,home,3-4,7
2023-12-19,Panthers,Flames,1,3,home,1-3,4
2023-12-20,Wild,Bruins,4,3,away,4-3,7
2023-12-20,Blue Jackets,Sabres,9,4,away,9-4,13
2023-12-20,Golden Knights,Hurricanes,3,6,home,3-6,9
2023-12-20,Flyers,Devils,3,2,away,3-2,5
2023-12-20,Blues,Lightning,1,6,home,1-6,7
2023-12-20,Rangers,Maple Leafs,5,2,away,5-2,7
2023-12-20,Oilers,Islanders,1,3,home,1-3,4
2023-12-20,Canucks,Predators,5,2,away,5-2,7
2023-12-20,Avalanche,Blackhawks,2,3,home,2-3,5
2023-12-20,Senators,Coyotes,3,4,home,3-4,7
2023-12-20,Kings,Sharks,4,1,away,4-1,5
2023-12-21,Red Wings,Jets,2,5,home,2-5,7
2023-12-21,Islanders,Capitals,2,3,home,2-3,5
2023-12-21,Kraken,Kings,2,1,away,2-1,3
2023-12-22,Maple Leafs,Sabres,3,9,home,3-9,12
2023-12-22,Capitals,Blue Jackets,3,2,away,3-2,5
2023-12-22,Blues,Panthers,4,1,away,4-1,5
2023-12-22,Predators,Flyers,4,2,away,4-2,6
2023-12-22,Hurricanes,Penguins,1,2,home,1-2,3
2023-12-22,Golden Knights,Lightning,4,5,home,4-5,9
2023-12-22,Oilers,Devils,6,3,away,6-3,9
2023-12-22,Canucks,Stars,3,4,home,3-4,7
2023-12-22,Canadiens,Wild,3,4,home,3-4,7
2023-12-22,Senators,Avalanche,4,6,home,4-6,10
2023-12-22,Flames,Ducks,3,0,away,3-0,3
2023-12-22,Coyotes,Sharks,5,2,away,5-2,7
2023-12-23,Flyers,Red Wings,6,7,home,6-7,13
2023-12-23,Oilers,Rangers,4,3,away,4-3,7
2023-12-23,Bruins,Jets,1,5,home,1-5,6
2023-12-23,Canadiens,Blackhawks,5,2,away,5-2,7
2023-12-23,Stars,Predators,3,2,away,3-2,5
2023-12-23,Golden Knights,Panthers,2,4,home,2-4,6
2023-12-24,Maple Leafs,Blue Jackets,4,1,away,4-1,5
2023-12-24,Bruins,Wild,2,3,home,2-3,5
2023-12-24,Red Wings,Devils,2,3,home,2-3,5
2023-12-24,Penguins,Senators,4,5,home,4-5,9
2023-12-24,Lightning,Capitals,2,1,away,2-1,3
2023-12-24,Islanders,Hurricanes,5,4,away,5-4,9
2023-12-24,Sabres,Rangers,3,4,home,3-4,7
2023-12-24,Kraken,Ducks,3,2,away,3-2,5
2023-12-24,Blackhawks,Blues,5,7,home,5-7,12
2023-12-24,Coyotes,Avalanche,1,4,home,1-4,5
2023-12-24,Flames,Kings,3,5,home,3-5,8
2023-12-24,Sharks,Canucks,4,7,home,4-7,11
2023-12-20,Wild,Bruins,4,3,away,4-3,7
2023-12-20,Blue Jackets,Sabres,9,4,away,9-4,13
2023-12-20,Golden Knights,Hurricanes,3,6,home,3-6,9
2023-12-20,Flyers,Devils,3,2,away,3-2,5
2023-12-20,Blues,Lightning,1,6,home,1-6,7
2023-12-20,Rangers,Maple Leafs,5,2,away,5-2,7
2023-12-20,Oilers,Islanders,1,3,home,1-3,4
2023-12-20,Canucks,Predators,5,2,away,5-2,7
2023-12-20,Avalanche,Blackhawks,2,3,home,2-3,5
2023-12-20,Senators,Coyotes,3,4,home,3-4,7
2023-12-20,Kings,Sharks,4,1,away,4-1,5
2023-12-21,Red Wings,Jets,2,5,home,2-5,7
2023-12-21,Islanders,Capitals,2,3,home,2-3,5
2023-12-21,Kraken,Kings,2,1,away,2-1,3
2023-12-22,Maple Leafs,Sabres,3,9,home,3-9,12
2023-12-22,Capitals,Blue Jackets,3,2,away,3-2,5
2023-12-22,Blues,Panthers,4,1,away,4-1,5
2023-12-22,Predators,Flyers,4,2,away,4-2,6
2023-12-22,Hurricanes,Penguins,1,2,home,1-2,3
2023-12-22,Golden Knights,Lightning,4,5,home,4-5,9
2023-12-22,Oilers,Devils,6,3,away,6-3,9
2023-12-22,Canucks,Stars,3,4,home,3-4,7
2023-12-22,Canadiens,Wild,3,4,home,3-4,7
2023-12-22,Senators,Avalanche,4,6,home,4-6,10
2023-12-22,Flames,Ducks,3,0,away,3-0,3
2023-12-22,Coyotes,Sharks,5,2,away,5-2,7
2023-12-23,Flyers,Red Wings,6,7,home,6-7,13
2023-12-23,Oilers,Rangers,4,3,away,4-3,7
2023-12-23,Bruins,Jets,1,5,home,1-5,6
2023-12-23,Canadiens,Blackhawks,5,2,away,5-2,7
2023-12-23,Stars,Predators,3,2,away,3-2,5
2023-12-23,Golden Knights,Panthers,2,4,home,2-4,6
2023-12-24,Maple Leafs,Blue Jackets,4,1,away,4-1,5
2023-12-24,Bruins,Wild,2,3,home,2-3,5
2023-12-24,Red Wings,Devils,2,3,home,2-3,5
2023-12-24,Penguins,Senators,4,5,home,4-5,9
2023-12-24,Lightning,Capitals,2,1,away,2-1,3
2023-12-24,Islanders,Hurricanes,5,4,away,5-4,9
2023-12-24,Sabres,Rangers,3,4,home,3-4,7
2023-12-24,Kraken,Ducks,3,2,away,3-2,5
2023-12-24,Blackhawks,Blues,5,7,home,5-7,12
2023-12-24,Coyotes,Avalanche,1,4,home,1-4,5
2023-12-24,Flames,Kings,3,5,home,3-5,8
2023-12-24,Sharks,Canucks,4,7,home,4-7,11
2023-12-21,Red Wings,Jets,2,5,home,2-5,7
2023-12-21,Islanders,Capitals,2,3,home,2-3,5
2023-12-21,Kraken,Kings,2,1,away,2-1,3
2023-12-22,Maple Leafs,Sabres,3,9,home,3-9,12
2023-12-22,Capitals,Blue Jackets,3,2,away,3-2,5
2023-12-22,Blues,Panthers,4,1,away,4-1,5
2023-12-22,Predators,Flyers,4,2,away,4-2,6
2023-12-22,Hurricanes,Penguins,1,2,home,1-2,3
2023-12-22,Golden Knights,Lightning,4,5,home,4-5,9
2023-12-22,Oilers,Devils,6,3,away,6-3,9
2023-12-22,Canucks,Stars,3,4,home,3-4,7
2023-12-22,Canadiens,Wild,3,4,home,3-4,7
2023-12-22,Senators,Avalanche,4,6,home,4-6,10
2023-12-22,Flames,Ducks,3,0,away,3-0,3
2023-12-22,Coyotes,Sharks,5,2,away,5-2,7
2023-12-23,Flyers,Red Wings,6,7,home,6-7,13
2023-12-23,Oilers,Rangers,4,3,away,4-3,7
2023-12-23,Bruins,Jets,1,5,home,1-5,6
2023-12-23,Canadiens,Blackhawks,5,2,away,5-2,7
2023-12-23,Stars,Predators,3,2,away,3-2,5
2023-12-23,Golden Knights,Panthers,2,4,home,2-4,6
2023-12-24,Maple Leafs,Blue Jackets,4,1,away,4-1,5
2023-12-24,Bruins,Wild,2,3,home,2-3,5
2023-12-24,Red Wings,Devils,2,3,home,2-3,5
2023-12-24,Penguins,Senators,4,5,home,4-5,9
2023-12-24,Lightning,Capitals,2,1,away,2-1,3
2023-12-24,Islanders,Hurricanes,5,4,away,5-4,9
2023-12-24,Sabres,Rangers,3,4,home,3-4,7
2023-12-24,Kraken,Ducks,3,2,away,3-2,5
2023-12-24,Blackhawks,Blues,5,7,home,5-7,12
2023-12-24,Coyotes,Avalanche,1,4,home,1-4,5
2023-12-24,Flames,Kings,3,5,home,3-5,8
2023-12-24,Sharks,Canucks,4,7,home,4-7,11
2023-12-22,Maple Leafs,Sabres,3,9,home,3-9,12
2023-12-22,Capitals,Blue Jackets,3,2,away,3-2,5
2023-12-22,Blues,Panthers,4,1,away,4-1,5
2023-12-22,Predators,Flyers,4,2,away,4-2,6
2023-12-22,Hurricanes,Penguins,1,2,home,1-2,3
2023-12-22,Golden Knights,Lightning,4,5,home,4-5,9
2023-12-22,Oilers,Devils,6,3,away,6-3,9
2023-12-22,Canucks,Stars,3,4,home,3-4,7
2023-12-22,Canadiens,Wild,3,4,home,3-4,7
2023-12-22,Senators,Avalanche,4,6,home,4-6,10
2023-12-22,Flames,Ducks,3,0,away,3-0,3
2023-12-22,Coyotes,Sharks,5,2,away,5-2,7
2023-12-23,Flyers,Red Wings,6,7,home,6-7,13
2023-12-23,Oilers,Rangers,4,3,away,4-3,7
2023-12-23,Bruins,Jets,1,5,home,1-5,6
2023-12-23,Canadiens,Blackhawks,5,2,away,5-2,7
2023-12-23,Stars,Predators,3,2,away,3-2,5
2023-12-23,Golden Knights,Panthers,2,4,home,2-4,6
2023-12-24,Maple Leafs,Blue Jackets,4,1,away,4-1,5
2023-12-24,Bruins,Wild,2,3,home,2-3,5
2023-12-24,Red Wings,Devils,2,3,home,2-3,5
2023-12-24,Penguins,Senators,4,5,home,4-5,9
2023-12-24,Lightning,Capitals,2,1,away,2-1,3
2023-12-24,Islanders,Hurricanes,5,4,away,5-4,9
2023-12-24,Sabres,Rangers,3,4,home,3-4,7
2023-12-24,Kraken,Ducks,3,2,away,3-2,5
2023-12-24,Blackhawks,Blues,5,7,home,5-7,12
2023-12-24,Coyotes,Avalanche,1,4,home,1-4,5
2023-12-24,Flames,Kings,3,5,home,3-5,8
2023-12-24,Sharks,Canucks,4,7,home,4-7,11
2023-12-28,Blue Jackets,Devils,3,4,home,3-4,7
2023-12-28,Capitals,Rangers,1,5,home,1-5,6
2023-12-28,Panthers,Lightning,3,2,away,3-2,5
2023-12-28,Senators,Maple Leafs,4,2,away,4-2,6
2023-12-28,Bruins,Sabres,4,1,away,4-1,5
2023-12-28,Penguins,Islanders,7,0,away,7-0,7
2023-12-28,Red Wings,Wild,3,6,home,3-6,9
2023-12-28,Hurricanes,Predators,5,2,away,5-2,7
2023-12-28,Stars,Blues,1,2,home,1-2,3
2023-12-28,Avalanche,Coyotes,4,5,home,4-5,9
2023-12-28,Jets,Blackhawks,1,2,home,1-2,3
2023-12-28,Kraken,Flames,2,1,away,2-1,3
2023-12-28,Golden Knights,Ducks,2,5,home,2-5,7
2023-12-28,Sharks,Kings,1,5,home,1-5,6
2023-12-23,Flyers,Red Wings,6,7,home,6-7,13
2023-12-23,Oilers,Rangers,4,3,away,4-3,7
2023-12-23,Bruins,Jets,1,5,home,1-5,6
2023-12-23,Canadiens,Blackhawks,5,2,away,5-2,7
2023-12-23,Stars,Predators,3,2,away,3-2,5
2023-12-23,Golden Knights,Panthers,2,4,home,2-4,6
2023-12-24,Maple Leafs,Blue Jackets,4,1,away,4-1,5
2023-12-24,Bruins,Wild,2,3,home,2-3,5
2023-12-24,Red Wings,Devils,2,3,home,2-3,5
2023-12-24,Penguins,Senators,4,5,home,4-5,9
2023-12-24,Lightning,Capitals,2,1,away,2-1,3
2023-12-24,Islanders,Hurricanes,5,4,away,5-4,9
2023-12-24,Sabres,Rangers,3,4,home,3-4,7
2023-12-24,Kraken,Ducks,3,2,away,3-2,5
2023-12-24,Blackhawks,Blues,5,7,home,5-7,12
2023-12-24,Coyotes,Avalanche,1,4,home,1-4,5
2023-12-24,Flames,Kings,3,5,home,3-5,8
2023-12-24,Sharks,Canucks,4,7,home,4-7,11
2023-12-28,Blue Jackets,Devils,3,4,home,3-4,7
2023-12-28,Capitals,Rangers,1,5,home,1-5,6
2023-12-28,Panthers,Lightning,3,2,away,3-2,5
2023-12-28,Senators,Maple Leafs,4,2,away,4-2,6
2023-12-28,Bruins,Sabres,4,1,away,4-1,5
2023-12-28,Penguins,Islanders,7,0,away,7-0,7
2023-12-28,Red Wings,Wild,3,6,home,3-6,9
2023-12-28,Hurricanes,Predators,5,2,away,5-2,7
2023-12-28,Stars,Blues,1,2,home,1-2,3
2023-12-28,Avalanche,Coyotes,4,5,home,4-5,9
2023-12-28,Jets,Blackhawks,1,2,home,1-2,3
2023-12-28,Kraken,Flames,2,1,away,2-1,3
2023-12-28,Golden Knights,Ducks,2,5,home,2-5,7
2023-12-28,Sharks,Kings,1,5,home,1-5,6
2023-12-29,Canadiens,Hurricanes,3,5,home,3-5,8
2023-12-29,Flyers,Canucks,4,1,away,4-1,5
2023-12-29,Kings,Golden Knights,2,3,home,2-3,5
2023-12-29,Oilers,Sharks,5,0,away,5-0,5
2023-12-23,Stars,Predators,3,2,away,3-2,5
2023-12-23,Golden Knights,Panthers,2,4,home,2-4,6
2023-12-24,Maple Leafs,Blue Jackets,4,1,away,4-1,5
2023-12-24,Bruins,Wild,2,3,home,2-3,5
2023-12-24,Red Wings,Devils,2,3,home,2-3,5
2023-12-24,Penguins,Senators,4,5,home,4-5,9
2023-12-24,Lightning,Capitals,2,1,away,2-1,3
2023-12-24,Islanders,Hurricanes,5,4,away,5-4,9
2023-12-24,Sabres,Rangers,3,4,home,3-4,7
2023-12-24,Kraken,Ducks,3,2,away,3-2,5
2023-12-24,Blackhawks,Blues,5,7,home,5-7,12
2023-12-24,Coyotes,Avalanche,1,4,home,1-4,5
2023-12-24,Flames,Kings,3,5,home,3-5,8
2023-12-24,Sharks,Canucks,4,7,home,4-7,11
2023-12-28,Blue Jackets,Devils,3,4,home,3-4,7
2023-12-28,Capitals,Rangers,1,5,home,1-5,6
2023-12-28,Panthers,Lightning,3,2,away,3-2,5
2023-12-28,Senators,Maple Leafs,4,2,away,4-2,6
2023-12-28,Bruins,Sabres,4,1,away,4-1,5
2023-12-28,Penguins,Islanders,7,0,away,7-0,7
2023-12-28,Red Wings,Wild,3,6,home,3-6,9
2023-12-28,Hurricanes,Predators,5,2,away,5-2,7
2023-12-28,Stars,Blues,1,2,home,1-2,3
2023-12-28,Avalanche,Coyotes,4,5,home,4-5,9
2023-12-28,Jets,Blackhawks,1,2,home,1-2,3
2023-12-28,Kraken,Flames,2,1,away,2-1,3
2023-12-28,Golden Knights,Ducks,2,5,home,2-5,7
2023-12-28,Sharks,Kings,1,5,home,1-5,6
2023-12-29,Canadiens,Hurricanes,3,5,home,3-5,8
2023-12-29,Flyers,Canucks,4,1,away,4-1,5
2023-12-29,Kings,Golden Knights,2,3,home,2-3,5
2023-12-29,Oilers,Sharks,5,0,away,5-0,5
2023-12-30,Maple Leafs,Blue Jackets,5,6,home,5-6,11
2023-12-30,Predators,Red Wings,4,5,home,4-5,9
2023-12-30,Rangers,Panthers,3,4,home,3-4,7
2023-12-30,Devils,Senators,6,2,away,6-2,8
2023-12-30,Capitals,Islanders,1,5,home,1-5,6
2023-12-30,Blackhawks,Stars,4,5,home,4-5,9
2023-12-30,Avalanche,Blues,2,1,away,2-1,3
2023-12-30,Coyotes,Ducks,2,0,away,2-0,2
2023-12-30,Flyers,Kraken,1,2,home,1-2,3
2023-12-28,Blue Jackets,Devils,3,4,home,3-4,7
2023-12-28,Capitals,Rangers,1,5,home,1-5,6
2023-12-28,Panthers,Lightning,3,2,away,3-2,5
2023-12-28,Senators,Maple Leafs,4,2,away,4-2,6
2023-12-28,Bruins,Sabres,4,1,away,4-1,5
2023-12-28,Penguins,Islanders,7,0,away,7-0,7
2023-12-28,Red Wings,Wild,3,6,home,3-6,9
2023-12-28,Hurricanes,Predators,5,2,away,5-2,7
2023-12-28,Stars,Blues,1,2,home,1-2,3
2023-12-28,Avalanche,Coyotes,4,5,home,4-5,9
2023-12-28,Jets,Blackhawks,1,2,home,1-2,3
2023-12-28,Kraken,Flames,2,1,away,2-1,3
2023-12-28,Golden Knights,Ducks,2,5,home,2-5,7
2023-12-28,Sharks,Kings,1,5,home,1-5,6
2023-12-29,Canadiens,Hurricanes,3,5,home,3-5,8
2023-12-29,Flyers,Canucks,4,1,away,4-1,5
2023-12-29,Kings,Golden Knights,2,3,home,2-3,5
2023-12-29,Oilers,Sharks,5,0,away,5-0,5
2023-12-30,Maple Leafs,Blue Jackets,5,6,home,5-6,11
2023-12-30,Predators,Red Wings,4,5,home,4-5,9
2023-12-30,Rangers,Panthers,3,4,home,3-4,7
2023-12-30,Devils,Senators,6,2,away,6-2,8
2023-12-30,Capitals,Islanders,1,5,home,1-5,6
2023-12-30,Blackhawks,Stars,4,5,home,4-5,9
2023-12-30,Avalanche,Blues,2,1,away,2-1,3
2023-12-30,Coyotes,Ducks,2,0,away,2-0,2
2023-12-30,Flyers,Kraken,1,2,home,1-2,3
2023-12-30,Wild,Jets,2,4,home,2-4,6
2023-12-30,Blue Jackets,Sabres,2,3,home,2-3,5
2023-12-31,Devils,Bruins,2,5,home,2-5,7
2023-12-31,Canadiens,Panthers,1,4,home,1-4,5
2023-12-31,Blues,Penguins,2,4,home,2-4,6
2023-12-31,Rangers,Lightning,5,1,away,5-1,6
2023-12-31,Hurricanes,Maple Leafs,3,2,away,3-2,5
2023-12-31,Predators,Capitals,3,2,away,3-2,5
2023-12-31,Oilers,Kings,3,2,away,3-2,5
2023-12-28,Blue Jackets,Devils,3,4,home,3-4,7
2023-12-28,Capitals,Rangers,1,5,home,1-5,6
2023-12-28,Panthers,Lightning,3,2,away,3-2,5
2023-12-28,Senators,Maple Leafs,4,2,away,4-2,6
2023-12-28,Bruins,Sabres,4,1,away,4-1,5
2023-12-28,Penguins,Islanders,7,0,away,7-0,7
2023-12-28,Red Wings,Wild,3,6,home,3-6,9
2023-12-28,Hurricanes,Predators,5,2,away,5-2,7
2023-12-28,Stars,Blues,1,2,home,1-2,3
2023-12-28,Avalanche,Coyotes,4,5,home,4-5,9
2023-12-28,Jets,Blackhawks,1,2,home,1-2,3
2023-12-28,Kraken,Flames,2,1,away,2-1,3
2023-12-28,Golden Knights,Ducks,2,5,home,2-5,7
2023-12-28,Sharks,Kings,1,5,home,1-5,6
2023-12-29,Canadiens,Hurricanes,3,5,home,3-5,8
2023-12-29,Flyers,Canucks,4,1,away,4-1,5
2023-12-29,Kings,Golden Knights,2,3,home,2-3,5
2023-12-29,Oilers,Sharks,5,0,away,5-0,5
2023-12-30,Maple Leafs,Blue Jackets,5,6,home,5-6,11
2023-12-30,Predators,Red Wings,4,5,home,4-5,9
2023-12-30,Rangers,Panthers,3,4,home,3-4,7
2023-12-30,Devils,Senators,6,2,away,6-2,8
2023-12-30,Capitals,Islanders,1,5,home,1-5,6
2023-12-30,Blackhawks,Stars,4,5,home,4-5,9
2023-12-30,Avalanche,Blues,2,1,away,2-1,3
2023-12-30,Coyotes,Ducks,2,0,away,2-0,2
2023-12-30,Flyers,Kraken,1,2,home,1-2,3
2023-12-30,Wild,Jets,2,4,home,2-4,6
2023-12-30,Blue Jackets,Sabres,2,3,home,2-3,5
2023-12-31,Devils,Bruins,2,5,home,2-5,7
2023-12-31,Canadiens,Panthers,1,4,home,1-4,5
2023-12-31,Blues,Penguins,2,4,home,2-4,6
2023-12-31,Rangers,Lightning,5,1,away,5-1,6
2023-12-31,Hurricanes,Maple Leafs,3,2,away,3-2,5
2023-12-31,Predators,Capitals,3,2,away,3-2,5
2023-12-31,Oilers,Kings,3,2,away,3-2,5
2023-12-31,Jets,Wild,3,2,away,3-2,5
2023-12-31,Bruins,Red Wings,5,3,away,5-3,8
2023-12-31,Sabres,Senators,1,5,home,1-5,6
2023-12-31,Islanders,Penguins,1,3,home,1-3,4
2024-01-01,Canadiens,Lightning,3,4,home,3-4,7
2024-01-01,Oilers,Ducks,7,2,away,7-2,9
2024-01-01,Flyers,Flames,3,4,home,3-4,7
2024-01-01,Sharks,Avalanche,1,3,home,1-3,4
2024-01-01,Blackhawks,Stars,1,8,home,1-8,9
2023-12-28,Blue Jackets,Devils,3,4,home,3-4,7
2023-12-28,Capitals,Rangers,1,5,home,1-5,6
2023-12-28,Panthers,Lightning,3,2,away,3-2,5
2023-12-28,Senators,Maple Leafs,4,2,away,4-2,6
2023-12-28,Bruins,Sabres,4,1,away,4-1,5
2023-12-28,Penguins,Islanders,7,0,away,7-0,7
2023-12-28,Red Wings,Wild,3,6,home,3-6,9
2023-12-28,Hurricanes,Predators,5,2,away,5-2,7
2023-12-28,Stars,Blues,1,2,home,1-2,3
2023-12-28,Avalanche,Coyotes,4,5,home,4-5,9
2023-12-28,Jets,Blackhawks,1,2,home,1-2,3
2023-12-28,Kraken,Flames,2,1,away,2-1,3
2023-12-28,Golden Knights,Ducks,2,5,home,2-5,7
2023-12-28,Sharks,Kings,1,5,home,1-5,6
2023-12-29,Canadiens,Hurricanes,3,5,home,3-5,8
2023-12-29,Flyers,Canucks,4,1,away,4-1,5
2023-12-29,Kings,Golden Knights,2,3,home,2-3,5
2023-12-29,Oilers,Sharks,5,0,away,5-0,5
2023-12-30,Maple Leafs,Blue Jackets,5,6,home,5-6,11
2023-12-30,Predators,Red Wings,4,5,home,4-5,9
2023-12-30,Rangers,Panthers,3,4,home,3-4,7
2023-12-30,Devils,Senators,6,2,away,6-2,8
2023-12-30,Capitals,Islanders,1,5,home,1-5,6
2023-12-30,Blackhawks,Stars,4,5,home,4-5,9
2023-12-30,Avalanche,Blues,2,1,away,2-1,3
2023-12-30,Coyotes,Ducks,2,0,away,2-0,2
2023-12-30,Flyers,Kraken,1,2,home,1-2,3
2023-12-30,Wild,Jets,2,4,home,2-4,6
2023-12-30,Blue Jackets,Sabres,2,3,home,2-3,5
2023-12-31,Devils,Bruins,2,5,home,2-5,7
2023-12-31,Canadiens,Panthers,1,4,home,1-4,5
2023-12-31,Blues,Penguins,2,4,home,2-4,6
2023-12-31,Rangers,Lightning,5,1,away,5-1,6
2023-12-31,Hurricanes,Maple Leafs,3,2,away,3-2,5
2023-12-31,Predators,Capitals,3,2,away,3-2,5
2023-12-31,Oilers,Kings,3,2,away,3-2,5
2023-12-31,Jets,Wild,3,2,away,3-2,5
2023-12-31,Bruins,Red Wings,5,3,away,5-3,8
2023-12-31,Sabres,Senators,1,5,home,1-5,6
2023-12-31,Islanders,Penguins,1,3,home,1-3,4
2024-01-01,Canadiens,Lightning,3,4,home,3-4,7
2024-01-01,Oilers,Ducks,7,2,away,7-2,9
2024-01-01,Flyers,Flames,3,4,home,3-4,7
2024-01-01,Sharks,Avalanche,1,3,home,1-3,4
2024-01-01,Blackhawks,Stars,1,8,home,1-8,9
2024-01-01,Golden Knights,Kraken,0,3,home,0-3,3
2023-12-28,Blue Jackets,Devils,3,4,home,3-4,7
2023-12-28,Capitals,Rangers,1,5,home,1-5,6
2023-12-28,Panthers,Lightning,3,2,away,3-2,5
2023-12-28,Senators,Maple Leafs,4,2,away,4-2,6
2023-12-28,Bruins,Sabres,4,1,away,4-1,5
2023-12-28,Penguins,Islanders,7,0,away,7-0,7
2023-12-28,Red Wings,Wild,3,6,home,3-6,9
2023-12-28,Hurricanes,Predators,5,2,away,5-2,7
2023-12-28,Stars,Blues,1,2,home,1-2,3
2023-12-28,Avalanche,Coyotes,4,5,home,4-5,9
2023-12-28,Jets,Blackhawks,1,2,home,1-2,3
2023-12-28,Kraken,Flames,2,1,away,2-1,3
2023-12-28,Golden Knights,Ducks,2,5,home,2-5,7
2023-12-28,Sharks,Kings,1,5,home,1-5,6
2023-12-29,Canadiens,Hurricanes,3,5,home,3-5,8
2023-12-29,Flyers,Canucks,4,1,away,4-1,5
2023-12-29,Kings,Golden Knights,2,3,home,2-3,5
2023-12-29,Oilers,Sharks,5,0,away,5-0,5
2023-12-30,Maple Leafs,Blue Jackets,5,6,home,5-6,11
2023-12-30,Predators,Red Wings,4,5,home,4-5,9
2023-12-30,Rangers,Panthers,3,4,home,3-4,7
2023-12-30,Devils,Senators,6,2,away,6-2,8
2023-12-30,Capitals,Islanders,1,5,home,1-5,6
2023-12-30,Blackhawks,Stars,4,5,home,4-5,9
2023-12-30,Avalanche,Blues,2,1,away,2-1,3
2023-12-30,Coyotes,Ducks,2,0,away,2-0,2
2023-12-30,Flyers,Kraken,1,2,home,1-2,3
2023-12-30,Wild,Jets,2,4,home,2-4,6
2023-12-30,Blue Jackets,Sabres,2,3,home,2-3,5
2023-12-31,Devils,Bruins,2,5,home,2-5,7
2023-12-31,Canadiens,Panthers,1,4,home,1-4,5
2023-12-31,Blues,Penguins,2,4,home,2-4,6
2023-12-31,Rangers,Lightning,5,1,away,5-1,6
2023-12-31,Hurricanes,Maple Leafs,3,2,away,3-2,5
2023-12-31,Predators,Capitals,3,2,away,3-2,5
2023-12-31,Oilers,Kings,3,2,away,3-2,5
2023-12-31,Jets,Wild,3,2,away,3-2,5
2023-12-31,Bruins,Red Wings,5,3,away,5-3,8
2023-12-31,Sabres,Senators,1,5,home,1-5,6
2023-12-31,Islanders,Penguins,1,3,home,1-3,4
2024-01-01,Canadiens,Lightning,3,4,home,3-4,7
2024-01-01,Oilers,Ducks,7,2,away,7-2,9
2024-01-01,Flyers,Flames,3,4,home,3-4,7
2024-01-01,Sharks,Avalanche,1,3,home,1-3,4
2024-01-01,Blackhawks,Stars,1,8,home,1-8,9
2024-01-01,Golden Knights,Kraken,0,3,home,0-3,3
2024-01-03,Bruins,Blue Jackets,4,1,away,4-1,5
2024-01-03,Hurricanes,Rangers,6,1,away,6-1,7
2024-01-03,Capitals,Penguins,4,3,away,4-3,7
2024-01-03,Canadiens,Stars,4,3,away,4-3,7
2024-01-03,Flames,Wild,3,1,away,3-1,4
2024-01-03,Blackhawks,Predators,0,3,home,0-3,3
2024-01-03,Lightning,Jets,2,4,home,2-4,6
2024-01-03,Panthers,Coyotes,4,1,away,4-1,5
2024-01-03,Islanders,Avalanche,4,5,home,4-5,9
2024-01-03,Flyers,Oilers,2,5,home,2-5,7
2024-01-03,Senators,Canucks,3,6,home,3-6,9
2024-01-03,Maple Leafs,Kings,3,0,away,3-0,3
2024-01-03,Red Wings,Sharks,5,3,away,5-3,8
2023-12-29,Canadiens,Hurricanes,3,5,home,3-5,8
2023-12-29,Flyers,Canucks,4,1,away,4-1,5
2023-12-29,Kings,Golden Knights,2,3,home,2-3,5
2023-12-29,Oilers,Sharks,5,0,away,5-0,5
2023-12-30,Maple Leafs,Blue Jackets,5,6,home,5-6,11
2023-12-30,Predators,Red Wings,4,5,home,4-5,9
2023-12-30,Rangers,Panthers,3,4,home,3-4,7
2023-12-30,Devils,Senators,6,2,away,6-2,8
2023-12-30,Capitals,Islanders,1,5,home,1-5,6
2023-12-30,Blackhawks,Stars,4,5,home,4-5,9
2023-12-30,Avalanche,Blues,2,1,away,2-1,3
2023-12-30,Coyotes,Ducks,2,0,away,2-0,2
2023-12-30,Flyers,Kraken,1,2,home,1-2,3
2023-12-30,Wild,Jets,2,4,home,2-4,6
2023-12-30,Blue Jackets,Sabres,2,3,home,2-3,5
2023-12-31,Devils,Bruins,2,5,home,2-5,7
2023-12-31,Canadiens,Panthers,1,4,home,1-4,5
2023-12-31,Blues,Penguins,2,4,home,2-4,6
2023-12-31,Rangers,Lightning,5,1,away,5-1,6
2023-12-31,Hurricanes,Maple Leafs,3,2,away,3-2,5
2023-12-31,Predators,Capitals,3,2,away,3-2,5
2023-12-31,Oilers,Kings,3,2,away,3-2,5
2023-12-31,Jets,Wild,3,2,away,3-2,5
2023-12-31,Bruins,Red Wings,5,3,away,5-3,8
2023-12-31,Sabres,Senators,1,5,home,1-5,6
2023-12-31,Islanders,Penguins,1,3,home,1-3,4
2024-01-01,Canadiens,Lightning,3,4,home,3-4,7
2024-01-01,Oilers,Ducks,7,2,away,7-2,9
2024-01-01,Flyers,Flames,3,4,home,3-4,7
2024-01-01,Sharks,Avalanche,1,3,home,1-3,4
2024-01-01,Blackhawks,Stars,1,8,home,1-8,9
2024-01-01,Golden Knights,Kraken,0,3,home,0-3,3
2024-01-03,Bruins,Blue Jackets,4,1,away,4-1,5
2024-01-03,Hurricanes,Rangers,6,1,away,6-1,7
2024-01-03,Capitals,Penguins,4,3,away,4-3,7
2024-01-03,Canadiens,Stars,4,3,away,4-3,7
2024-01-03,Flames,Wild,3,1,away,3-1,4
2024-01-03,Blackhawks,Predators,0,3,home,0-3,3
2024-01-03,Lightning,Jets,2,4,home,2-4,6
2024-01-03,Panthers,Coyotes,4,1,away,4-1,5
2024-01-03,Islanders,Avalanche,4,5,home,4-5,9
2024-01-03,Flyers,Oilers,2,5,home,2-5,7
2024-01-03,Senators,Canucks,3,6,home,3-6,9
2024-01-03,Maple Leafs,Kings,3,0,away,3-0,3
2024-01-03,Red Wings,Sharks,5,3,away,5-3,8
2024-01-04,Devils,Capitals,6,3,away,6-3,9
2024-01-04,Maple Leafs,Ducks,2,1,away,2-1,3
2023-12-30,Maple Leafs,Blue Jackets,5,6,home,5-6,11
2023-12-30,Predators,Red Wings,4,5,home,4-5,9
2023-12-30,Rangers,Panthers,3,4,home,3-4,7
2023-12-30,Devils,Senators,6,2,away,6-2,8
2023-12-30,Capitals,Islanders,1,5,home,1-5,6
2023-12-30,Blackhawks,Stars,4,5,home,4-5,9
2023-12-30,Avalanche,Blues,2,1,away,2-1,3
2023-12-30,Coyotes,Ducks,2,0,away,2-0,2
2023-12-30,Flyers,Kraken,1,2,home,1-2,3
2023-12-30,Wild,Jets,2,4,home,2-4,6
2023-12-30,Blue Jackets,Sabres,2,3,home,2-3,5
2023-12-31,Devils,Bruins,2,5,home,2-5,7
2023-12-31,Canadiens,Panthers,1,4,home,1-4,5
2023-12-31,Blues,Penguins,2,4,home,2-4,6
2023-12-31,Rangers,Lightning,5,1,away,5-1,6
2023-12-31,Hurricanes,Maple Leafs,3,2,away,3-2,5
2023-12-31,Predators,Capitals,3,2,away,3-2,5
2023-12-31,Oilers,Kings,3,2,away,3-2,5
2023-12-31,Jets,Wild,3,2,away,3-2,5
2023-12-31,Bruins,Red Wings,5,3,away,5-3,8
2023-12-31,Sabres,Senators,1,5,home,1-5,6
2023-12-31,Islanders,Penguins,1,3,home,1-3,4
2024-01-01,Canadiens,Lightning,3,4,home,3-4,7
2024-01-01,Oilers,Ducks,7,2,away,7-2,9
2024-01-01,Flyers,Flames,3,4,home,3-4,7
2024-01-01,Sharks,Avalanche,1,3,home,1-3,4
2024-01-01,Blackhawks,Stars,1,8,home,1-8,9
2024-01-01,Golden Knights,Kraken,0,3,home,0-3,3
2024-01-03,Bruins,Blue Jackets,4,1,away,4-1,5
2024-01-03,Hurricanes,Rangers,6,1,away,6-1,7
2024-01-03,Capitals,Penguins,4,3,away,4-3,7
2024-01-03,Canadiens,Stars,4,3,away,4-3,7
2024-01-03,Flames,Wild,3,1,away,3-1,4
2024-01-03,Blackhawks,Predators,0,3,home,0-3,3
2024-01-03,Lightning,Jets,2,4,home,2-4,6
2024-01-03,Panthers,Coyotes,4,1,away,4-1,5
2024-01-03,Islanders,Avalanche,4,5,home,4-5,9
2024-01-03,Flyers,Oilers,2,5,home,2-5,7
2024-01-03,Senators,Canucks,3,6,home,3-6,9
2024-01-03,Maple Leafs,Kings,3,0,away,3-0,3
2024-01-03,Red Wings,Sharks,5,3,away,5-3,8
2024-01-04,Devils,Capitals,6,3,away,6-3,9
2024-01-04,Maple Leafs,Ducks,2,1,away,2-1,3
2024-01-05,Penguins,Bruins,6,5,away,6-5,11
2024-01-05,Sabres,Canadiens,6,1,away,6-1,7
2024-01-05,Blackhawks,Rangers,1,4,home,1-4,5
2024-01-05,Blue Jackets,Flyers,3,2,away,3-2,5
2024-01-05,Avalanche,Stars,5,4,away,5-4,9
2024-01-05,Lightning,Wild,4,1,away,4-1,5
2024-01-05,Flames,Predators,6,3,away,6-3,9
2024-01-05,Canucks,Blues,1,2,home,1-2,3
2024-01-05,Islanders,Coyotes,5,1,away,5-1,6
2024-01-05,Senators,Kraken,1,4,home,1-4,5
2024-01-05,Panthers,Golden Knights,4,1,away,4-1,5
2024-01-05,Red Wings,Kings,4,3,away,4-3,7
2024-01-05,Jets,Sharks,2,1,away,2-1,3
2023-12-30,Wild,Jets,2,4,home,2-4,6
2023-12-30,Blue Jackets,Sabres,2,3,home,2-3,5
2023-12-31,Devils,Bruins,2,5,home,2-5,7
2023-12-31,Canadiens,Panthers,1,4,home,1-4,5
2023-12-31,Blues,Penguins,2,4,home,2-4,6
2023-12-31,Rangers,Lightning,5,1,away,5-1,6
2023-12-31,Hurricanes,Maple Leafs,3,2,away,3-2,5
2023-12-31,Predators,Capitals,3,2,away,3-2,5
2023-12-31,Oilers,Kings,3,2,away,3-2,5
2023-12-31,Jets,Wild,3,2,away,3-2,5
2023-12-31,Bruins,Red Wings,5,3,away,5-3,8
2023-12-31,Sabres,Senators,1,5,home,1-5,6
2023-12-31,Islanders,Penguins,1,3,home,1-3,4
2024-01-01,Canadiens,Lightning,3,4,home,3-4,7
2024-01-01,Oilers,Ducks,7,2,away,7-2,9
2024-01-01,Flyers,Flames,3,4,home,3-4,7
2024-01-01,Sharks,Avalanche,1,3,home,1-3,4
2024-01-01,Blackhawks,Stars,1,8,home,1-8,9
2024-01-01,Golden Knights,Kraken,0,3,home,0-3,3
2024-01-03,Bruins,Blue Jackets,4,1,away,4-1,5
2024-01-03,Hurricanes,Rangers,6,1,away,6-1,7
2024-01-03,Capitals,Penguins,4,3,away,4-3,7
2024-01-03,Canadiens,Stars,4,3,away,4-3,7
2024-01-03,Flames,Wild,3,1,away,3-1,4
2024-01-03,Blackhawks,Predators,0,3,home,0-3,3
2024-01-03,Lightning,Jets,2,4,home,2-4,6
2024-01-03,Panthers,Coyotes,4,1,away,4-1,5
2024-01-03,Islanders,Avalanche,4,5,home,4-5,9
2024-01-03,Flyers,Oilers,2,5,home,2-5,7
2024-01-03,Senators,Canucks,3,6,home,3-6,9
2024-01-03,Maple Leafs,Kings,3,0,away,3-0,3
2024-01-03,Red Wings,Sharks,5,3,away,5-3,8
2024-01-04,Devils,Capitals,6,3,away,6-3,9
2024-01-04,Maple Leafs,Ducks,2,1,away,2-1,3
2024-01-05,Penguins,Bruins,6,5,away,6-5,11
2024-01-05,Sabres,Canadiens,6,1,away,6-1,7
2024-01-05,Blackhawks,Rangers,1,4,home,1-4,5
2024-01-05,Blue Jackets,Flyers,3,2,away,3-2,5
2024-01-05,Avalanche,Stars,5,4,away,5-4,9
2024-01-05,Lightning,Wild,4,1,away,4-1,5
2024-01-05,Flames,Predators,6,3,away,6-3,9
2024-01-05,Canucks,Blues,1,2,home,1-2,3
2024-01-05,Islanders,Coyotes,5,1,away,5-1,6
2024-01-05,Senators,Kraken,1,4,home,1-4,5
2024-01-05,Panthers,Golden Knights,4,1,away,4-1,5
2024-01-05,Red Wings,Kings,4,3,away,4-3,7
2024-01-05,Jets,Sharks,2,1,away,2-1,3
2024-01-06,Blackhawks,Devils,2,4,home,2-4,6
2024-01-06,Hurricanes,Capitals,6,2,away,6-2,8
2024-01-06,Jets,Ducks,3,1,away,3-1,4
2023-12-31,Jets,Wild,3,2,away,3-2,5
2023-12-31,Bruins,Red Wings,5,3,away,5-3,8
2023-12-31,Sabres,Senators,1,5,home,1-5,6
2023-12-31,Islanders,Penguins,1,3,home,1-3,4
2024-01-01,Canadiens,Lightning,3,4,home,3-4,7
2024-01-01,Oilers,Ducks,7,2,away,7-2,9
2024-01-01,Flyers,Flames,3,4,home,3-4,7
2024-01-01,Sharks,Avalanche,1,3,home,1-3,4
2024-01-01,Blackhawks,Stars,1,8,home,1-8,9
2024-01-01,Golden Knights,Kraken,0,3,home,0-3,3
2024-01-03,Bruins,Blue Jackets,4,1,away,4-1,5
2024-01-03,Hurricanes,Rangers,6,1,away,6-1,7
2024-01-03,Capitals,Penguins,4,3,away,4-3,7
2024-01-03,Canadiens,Stars,4,3,away,4-3,7
2024-01-03,Flames,Wild,3,1,away,3-1,4
2024-01-03,Blackhawks,Predators,0,3,home,0-3,3
2024-01-03,Lightning,Jets,2,4,home,2-4,6
2024-01-03,Panthers,Coyotes,4,1,away,4-1,5
2024-01-03,Islanders,Avalanche,4,5,home,4-5,9
2024-01-03,Flyers,Oilers,2,5,home,2-5,7
2024-01-03,Senators,Canucks,3,6,home,3-6,9
2024-01-03,Maple Leafs,Kings,3,0,away,3-0,3
2024-01-03,Red Wings,Sharks,5,3,away,5-3,8
2024-01-04,Devils,Capitals,6,3,away,6-3,9
2024-01-04,Maple Leafs,Ducks,2,1,away,2-1,3
2024-01-05,Penguins,Bruins,6,5,away,6-5,11
2024-01-05,Sabres,Canadiens,6,1,away,6-1,7
2024-01-05,Blackhawks,Rangers,1,4,home,1-4,5
2024-01-05,Blue Jackets,Flyers,3,2,away,3-2,5
2024-01-05,Avalanche,Stars,5,4,away,5-4,9
2024-01-05,Lightning,Wild,4,1,away,4-1,5
2024-01-05,Flames,Predators,6,3,away,6-3,9
2024-01-05,Canucks,Blues,1,2,home,1-2,3
2024-01-05,Islanders,Coyotes,5,1,away,5-1,6
2024-01-05,Senators,Kraken,1,4,home,1-4,5
2024-01-05,Panthers,Golden Knights,4,1,away,4-1,5
2024-01-05,Red Wings,Kings,4,3,away,4-3,7
2024-01-05,Jets,Sharks,2,1,away,2-1,3
2024-01-06,Blackhawks,Devils,2,4,home,2-4,6
2024-01-06,Hurricanes,Capitals,6,2,away,6-2,8
2024-01-06,Jets,Ducks,3,1,away,3-1,4
2024-01-06,Flames,Flyers,2,3,home,2-3,5
2024-01-06,Panthers,Avalanche,8,4,away,8-4,12
2024-01-07,Lightning,Bruins,3,7,home,3-7,10
2024-01-07,Wild,Blue Jackets,4,3,away,4-3,7
2024-01-07,Rangers,Canadiens,3,4,home,3-4,7
2024-01-07,Canucks,Devils,6,4,away,6-4,10
2024-01-07,Sabres,Penguins,3,1,away,3-1,4
2024-01-07,Maple Leafs,Sharks,4,1,away,4-1,5
2024-01-07,Blues,Hurricanes,2,1,away,2-1,3
2024-01-07,Predators,Stars,4,3,away,4-3,7
2024-01-07,Senators,Oilers,1,3,home,1-3,4
2024-01-07,Islanders,Golden Knights,2,5,home,2-5,7
2024-01-01,Golden Knights,Kraken,0,3,home,0-3,3
2024-01-03,Bruins,Blue Jackets,4,1,away,4-1,5
2024-01-03,Hurricanes,Rangers,6,1,away,6-1,7
2024-01-03,Capitals,Penguins,4,3,away,4-3,7
2024-01-03,Canadiens,Stars,4,3,away,4-3,7
2024-01-03,Flames,Wild,3,1,away,3-1,4
2024-01-03,Blackhawks,Predators,0,3,home,0-3,3
2024-01-03,Lightning,Jets,2,4,home,2-4,6
2024-01-03,Panthers,Coyotes,4,1,away,4-1,5
2024-01-03,Islanders,Avalanche,4,5,home,4-5,9
2024-01-03,Flyers,Oilers,2,5,home,2-5,7
2024-01-03,Senators,Canucks,3,6,home,3-6,9
2024-01-03,Maple Leafs,Kings,3,0,away,3-0,3
2024-01-03,Red Wings,Sharks,5,3,away,5-3,8
2024-01-04,Devils,Capitals,6,3,away,6-3,9
2024-01-04,Maple Leafs,Ducks,2,1,away,2-1,3
2024-01-05,Penguins,Bruins,6,5,away,6-5,11
2024-01-05,Sabres,Canadiens,6,1,away,6-1,7
2024-01-05,Blackhawks,Rangers,1,4,home,1-4,5
2024-01-05,Blue Jackets,Flyers,3,2,away,3-2,5
2024-01-05,Avalanche,Stars,5,4,away,5-4,9
2024-01-05,Lightning,Wild,4,1,away,4-1,5
2024-01-05,Flames,Predators,6,3,away,6-3,9
2024-01-05,Canucks,Blues,1,2,home,1-2,3
2024-01-05,Islanders,Coyotes,5,1,away,5-1,6
2024-01-05,Senators,Kraken,1,4,home,1-4,5
2024-01-05,Panthers,Golden Knights,4,1,away,4-1,5
2024-01-05,Red Wings,Kings,4,3,away,4-3,7
2024-01-05,Jets,Sharks,2,1,away,2-1,3
2024-01-06,Blackhawks,Devils,2,4,home,2-4,6
2024-01-06,Hurricanes,Capitals,6,2,away,6-2,8
2024-01-06,Jets,Ducks,3,1,away,3-1,4
2024-01-06,Flames,Flyers,2,3,home,2-3,5
2024-01-06,Panthers,Avalanche,8,4,away,8-4,12
2024-01-07,Lightning,Bruins,3,7,home,3-7,10
2024-01-07,Wild,Blue Jackets,4,3,away,4-3,7
2024-01-07,Rangers,Canadiens,3,4,home,3-4,7
2024-01-07,Canucks,Devils,6,4,away,6-4,10
2024-01-07,Sabres,Penguins,3,1,away,3-1,4
2024-01-07,Maple Leafs,Sharks,4,1,away,4-1,5
2024-01-07,Blues,Hurricanes,2,1,away,2-1,3
2024-01-07,Predators,Stars,4,3,away,4-3,7
2024-01-07,Senators,Oilers,1,3,home,1-3,4
2024-01-07,Islanders,Golden Knights,2,5,home,2-5,7
2024-01-07,Flames,Blackhawks,3,4,home,3-4,7
2024-01-07,Kings,Capitals,3,4,home,3-4,7
2024-01-08,Jets,Coyotes,6,2,away,6-2,8
2024-01-08,Red Wings,Ducks,3,2,away,3-2,5
2024-01-03,Bruins,Blue Jackets,4,1,away,4-1,5
2024-01-03,Hurricanes,Rangers,6,1,away,6-1,7
2024-01-03,Capitals,Penguins,4,3,away,4-3,7
2024-01-03,Canadiens,Stars,4,3,away,4-3,7
2024-01-03,Flames,Wild,3,1,away,3-1,4
2024-01-03,Blackhawks,Predators,0,3,home,0-3,3
2024-01-03,Lightning,Jets,2,4,home,2-4,6
2024-01-03,Panthers,Coyotes,4,1,away,4-1,5
2024-01-03,Islanders,Avalanche,4,5,home,4-5,9
2024-01-03,Flyers,Oilers,2,5,home,2-5,7
2024-01-03,Senators,Canucks,3,6,home,3-6,9
2024-01-03,Maple Leafs,Kings,3,0,away,3-0,3
2024-01-03,Red Wings,Sharks,5,3,away,5-3,8
2024-01-04,Devils,Capitals,6,3,away,6-3,9
2024-01-04,Maple Leafs,Ducks,2,1,away,2-1,3
2024-01-05,Penguins,Bruins,6,5,away,6-5,11
2024-01-05,Sabres,Canadiens,6,1,away,6-1,7
2024-01-05,Blackhawks,Rangers,1,4,home,1-4,5
2024-01-05,Blue Jackets,Flyers,3,2,away,3-2,5
2024-01-05,Avalanche,Stars,5,4,away,5-4,9
2024-01-05,Lightning,Wild,4,1,away,4-1,5
2024-01-05,Flames,Predators,6,3,away,6-3,9
2024-01-05,Canucks,Blues,1,2,home,1-2,3
2024-01-05,Islanders,Coyotes,5,1,away,5-1,6
2024-01-05,Senators,Kraken,1,4,home,1-4,5
2024-01-05,Panthers,Golden Knights,4,1,away,4-1,5
2024-01-05,Red Wings,Kings,4,3,away,4-3,7
2024-01-05,Jets,Sharks,2,1,away,2-1,3
2024-01-06,Blackhawks,Devils,2,4,home,2-4,6
2024-01-06,Hurricanes,Capitals,6,2,away,6-2,8
2024-01-06,Jets,Ducks,3,1,away,3-1,4
2024-01-06,Flames,Flyers,2,3,home,2-3,5
2024-01-06,Panthers,Avalanche,8,4,away,8-4,12
2024-01-07,Lightning,Bruins,3,7,home,3-7,10
2024-01-07,Wild,Blue Jackets,4,3,away,4-3,7
2024-01-07,Rangers,Canadiens,3,4,home,3-4,7
2024-01-07,Canucks,Devils,6,4,away,6-4,10
2024-01-07,Sabres,Penguins,3,1,away,3-1,4
2024-01-07,Maple Leafs,Sharks,4,1,away,4-1,5
2024-01-07,Blues,Hurricanes,2,1,away,2-1,3
2024-01-07,Predators,Stars,4,3,away,4-3,7
2024-01-07,Senators,Oilers,1,3,home,1-3,4
2024-01-07,Islanders,Golden Knights,2,5,home,2-5,7
2024-01-07,Flames,Blackhawks,3,4,home,3-4,7
2024-01-07,Kings,Capitals,3,4,home,3-4,7
2024-01-08,Jets,Coyotes,6,2,away,6-2,8
2024-01-08,Red Wings,Ducks,3,2,away,3-2,5
2024-01-09,Canucks,Rangers,6,3,away,6-3,9
2024-01-09,Penguins,Flyers,4,1,away,4-1,5
2024-01-09,Stars,Wild,4,0,away,4-0,4
2024-01-09,Bruins,Avalanche,3,4,home,3-4,7
2024-01-04,Devils,Capitals,6,3,away,6-3,9
2024-01-04,Maple Leafs,Ducks,2,1,away,2-1,3
2024-01-05,Penguins,Bruins,6,5,away,6-5,11
2024-01-05,Sabres,Canadiens,6,1,away,6-1,7
2024-01-05,Blackhawks,Rangers,1,4,home,1-4,5
2024-01-05,Blue Jackets,Flyers,3,2,away,3-2,5
2024-01-05,Avalanche,Stars,5,4,away,5-4,9
2024-01-05,Lightning,Wild,4,1,away,4-1,5
2024-01-05,Flames,Predators,6,3,away,6-3,9
2024-01-05,Canucks,Blues,1,2,home,1-2,3
2024-01-05,Islanders,Coyotes,5,1,away,5-1,6
2024-01-05,Senators,Kraken,1,4,home,1-4,5
2024-01-05,Panthers,Golden Knights,4,1,away,4-1,5
2024-01-05,Red Wings,Kings,4,3,away,4-3,7
2024-01-05,Jets,Sharks,2,1,away,2-1,3
2024-01-06,Blackhawks,Devils,2,4,home,2-4,6
2024-01-06,Hurricanes,Capitals,6,2,away,6-2,8
2024-01-06,Jets,Ducks,3,1,away,3-1,4
2024-01-06,Flames,Flyers,2,3,home,2-3,5
2024-01-06,Panthers,Avalanche,8,4,away,8-4,12
2024-01-07,Lightning,Bruins,3,7,home,3-7,10
2024-01-07,Wild,Blue Jackets,4,3,away,4-3,7
2024-01-07,Rangers,Canadiens,3,4,home,3-4,7
2024-01-07,Canucks,Devils,6,4,away,6-4,10
2024-01-07,Sabres,Penguins,3,1,away,3-1,4
2024-01-07,Maple Leafs,Sharks,4,1,away,4-1,5
2024-01-07,Blues,Hurricanes,2,1,away,2-1,3
2024-01-07,Predators,Stars,4,3,away,4-3,7
2024-01-07,Senators,Oilers,1,3,home,1-3,4
2024-01-07,Islanders,Golden Knights,2,5,home,2-5,7
2024-01-07,Flames,Blackhawks,3,4,home,3-4,7
2024-01-07,Kings,Capitals,3,4,home,3-4,7
2024-01-08,Jets,Coyotes,6,2,away,6-2,8
2024-01-08,Red Wings,Ducks,3,2,away,3-2,5
2024-01-09,Canucks,Rangers,6,3,away,6-3,9
2024-01-09,Penguins,Flyers,4,1,away,4-1,5
2024-01-09,Stars,Wild,4,0,away,4-0,4
2024-01-09,Bruins,Avalanche,3,4,home,3-4,7
2024-01-10,Kraken,Sabres,5,2,away,5-2,7
2024-01-10,Kings,Lightning,2,3,home,2-3,5
2024-01-10,Sharks,Maple Leafs,1,7,home,1-7,8
2024-01-10,Canucks,Islanders,5,2,away,5-2,7
2024-01-10,Ducks,Predators,5,3,away,5-3,8
2024-01-10,Panthers,Blues,5,1,away,5-1,6
2024-01-10,Blue Jackets,Jets,0,5,home,0-5,5
2024-01-10,Oilers,Blackhawks,2,1,away,2-1,3
2024-01-10,Bruins,Coyotes,3,4,home,3-4,7
2024-01-10,Senators,Flames,3,6,home,3-6,9
2024-01-05,Penguins,Bruins,6,5,away,6-5,11
2024-01-05,Sabres,Canadiens,6,1,away,6-1,7
2024-01-05,Blackhawks,Rangers,1,4,home,1-4,5
2024-01-05,Blue Jackets,Flyers,3,2,away,3-2,5
2024-01-05,Avalanche,Stars,5,4,away,5-4,9
2024-01-05,Lightning,Wild,4,1,away,4-1,5
2024-01-05,Flames,Predators,6,3,away,6-3,9
2024-01-05,Canucks,Blues,1,2,home,1-2,3
2024-01-05,Islanders,Coyotes,5,1,away,5-1,6
2024-01-05,Senators,Kraken,1,4,home,1-4,5
2024-01-05,Panthers,Golden Knights,4,1,away,4-1,5
2024-01-05,Red Wings,Kings,4,3,away,4-3,7
2024-01-05,Jets,Sharks,2,1,away,2-1,3
2024-01-06,Blackhawks,Devils,2,4,home,2-4,6
2024-01-06,Hurricanes,Capitals,6,2,away,6-2,8
2024-01-06,Jets,Ducks,3,1,away,3-1,4
2024-01-06,Flames,Flyers,2,3,home,2-3,5
2024-01-06,Panthers,Avalanche,8,4,away,8-4,12
2024-01-07,Lightning,Bruins,3,7,home,3-7,10
2024-01-07,Wild,Blue Jackets,4,3,away,4-3,7
2024-01-07,Rangers,Canadiens,3,4,home,3-4,7
2024-01-07,Canucks,Devils,6,4,away,6-4,10
2024-01-07,Sabres,Penguins,3,1,away,3-1,4
2024-01-07,Maple Leafs,Sharks,4,1,away,4-1,5
2024-01-07,Blues,Hurricanes,2,1,away,2-1,3
2024-01-07,Predators,Stars,4,3,away,4-3,7
2024-01-07,Senators,Oilers,1,3,home,1-3,4
2024-01-07,Islanders,Golden Knights,2,5,home,2-5,7
2024-01-07,Flames,Blackhawks,3,4,home,3-4,7
2024-01-07,Kings,Capitals,3,4,home,3-4,7
2024-01-08,Jets,Coyotes,6,2,away,6-2,8
2024-01-08,Red Wings,Ducks,3,2,away,3-2,5
2024-01-09,Canucks,Rangers,6,3,away,6-3,9
2024-01-09,Penguins,Flyers,4,1,away,4-1,5
2024-01-09,Stars,Wild,4,0,away,4-0,4
2024-01-09,Bruins,Avalanche,3,4,home,3-4,7
2024-01-10,Kraken,Sabres,5,2,away,5-2,7
2024-01-10,Kings,Lightning,2,3,home,2-3,5
2024-01-10,Sharks,Maple Leafs,1,7,home,1-7,8
2024-01-10,Canucks,Islanders,5,2,away,5-2,7
2024-01-10,Ducks,Predators,5,3,away,5-3,8
2024-01-10,Panthers,Blues,5,1,away,5-1,6
2024-01-10,Blue Jackets,Jets,0,5,home,0-5,5
2024-01-10,Oilers,Blackhawks,2,1,away,2-1,3
2024-01-10,Bruins,Coyotes,3,4,home,3-4,7
2024-01-10,Senators,Flames,3,6,home,3-6,9
2024-01-11,Canadiens,Flyers,2,3,home,2-3,5
2024-01-11,Wild,Stars,2,7,home,2-7,9
2024-01-11,Golden Knights,Avalanche,0,3,home,0-3,3
2024-01-06,Blackhawks,Devils,2,4,home,2-4,6
2024-01-06,Hurricanes,Capitals,6,2,away,6-2,8
2024-01-06,Jets,Ducks,3,1,away,3-1,4
2024-01-06,Flames,Flyers,2,3,home,2-3,5
2024-01-06,Panthers,Avalanche,8,4,away,8-4,12
2024-01-07,Lightning,Bruins,3,7,home,3-7,10
2024-01-07,Wild,Blue Jackets,4,3,away,4-3,7
2024-01-07,Rangers,Canadiens,3,4,home,3-4,7
2024-01-07,Canucks,Devils,6,4,away,6-4,10
2024-01-07,Sabres,Penguins,3,1,away,3-1,4
2024-01-07,Maple Leafs,Sharks,4,1,away,4-1,5
2024-01-07,Blues,Hurricanes,2,1,away,2-1,3
2024-01-07,Predators,Stars,4,3,away,4-3,7
2024-01-07,Senators,Oilers,1,3,home,1-3,4
2024-01-07,Islanders,Golden Knights,2,5,home,2-5,7
2024-01-07,Flames,Blackhawks,3,4,home,3-4,7
2024-01-07,Kings,Capitals,3,4,home,3-4,7
2024-01-08,Jets,Coyotes,6,2,away,6-2,8
2024-01-08,Red Wings,Ducks,3,2,away,3-2,5
2024-01-09,Canucks,Rangers,6,3,away,6-3,9
2024-01-09,Penguins,Flyers,4,1,away,4-1,5
2024-01-09,Stars,Wild,4,0,away,4-0,4
2024-01-09,Bruins,Avalanche,3,4,home,3-4,7
2024-01-10,Kraken,Sabres,5,2,away,5-2,7
2024-01-10,Kings,Lightning,2,3,home,2-3,5
2024-01-10,Sharks,Maple Leafs,1,7,home,1-7,8
2024-01-10,Canucks,Islanders,5,2,away,5-2,7
2024-01-10,Ducks,Predators,5,3,away,5-3,8
2024-01-10,Panthers,Blues,5,1,away,5-1,6
2024-01-10,Blue Jackets,Jets,0,5,home,0-5,5
2024-01-10,Oilers,Blackhawks,2,1,away,2-1,3
2024-01-10,Bruins,Coyotes,3,4,home,3-4,7
2024-01-10,Senators,Flames,3,6,home,3-6,9
2024-01-11,Canadiens,Flyers,2,3,home,2-3,5
2024-01-11,Wild,Stars,2,7,home,2-7,9
2024-01-11,Golden Knights,Avalanche,0,3,home,0-3,3
2024-01-12,Senators,Sabres,3,5,home,3-5,8
2024-01-12,Ducks,Hurricanes,3,6,home,3-6,9
2024-01-12,Oilers,Red Wings,3,2,away,3-2,5
2024-01-12,Kings,Panthers,2,3,home,2-3,5
2024-01-12,Sharks,Canadiens,3,2,away,3-2,5
2024-01-12,Canucks,Penguins,4,3,away,4-3,7
2024-01-12,Devils,Lightning,3,4,home,3-4,7
2024-01-12,Kraken,Capitals,4,1,away,4-1,5
2024-01-12,Maple Leafs,Islanders,3,4,home,3-4,7
2024-01-12,Rangers,Blues,2,5,home,2-5,7
2024-01-12,Blackhawks,Jets,1,2,home,1-2,3
2024-01-12,Flames,Coyotes,6,2,away,6-2,8
2024-01-12,Bruins,Golden Knights,1,2,home,1-2,3
2024-01-06,Flames,Flyers,2,3,home,2-3,5
2024-01-06,Panthers,Avalanche,8,4,away,8-4,12
2024-01-07,Lightning,Bruins,3,7,home,3-7,10
2024-01-07,Wild,Blue Jackets,4,3,away,4-3,7
2024-01-07,Rangers,Canadiens,3,4,home,3-4,7
2024-01-07,Canucks,Devils,6,4,away,6-4,10
2024-01-07,Sabres,Penguins,3,1,away,3-1,4
2024-01-07,Maple Leafs,Sharks,4,1,away,4-1,5
2024-01-07,Blues,Hurricanes,2,1,away,2-1,3
2024-01-07,Predators,Stars,4,3,away,4-3,7
2024-01-07,Senators,Oilers,1,3,home,1-3,4
2024-01-07,Islanders,Golden Knights,2,5,home,2-5,7
2024-01-07,Flames,Blackhawks,3,4,home,3-4,7
2024-01-07,Kings,Capitals,3,4,home,3-4,7
2024-01-08,Jets,Coyotes,6,2,away,6-2,8
2024-01-08,Red Wings,Ducks,3,2,away,3-2,5
2024-01-09,Canucks,Rangers,6,3,away,6-3,9
2024-01-09,Penguins,Flyers,4,1,away,4-1,5
2024-01-09,Stars,Wild,4,0,away,4-0,4
2024-01-09,Bruins,Avalanche,3,4,home,3-4,7
2024-01-10,Kraken,Sabres,5,2,away,5-2,7
2024-01-10,Kings,Lightning,2,3,home,2-3,5
2024-01-10,Sharks,Maple Leafs,1,7,home,1-7,8
2024-01-10,Canucks,Islanders,5,2,away,5-2,7
2024-01-10,Ducks,Predators,5,3,away,5-3,8
2024-01-10,Panthers,Blues,5,1,away,5-1,6
2024-01-10,Blue Jackets,Jets,0,5,home,0-5,5
2024-01-10,Oilers,Blackhawks,2,1,away,2-1,3
2024-01-10,Bruins,Coyotes,3,4,home,3-4,7
2024-01-10,Senators,Flames,3,6,home,3-6,9
2024-01-11,Canadiens,Flyers,2,3,home,2-3,5
2024-01-11,Wild,Stars,2,7,home,2-7,9
2024-01-11,Golden Knights,Avalanche,0,3,home,0-3,3
2024-01-12,Senators,Sabres,3,5,home,3-5,8
2024-01-12,Ducks,Hurricanes,3,6,home,3-6,9
2024-01-12,Oilers,Red Wings,3,2,away,3-2,5
2024-01-12,Kings,Panthers,2,3,home,2-3,5
2024-01-12,Sharks,Canadiens,3,2,away,3-2,5
2024-01-12,Canucks,Penguins,4,3,away,4-3,7
2024-01-12,Devils,Lightning,3,4,home,3-4,7
2024-01-12,Kraken,Capitals,4,1,away,4-1,5
2024-01-12,Maple Leafs,Islanders,3,4,home,3-4,7
2024-01-12,Rangers,Blues,2,5,home,2-5,7
2024-01-12,Blackhawks,Jets,1,2,home,1-2,3
2024-01-12,Flames,Coyotes,6,2,away,6-2,8
2024-01-12,Bruins,Golden Knights,1,2,home,1-2,3
2024-01-13,Predators,Stars,6,3,away,6-3,9
2024-01-13,Flyers,Wild,4,3,away,4-3,7
2024-01-07,Flames,Blackhawks,3,4,home,3-4,7
2024-01-07,Kings,Capitals,3,4,home,3-4,7
2024-01-08,Jets,Coyotes,6,2,away,6-2,8
2024-01-08,Red Wings,Ducks,3,2,away,3-2,5
2024-01-09,Canucks,Rangers,6,3,away,6-3,9
2024-01-09,Penguins,Flyers,4,1,away,4-1,5
2024-01-09,Stars,Wild,4,0,away,4-0,4
2024-01-09,Bruins,Avalanche,3,4,home,3-4,7
2024-01-10,Kraken,Sabres,5,2,away,5-2,7
2024-01-10,Kings,Lightning,2,3,home,2-3,5
2024-01-10,Sharks,Maple Leafs,1,7,home,1-7,8
2024-01-10,Canucks,Islanders,5,2,away,5-2,7
2024-01-10,Ducks,Predators,5,3,away,5-3,8
2024-01-10,Panthers,Blues,5,1,away,5-1,6
2024-01-10,Blue Jackets,Jets,0,5,home,0-5,5
2024-01-10,Oilers,Blackhawks,2,1,away,2-1,3
2024-01-10,Bruins,Coyotes,3,4,home,3-4,7
2024-01-10,Senators,Flames,3,6,home,3-6,9
2024-01-11,Canadiens,Flyers,2,3,home,2-3,5
2024-01-11,Wild,Stars,2,7,home,2-7,9
2024-01-11,Golden Knights,Avalanche,0,3,home,0-3,3
2024-01-12,Senators,Sabres,3,5,home,3-5,8
2024-01-12,Ducks,Hurricanes,3,6,home,3-6,9
2024-01-12,Oilers,Red Wings,3,2,away,3-2,5
2024-01-12,Kings,Panthers,2,3,home,2-3,5
2024-01-12,Sharks,Canadiens,3,2,away,3-2,5
2024-01-12,Canucks,Penguins,4,3,away,4-3,7
2024-01-12,Devils,Lightning,3,4,home,3-4,7
2024-01-12,Kraken,Capitals,4,1,away,4-1,5
2024-01-12,Maple Leafs,Islanders,3,4,home,3-4,7
2024-01-12,Rangers,Blues,2,5,home,2-5,7
2024-01-12,Blackhawks,Jets,1,2,home,1-2,3
2024-01-12,Flames,Coyotes,6,2,away,6-2,8
2024-01-12,Bruins,Golden Knights,1,2,home,1-2,3
2024-01-13,Predators,Stars,6,3,away,6-3,9
2024-01-13,Flyers,Wild,4,3,away,4-3,7
2024-01-13,Rangers,Capitals,2,3,home,2-3,5
2024-01-13,Canucks,Sabres,1,0,away,1-0,1
2024-01-13,Sharks,Senators,4,5,home,4-5,9
2024-01-13,Devils,Panthers,4,1,away,4-1,5
2024-01-14,Penguins,Hurricanes,2,3,home,2-3,5
2024-01-14,Kraken,Blue Jackets,7,4,away,7-4,11
2024-01-14,Kings,Red Wings,3,5,home,3-5,8
2024-01-14,Oilers,Canadiens,2,1,away,2-1,3
2024-01-14,Ducks,Lightning,1,5,home,1-5,6
2024-01-14,Avalanche,Maple Leafs,5,3,away,5-3,8
2024-01-14,Flyers,Jets,2,0,away,2-0,2
2024-01-14,Stars,Blackhawks,3,1,away,3-1,4
2024-01-14,Coyotes,Wild,6,0,away,6-0,6
2024-01-14,Islanders,Predators,1,3,home,1-3,4
2024-01-14,Bruins,Blues,4,3,away,4-3,7
2024-01-14,Flames,Golden Knights,3,1,away,3-1,4
2024-01-09,Canucks,Rangers,6,3,away,6-3,9
2024-01-09,Penguins,Flyers,4,1,away,4-1,5
2024-01-09,Stars,Wild,4,0,away,4-0,4
2024-01-09,Bruins,Avalanche,3,4,home,3-4,7
2024-01-10,Kraken,Sabres,5,2,away,5-2,7
2024-01-10,Kings,Lightning,2,3,home,2-3,5
2024-01-10,Sharks,Maple Leafs,1,7,home,1-7,8
2024-01-10,Canucks,Islanders,5,2,away,5-2,7
2024-01-10,Ducks,Predators,5,3,away,5-3,8
2024-01-10,Panthers,Blues,5,1,away,5-1,6
2024-01-10,Blue Jackets,Jets,0,5,home,0-5,5
2024-01-10,Oilers,Blackhawks,2,1,away,2-1,3
2024-01-10,Bruins,Coyotes,3,4,home,3-4,7
2024-01-10,Senators,Flames,3,6,home,3-6,9
2024-01-11,Canadiens,Flyers,2,3,home,2-3,5
2024-01-11,Wild,Stars,2,7,home,2-7,9
2024-01-11,Golden Knights,Avalanche,0,3,home,0-3,3
2024-01-12,Senators,Sabres,3,5,home,3-5,8
2024-01-12,Ducks,Hurricanes,3,6,home,3-6,9
2024-01-12,Oilers,Red Wings,3,2,away,3-2,5
2024-01-12,Kings,Panthers,2,3,home,2-3,5
2024-01-12,Sharks,Canadiens,3,2,away,3-2,5
2024-01-12,Canucks,Penguins,4,3,away,4-3,7
2024-01-12,Devils,Lightning,3,4,home,3-4,7
2024-01-12,Kraken,Capitals,4,1,away,4-1,5
2024-01-12,Maple Leafs,Islanders,3,4,home,3-4,7
2024-01-12,Rangers,Blues,2,5,home,2-5,7
2024-01-12,Blackhawks,Jets,1,2,home,1-2,3
2024-01-12,Flames,Coyotes,6,2,away,6-2,8
2024-01-12,Bruins,Golden Knights,1,2,home,1-2,3
2024-01-13,Predators,Stars,6,3,away,6-3,9
2024-01-13,Flyers,Wild,4,3,away,4-3,7
2024-01-13,Rangers,Capitals,2,3,home,2-3,5
2024-01-13,Canucks,Sabres,1,0,away,1-0,1
2024-01-13,Sharks,Senators,4,5,home,4-5,9
2024-01-13,Devils,Panthers,4,1,away,4-1,5
2024-01-14,Penguins,Hurricanes,2,3,home,2-3,5
2024-01-14,Kraken,Blue Jackets,7,4,away,7-4,11
2024-01-14,Kings,Red Wings,3,5,home,3-5,8
2024-01-14,Oilers,Canadiens,2,1,away,2-1,3
2024-01-14,Ducks,Lightning,1,5,home,1-5,6
2024-01-14,Avalanche,Maple Leafs,5,3,away,5-3,8
2024-01-14,Flyers,Jets,2,0,away,2-0,2
2024-01-14,Stars,Blackhawks,3,1,away,3-1,4
2024-01-14,Coyotes,Wild,6,0,away,6-0,6
2024-01-14,Islanders,Predators,1,3,home,1-3,4
2024-01-14,Bruins,Blues,4,3,away,4-3,7
2024-01-14,Flames,Golden Knights,3,1,away,3-1,4
2024-01-14,Capitals,Rangers,1,2,home,1-2,3
2024-01-15,Red Wings,Maple Leafs,4,2,away,4-2,6
2024-01-10,Kraken,Sabres,5,2,away,5-2,7
2024-01-10,Kings,Lightning,2,3,home,2-3,5
2024-01-10,Sharks,Maple Leafs,1,7,home,1-7,8
2024-01-10,Canucks,Islanders,5,2,away,5-2,7
2024-01-10,Ducks,Predators,5,3,away,5-3,8
2024-01-10,Panthers,Blues,5,1,away,5-1,6
2024-01-10,Blue Jackets,Jets,0,5,home,0-5,5
2024-01-10,Oilers,Blackhawks,2,1,away,2-1,3
2024-01-10,Bruins,Coyotes,3,4,home,3-4,7
2024-01-10,Senators,Flames,3,6,home,3-6,9
2024-01-11,Canadiens,Flyers,2,3,home,2-3,5
2024-01-11,Wild,Stars,2,7,home,2-7,9
2024-01-11,Golden Knights,Avalanche,0,3,home,0-3,3
2024-01-12,Senators,Sabres,3,5,home,3-5,8
2024-01-12,Ducks,Hurricanes,3,6,home,3-6,9
2024-01-12,Oilers,Red Wings,3,2,away,3-2,5
2024-01-12,Kings,Panthers,2,3,home,2-3,5
2024-01-12,Sharks,Canadiens,3,2,away,3-2,5
2024-01-12,Canucks,Penguins,4,3,away,4-3,7
2024-01-12,Devils,Lightning,3,4,home,3-4,7
2024-01-12,Kraken,Capitals,4,1,away,4-1,5
2024-01-12,Maple Leafs,Islanders,3,4,home,3-4,7
2024-01-12,Rangers,Blues,2,5,home,2-5,7
2024-01-12,Blackhawks,Jets,1,2,home,1-2,3
2024-01-12,Flames,Coyotes,6,2,away,6-2,8
2024-01-12,Bruins,Golden Knights,1,2,home,1-2,3
2024-01-13,Predators,Stars,6,3,away,6-3,9
2024-01-13,Flyers,Wild,4,3,away,4-3,7
2024-01-13,Rangers,Capitals,2,3,home,2-3,5
2024-01-13,Canucks,Sabres,1,0,away,1-0,1
2024-01-13,Sharks,Senators,4,5,home,4-5,9
2024-01-13,Devils,Panthers,4,1,away,4-1,5
2024-01-14,Penguins,Hurricanes,2,3,home,2-3,5
2024-01-14,Kraken,Blue Jackets,7,4,away,7-4,11
2024-01-14,Kings,Red Wings,3,5,home,3-5,8
2024-01-14,Oilers,Canadiens,2,1,away,2-1,3
2024-01-14,Ducks,Lightning,1,5,home,1-5,6
2024-01-14,Avalanche,Maple Leafs,5,3,away,5-3,8
2024-01-14,Flyers,Jets,2,0,away,2-0,2
2024-01-14,Stars,Blackhawks,3,1,away,3-1,4
2024-01-14,Coyotes,Wild,6,0,away,6-0,6
2024-01-14,Islanders,Predators,1,3,home,1-3,4
2024-01-14,Bruins,Blues,4,3,away,4-3,7
2024-01-14,Flames,Golden Knights,3,1,away,3-1,4
2024-01-14,Capitals,Rangers,1,2,home,1-2,3
2024-01-15,Red Wings,Maple Leafs,4,2,away,4-2,6
2024-01-15,Sharks,Sabres,0,3,home,0-3,3
2024-01-15,Devils,Bruins,0,3,home,0-3,3
2024-01-15,Canucks,Blue Jackets,3,4,home,3-4,7
2024-01-15,Ducks,Panthers,5,4,away,5-4,9
2024-01-15,Kraken,Penguins,0,3,home,0-3,3
2024-01-15,Kings,Hurricanes,5,2,away,5-2,7
2024-01-15,Islanders,Wild,0,5,home,0-5,5
2024-01-15,Predators,Golden Knights,1,4,home,1-4,5
2024-01-16,Avalanche,Canadiens,3,4,home,3-4,7
2024-01-16,Flyers,Blues,4,2,away,4-2,6
2024-01-11,Canadiens,Flyers,2,3,home,2-3,5
2024-01-11,Wild,Stars,2,7,home,2-7,9
2024-01-11,Golden Knights,Avalanche,0,3,home,0-3,3
2024-01-12,Senators,Sabres,3,5,home,3-5,8
2024-01-12,Ducks,Hurricanes,3,6,home,3-6,9
2024-01-12,Oilers,Red Wings,3,2,away,3-2,5
2024-01-12,Kings,Panthers,2,3,home,2-3,5
2024-01-12,Sharks,Canadiens,3,2,away,3-2,5
2024-01-12,Canucks,Penguins,4,3,away,4-3,7
2024-01-12,Devils,Lightning,3,4,home,3-4,7
2024-01-12,Kraken,Capitals,4,1,away,4-1,5
2024-01-12,Maple Leafs,Islanders,3,4,home,3-4,7
2024-01-12,Rangers,Blues,2,5,home,2-5,7
2024-01-12,Blackhawks,Jets,1,2,home,1-2,3
2024-01-12,Flames,Coyotes,6,2,away,6-2,8
2024-01-12,Bruins,Golden Knights,1,2,home,1-2,3
2024-01-13,Predators,Stars,6,3,away,6-3,9
2024-01-13,Flyers,Wild,4,3,away,4-3,7
2024-01-13,Rangers,Capitals,2,3,home,2-3,5
2024-01-13,Canucks,Sabres,1,0,away,1-0,1
2024-01-13,Sharks,Senators,4,5,home,4-5,9
2024-01-13,Devils,Panthers,4,1,away,4-1,5
2024-01-14,Penguins,Hurricanes,2,3,home,2-3,5
2024-01-14,Kraken,Blue Jackets,7,4,away,7-4,11
2024-01-14,Kings,Red Wings,3,5,home,3-5,8
2024-01-14,Oilers,Canadiens,2,1,away,2-1,3
2024-01-14,Ducks,Lightning,1,5,home,1-5,6
2024-01-14,Avalanche,Maple Leafs,5,3,away,5-3,8
2024-01-14,Flyers,Jets,2,0,away,2-0,2
2024-01-14,Stars,Blackhawks,3,1,away,3-1,4
2024-01-14,Coyotes,Wild,6,0,away,6-0,6
2024-01-14,Islanders,Predators,1,3,home,1-3,4
2024-01-14,Bruins,Blues,4,3,away,4-3,7
2024-01-14,Flames,Golden Knights,3,1,away,3-1,4
2024-01-14,Capitals,Rangers,1,2,home,1-2,3
2024-01-15,Red Wings,Maple Leafs,4,2,away,4-2,6
2024-01-15,Sharks,Sabres,0,3,home,0-3,3
2024-01-15,Devils,Bruins,0,3,home,0-3,3
2024-01-15,Canucks,Blue Jackets,3,4,home,3-4,7
2024-01-15,Ducks,Panthers,5,4,away,5-4,9
2024-01-15,Kraken,Penguins,0,3,home,0-3,3
2024-01-15,Kings,Hurricanes,5,2,away,5-2,7
2024-01-15,Islanders,Wild,0,5,home,0-5,5
2024-01-15,Predators,Golden Knights,1,4,home,1-4,5
2024-01-16,Avalanche,Canadiens,3,4,home,3-4,7
2024-01-16,Flyers,Blues,4,2,away,4-2,6
2024-01-17,Kraken,Rangers,2,5,home,2-5,7
2024-01-17,Avalanche,Senators,7,4,away,7-4,11
2024-01-17,Ducks,Capitals,0,2,home,0-2,2
2024-01-17,Kings,Stars,1,5,home,1-5,6
2024-01-17,Islanders,Jets,2,4,home,2-4,6
2024-01-17,Sharks,Blackhawks,1,2,home,1-2,3
2024-01-17,Coyotes,Flames,2,3,home,2-3,5
2024-01-17,Maple Leafs,Oilers,2,4,home,2-4,6
2024-01-12,Senators,Sabres,3,5,home,3-5,8
2024-01-12,Ducks,Hurricanes,3,6,home,3-6,9
2024-01-12,Oilers,Red Wings,3,2,away,3-2,5
2024-01-12,Kings,Panthers,2,3,home,2-3,5
2024-01-12,Sharks,Canadiens,3,2,away,3-2,5
2024-01-12,Canucks,Penguins,4,3,away,4-3,7
2024-01-12,Devils,Lightning,3,4,home,3-4,7
2024-01-12,Kraken,Capitals,4,1,away,4-1,5
2024-01-12,Maple Leafs,Islanders,3,4,home,3-4,7
2024-01-12,Rangers,Blues,2,5,home,2-5,7
2024-01-12,Blackhawks,Jets,1,2,home,1-2,3
2024-01-12,Flames,Coyotes,6,2,away,6-2,8
2024-01-12,Bruins,Golden Knights,1,2,home,1-2,3
2024-01-13,Predators,Stars,6,3,away,6-3,9
2024-01-13,Flyers,Wild,4,3,away,4-3,7
2024-01-13,Rangers,Capitals,2,3,home,2-3,5
2024-01-13,Canucks,Sabres,1,0,away,1-0,1
2024-01-13,Sharks,Senators,4,5,home,4-5,9
2024-01-13,Devils,Panthers,4,1,away,4-1,5
2024-01-14,Penguins,Hurricanes,2,3,home,2-3,5
2024-01-14,Kraken,Blue Jackets,7,4,away,7-4,11
2024-01-14,Kings,Red Wings,3,5,home,3-5,8
2024-01-14,Oilers,Canadiens,2,1,away,2-1,3
2024-01-14,Ducks,Lightning,1,5,home,1-5,6
2024-01-14,Avalanche,Maple Leafs,5,3,away,5-3,8
2024-01-14,Flyers,Jets,2,0,away,2-0,2
2024-01-14,Stars,Blackhawks,3,1,away,3-1,4
2024-01-14,Coyotes,Wild,6,0,away,6-0,6
2024-01-14,Islanders,Predators,1,3,home,1-3,4
2024-01-14,Bruins,Blues,4,3,away,4-3,7
2024-01-14,Flames,Golden Knights,3,1,away,3-1,4
2024-01-14,Capitals,Rangers,1,2,home,1-2,3
2024-01-15,Red Wings,Maple Leafs,4,2,away,4-2,6
2024-01-15,Sharks,Sabres,0,3,home,0-3,3
2024-01-15,Devils,Bruins,0,3,home,0-3,3
2024-01-15,Canucks,Blue Jackets,3,4,home,3-4,7
2024-01-15,Ducks,Panthers,5,4,away,5-4,9
2024-01-15,Kraken,Penguins,0,3,home,0-3,3
2024-01-15,Kings,Hurricanes,5,2,away,5-2,7
2024-01-15,Islanders,Wild,0,5,home,0-5,5
2024-01-15,Predators,Golden Knights,1,4,home,1-4,5
2024-01-16,Avalanche,Canadiens,3,4,home,3-4,7
2024-01-16,Flyers,Blues,4,2,away,4-2,6
2024-01-17,Kraken,Rangers,2,5,home,2-5,7
2024-01-17,Avalanche,Senators,7,4,away,7-4,11
2024-01-17,Ducks,Capitals,0,2,home,0-2,2
2024-01-17,Kings,Stars,1,5,home,1-5,6
2024-01-17,Islanders,Jets,2,4,home,2-4,6
2024-01-17,Sharks,Blackhawks,1,2,home,1-2,3
2024-01-17,Coyotes,Flames,2,3,home,2-3,5
2024-01-17,Maple Leafs,Oilers,2,4,home,2-4,6
2024-01-18,Red Wings,Panthers,3,2,away,3-2,5
2024-01-18,Canadiens,Devils,3,2,away,3-2,5
2024-01-13,Predators,Stars,6,3,away,6-3,9
2024-01-13,Flyers,Wild,4,3,away,4-3,7
2024-01-13,Rangers,Capitals,2,3,home,2-3,5
2024-01-13,Canucks,Sabres,1,0,away,1-0,1
2024-01-13,Sharks,Senators,4,5,home,4-5,9
2024-01-13,Devils,Panthers,4,1,away,4-1,5
2024-01-14,Penguins,Hurricanes,2,3,home,2-3,5
2024-01-14,Kraken,Blue Jackets,7,4,away,7-4,11
2024-01-14,Kings,Red Wings,3,5,home,3-5,8
2024-01-14,Oilers,Canadiens,2,1,away,2-1,3
2024-01-14,Ducks,Lightning,1,5,home,1-5,6
2024-01-14,Avalanche,Maple Leafs,5,3,away,5-3,8
2024-01-14,Flyers,Jets,2,0,away,2-0,2
2024-01-14,Stars,Blackhawks,3,1,away,3-1,4
2024-01-14,Coyotes,Wild,6,0,away,6-0,6
2024-01-14,Islanders,Predators,1,3,home,1-3,4
2024-01-14,Bruins,Blues,4,3,away,4-3,7
2024-01-14,Flames,Golden Knights,3,1,away,3-1,4
2024-01-14,Capitals,Rangers,1,2,home,1-2,3
2024-01-15,Red Wings,Maple Leafs,4,2,away,4-2,6
2024-01-15,Sharks,Sabres,0,3,home,0-3,3
2024-01-15,Devils,Bruins,0,3,home,0-3,3
2024-01-15,Canucks,Blue Jackets,3,4,home,3-4,7
2024-01-15,Ducks,Panthers,5,4,away,5-4,9
2024-01-15,Kraken,Penguins,0,3,home,0-3,3
2024-01-15,Kings,Hurricanes,5,2,away,5-2,7
2024-01-15,Islanders,Wild,0,5,home,0-5,5
2024-01-15,Predators,Golden Knights,1,4,home,1-4,5
2024-01-16,Avalanche,Canadiens,3,4,home,3-4,7
2024-01-16,Flyers,Blues,4,2,away,4-2,6
2024-01-17,Kraken,Rangers,2,5,home,2-5,7
2024-01-17,Avalanche,Senators,7,4,away,7-4,11
2024-01-17,Ducks,Capitals,0,2,home,0-2,2
2024-01-17,Kings,Stars,1,5,home,1-5,6
2024-01-17,Islanders,Jets,2,4,home,2-4,6
2024-01-17,Sharks,Blackhawks,1,2,home,1-2,3
2024-01-17,Coyotes,Flames,2,3,home,2-3,5
2024-01-17,Maple Leafs,Oilers,2,4,home,2-4,6
2024-01-18,Red Wings,Panthers,3,2,away,3-2,5
2024-01-18,Canadiens,Devils,3,2,away,3-2,5
2024-01-19,Blackhawks,Sabres,0,3,home,0-3,3
2024-01-19,Avalanche,Bruins,2,5,home,2-5,7
2024-01-19,Canadiens,Senators,2,6,home,2-6,8
2024-01-19,Stars,Flyers,1,5,home,1-5,6
2024-01-19,Wild,Lightning,3,7,home,3-7,10
2024-01-19,Blues,Capitals,2,5,home,2-5,7
2024-01-19,Maple Leafs,Flames,4,3,away,4-3,7
2024-01-19,Kraken,Oilers,2,4,home,2-4,6
2024-01-19,Predators,Kings,2,1,away,2-1,3
2024-01-19,Coyotes,Canucks,1,2,home,1-2,3
2024-01-19,Rangers,Golden Knights,1,5,home,1-5,6
2024-01-13,Rangers,Capitals,2,3,home,2-3,5
2024-01-13,Canucks,Sabres,1,0,away,1-0,1
2024-01-13,Sharks,Senators,4,5,home,4-5,9
2024-01-13,Devils,Panthers,4,1,away,4-1,5
2024-01-14,Penguins,Hurricanes,2,3,home,2-3,5
2024-01-14,Kraken,Blue Jackets,7,4,away,7-4,11
2024-01-14,Kings,Red Wings,3,5,home,3-5,8
2024-01-14,Oilers,Canadiens,2,1,away,2-1,3
2024-01-14,Ducks,Lightning,1,5,home,1-5,6
2024-01-14,Avalanche,Maple Leafs,5,3,away,5-3,8
2024-01-14,Flyers,Jets,2,0,away,2-0,2
2024-01-14,Stars,Blackhawks,3,1,away,3-1,4
2024-01-14,Coyotes,Wild,6,0,away,6-0,6
2024-01-14,Islanders,Predators,1,3,home,1-3,4
2024-01-14,Bruins,Blues,4,3,away,4-3,7
2024-01-14,Flames,Golden Knights,3,1,away,3-1,4
2024-01-14,Capitals,Rangers,1,2,home,1-2,3
2024-01-15,Red Wings,Maple Leafs,4,2,away,4-2,6
2024-01-15,Sharks,Sabres,0,3,home,0-3,3
2024-01-15,Devils,Bruins,0,3,home,0-3,3
2024-01-15,Canucks,Blue Jackets,3,4,home,3-4,7
2024-01-15,Ducks,Panthers,5,4,away,5-4,9
2024-01-15,Kraken,Penguins,0,3,home,0-3,3
2024-01-15,Kings,Hurricanes,5,2,away,5-2,7
2024-01-15,Islanders,Wild,0,5,home,0-5,5
2024-01-15,Predators,Golden Knights,1,4,home,1-4,5
2024-01-16,Avalanche,Canadiens,3,4,home,3-4,7
2024-01-16,Flyers,Blues,4,2,away,4-2,6
2024-01-17,Kraken,Rangers,2,5,home,2-5,7
2024-01-17,Avalanche,Senators,7,4,away,7-4,11
2024-01-17,Ducks,Capitals,0,2,home,0-2,2
2024-01-17,Kings,Stars,1,5,home,1-5,6
2024-01-17,Islanders,Jets,2,4,home,2-4,6
2024-01-17,Sharks,Blackhawks,1,2,home,1-2,3
2024-01-17,Coyotes,Flames,2,3,home,2-3,5
2024-01-17,Maple Leafs,Oilers,2,4,home,2-4,6
2024-01-18,Red Wings,Panthers,3,2,away,3-2,5
2024-01-18,Canadiens,Devils,3,2,away,3-2,5
2024-01-19,Blackhawks,Sabres,0,3,home,0-3,3
2024-01-19,Avalanche,Bruins,2,5,home,2-5,7
2024-01-19,Canadiens,Senators,2,6,home,2-6,8
2024-01-19,Stars,Flyers,1,5,home,1-5,6
2024-01-19,Wild,Lightning,3,7,home,3-7,10
2024-01-19,Blues,Capitals,2,5,home,2-5,7
2024-01-19,Maple Leafs,Flames,4,3,away,4-3,7
2024-01-19,Kraken,Oilers,2,4,home,2-4,6
2024-01-19,Predators,Kings,2,1,away,2-1,3
2024-01-19,Coyotes,Canucks,1,2,home,1-2,3
2024-01-19,Rangers,Golden Knights,1,5,home,1-5,6
2024-01-20,Red Wings,Hurricanes,2,4,home,2-4,6
2024-01-20,Devils,Blue Jackets,4,1,away,4-1,5
2024-01-20,Wild,Panthers,6,4,away,6-4,10
2024-01-20,Islanders,Blackhawks,3,4,home,3-4,7
2024-01-14,Capitals,Rangers,1,2,home,1-2,3
2024-01-15,Red Wings,Maple Leafs,4,2,away,4-2,6
2024-01-15,Sharks,Sabres,0,3,home,0-3,3
2024-01-15,Devils,Bruins,0,3,home,0-3,3
2024-01-15,Canucks,Blue Jackets,3,4,home,3-4,7
2024-01-15,Ducks,Panthers,5,4,away,5-4,9
2024-01-15,Kraken,Penguins,0,3,home,0-3,3
2024-01-15,Kings,Hurricanes,5,2,away,5-2,7
2024-01-15,Islanders,Wild,0,5,home,0-5,5
2024-01-15,Predators,Golden Knights,1,4,home,1-4,5
2024-01-16,Avalanche,Canadiens,3,4,home,3-4,7
2024-01-16,Flyers,Blues,4,2,away,4-2,6
2024-01-17,Kraken,Rangers,2,5,home,2-5,7
2024-01-17,Avalanche,Senators,7,4,away,7-4,11
2024-01-17,Ducks,Capitals,0,2,home,0-2,2
2024-01-17,Kings,Stars,1,5,home,1-5,6
2024-01-17,Islanders,Jets,2,4,home,2-4,6
2024-01-17,Sharks,Blackhawks,1,2,home,1-2,3
2024-01-17,Coyotes,Flames,2,3,home,2-3,5
2024-01-17,Maple Leafs,Oilers,2,4,home,2-4,6
2024-01-18,Red Wings,Panthers,3,2,away,3-2,5
2024-01-18,Canadiens,Devils,3,2,away,3-2,5
2024-01-19,Blackhawks,Sabres,0,3,home,0-3,3
2024-01-19,Avalanche,Bruins,2,5,home,2-5,7
2024-01-19,Canadiens,Senators,2,6,home,2-6,8
2024-01-19,Stars,Flyers,1,5,home,1-5,6
2024-01-19,Wild,Lightning,3,7,home,3-7,10
2024-01-19,Blues,Capitals,2,5,home,2-5,7
2024-01-19,Maple Leafs,Flames,4,3,away,4-3,7
2024-01-19,Kraken,Oilers,2,4,home,2-4,6
2024-01-19,Predators,Kings,2,1,away,2-1,3
2024-01-19,Coyotes,Canucks,1,2,home,1-2,3
2024-01-19,Rangers,Golden Knights,1,5,home,1-5,6
2024-01-20,Red Wings,Hurricanes,2,4,home,2-4,6
2024-01-20,Devils,Blue Jackets,4,1,away,4-1,5
2024-01-20,Wild,Panthers,6,4,away,6-4,10
2024-01-20,Islanders,Blackhawks,3,4,home,3-4,7
2024-01-20,Lightning,Sabres,3,1,away,3-1,4
2024-01-20,Avalanche,Flyers,7,4,away,7-4,11
2024-01-20,Predators,Coyotes,2,3,home,2-3,5
2024-01-20,Jets,Senators,2,1,away,2-1,3
2024-01-21,Canadiens,Bruins,4,9,home,4-9,13
2024-01-21,Stars,Devils,6,2,away,6-2,8
2024-01-21,Maple Leafs,Canucks,4,6,home,4-6,10
2024-01-21,Capitals,Blues,0,3,home,0-3,3
2024-01-21,Oilers,Flames,3,1,away,3-1,4
2024-01-21,Ducks,Sharks,3,5,home,3-5,8
2024-01-21,Penguins,Golden Knights,2,3,home,2-3,5
2024-01-21,Rangers,Kings,1,2,home,1-2,3
2024-01-15,Sharks,Sabres,0,3,home,0-3,3
2024-01-15,Devils,Bruins,0,3,home,0-3,3
2024-01-15,Canucks,Blue Jackets,3,4,home,3-4,7
2024-01-15,Ducks,Panthers,5,4,away,5-4,9
2024-01-15,Kraken,Penguins,0,3,home,0-3,3
2024-01-15,Kings,Hurricanes,5,2,away,5-2,7
2024-01-15,Islanders,Wild,0,5,home,0-5,5
2024-01-15,Predators,Golden Knights,1,4,home,1-4,5
2024-01-16,Avalanche,Canadiens,3,4,home,3-4,7
2024-01-16,Flyers,Blues,4,2,away,4-2,6
2024-01-17,Kraken,Rangers,2,5,home,2-5,7
2024-01-17,Avalanche,Senators,7,4,away,7-4,11
2024-01-17,Ducks,Capitals,0,2,home,0-2,2
2024-01-17,Kings,Stars,1,5,home,1-5,6
2024-01-17,Islanders,Jets,2,4,home,2-4,6
2024-01-17,Sharks,Blackhawks,1,2,home,1-2,3
2024-01-17,Coyotes,Flames,2,3,home,2-3,5
2024-01-17,Maple Leafs,Oilers,2,4,home,2-4,6
2024-01-18,Red Wings,Panthers,3,2,away,3-2,5
2024-01-18,Canadiens,Devils,3,2,away,3-2,5
2024-01-19,Blackhawks,Sabres,0,3,home,0-3,3
2024-01-19,Avalanche,Bruins,2,5,home,2-5,7
2024-01-19,Canadiens,Senators,2,6,home,2-6,8
2024-01-19,Stars,Flyers,1,5,home,1-5,6
2024-01-19,Wild,Lightning,3,7,home,3-7,10
2024-01-19,Blues,Capitals,2,5,home,2-5,7
2024-01-19,Maple Leafs,Flames,4,3,away,4-3,7
2024-01-19,Kraken,Oilers,2,4,home,2-4,6
2024-01-19,Predators,Kings,2,1,away,2-1,3
2024-01-19,Coyotes,Canucks,1,2,home,1-2,3
2024-01-19,Rangers,Golden Knights,1,5,home,1-5,6
2024-01-20,Red Wings,Hurricanes,2,4,home,2-4,6
2024-01-20,Devils,Blue Jackets,4,1,away,4-1,5
2024-01-20,Wild,Panthers,6,4,away,6-4,10
2024-01-20,Islanders,Blackhawks,3,4,home,3-4,7
2024-01-20,Lightning,Sabres,3,1,away,3-1,4
2024-01-20,Avalanche,Flyers,7,4,away,7-4,11
2024-01-20,Predators,Coyotes,2,3,home,2-3,5
2024-01-20,Jets,Senators,2,1,away,2-1,3
2024-01-21,Canadiens,Bruins,4,9,home,4-9,13
2024-01-21,Stars,Devils,6,2,away,6-2,8
2024-01-21,Maple Leafs,Canucks,4,6,home,4-6,10
2024-01-21,Capitals,Blues,0,3,home,0-3,3
2024-01-21,Oilers,Flames,3,1,away,3-1,4
2024-01-21,Ducks,Sharks,3,5,home,3-5,8
2024-01-21,Penguins,Golden Knights,2,3,home,2-3,5
2024-01-21,Rangers,Kings,1,2,home,1-2,3
2024-01-21,Senators,Flyers,5,3,away,5-3,8
2024-01-21,Wild,Hurricanes,5,2,away,5-2,7
2024-01-22,Lightning,Red Wings,1,2,home,1-2,3
2024-01-22,Stars,Islanders,2,3,home,2-3,5
2024-01-22,Rangers,Ducks,5,2,away,5-2,7
2024-01-22,Maple Leafs,Kraken,3,1,away,3-1,4
2024-01-17,Kraken,Rangers,2,5,home,2-5,7
2024-01-17,Avalanche,Senators,7,4,away,7-4,11
2024-01-17,Ducks,Capitals,0,2,home,0-2,2
2024-01-17,Kings,Stars,1,5,home,1-5,6
2024-01-17,Islanders,Jets,2,4,home,2-4,6
2024-01-17,Sharks,Blackhawks,1,2,home,1-2,3
2024-01-17,Coyotes,Flames,2,3,home,2-3,5
2024-01-17,Maple Leafs,Oilers,2,4,home,2-4,6
2024-01-18,Red Wings,Panthers,3,2,away,3-2,5
2024-01-18,Canadiens,Devils,3,2,away,3-2,5
2024-01-19,Blackhawks,Sabres,0,3,home,0-3,3
2024-01-19,Avalanche,Bruins,2,5,home,2-5,7
2024-01-19,Canadiens,Senators,2,6,home,2-6,8
2024-01-19,Stars,Flyers,1,5,home,1-5,6
2024-01-19,Wild,Lightning,3,7,home,3-7,10
2024-01-19,Blues,Capitals,2,5,home,2-5,7
2024-01-19,Maple Leafs,Flames,4,3,away,4-3,7
2024-01-19,Kraken,Oilers,2,4,home,2-4,6
2024-01-19,Predators,Kings,2,1,away,2-1,3
2024-01-19,Coyotes,Canucks,1,2,home,1-2,3
2024-01-19,Rangers,Golden Knights,1,5,home,1-5,6
2024-01-20,Red Wings,Hurricanes,2,4,home,2-4,6
2024-01-20,Devils,Blue Jackets,4,1,away,4-1,5
2024-01-20,Wild,Panthers,6,4,away,6-4,10
2024-01-20,Islanders,Blackhawks,3,4,home,3-4,7
2024-01-20,Lightning,Sabres,3,1,away,3-1,4
2024-01-20,Avalanche,Flyers,7,4,away,7-4,11
2024-01-20,Predators,Coyotes,2,3,home,2-3,5
2024-01-20,Jets,Senators,2,1,away,2-1,3
2024-01-21,Canadiens,Bruins,4,9,home,4-9,13
2024-01-21,Stars,Devils,6,2,away,6-2,8
2024-01-21,Maple Leafs,Canucks,4,6,home,4-6,10
2024-01-21,Capitals,Blues,0,3,home,0-3,3
2024-01-21,Oilers,Flames,3,1,away,3-1,4
2024-01-21,Ducks,Sharks,3,5,home,3-5,8
2024-01-21,Penguins,Golden Knights,2,3,home,2-3,5
2024-01-21,Rangers,Kings,1,2,home,1-2,3
2024-01-21,Senators,Flyers,5,3,away,5-3,8
2024-01-21,Wild,Hurricanes,5,2,away,5-2,7
2024-01-22,Lightning,Red Wings,1,2,home,1-2,3
2024-01-22,Stars,Islanders,2,3,home,2-3,5
2024-01-22,Rangers,Ducks,5,2,away,5-2,7
2024-01-22,Maple Leafs,Kraken,3,1,away,3-1,4
2024-01-23,Jets,Bruins,1,4,home,1-4,5
2024-01-23,Golden Knights,Devils,5,6,home,5-6,11
2024-01-23,Panthers,Predators,4,1,away,4-1,5
2024-01-23,Penguins,Coyotes,2,5,home,2-5,7
2024-01-23,Blackhawks,Canucks,0,2,home,0-2,2
2024-01-23,Sharks,Kings,4,3,away,4-3,7
2024-01-18,Red Wings,Panthers,3,2,away,3-2,5
2024-01-18,Canadiens,Devils,3,2,away,3-2,5
2024-01-19,Blackhawks,Sabres,0,3,home,0-3,3
2024-01-19,Avalanche,Bruins,2,5,home,2-5,7
2024-01-19,Canadiens,Senators,2,6,home,2-6,8
2024-01-19,Stars,Flyers,1,5,home,1-5,6
2024-01-19,Wild,Lightning,3,7,home,3-7,10
2024-01-19,Blues,Capitals,2,5,home,2-5,7
2024-01-19,Maple Leafs,Flames,4,3,away,4-3,7
2024-01-19,Kraken,Oilers,2,4,home,2-4,6
2024-01-19,Predators,Kings,2,1,away,2-1,3
2024-01-19,Coyotes,Canucks,1,2,home,1-2,3
2024-01-19,Rangers,Golden Knights,1,5,home,1-5,6
2024-01-20,Red Wings,Hurricanes,2,4,home,2-4,6
2024-01-20,Devils,Blue Jackets,4,1,away,4-1,5
2024-01-20,Wild,Panthers,6,4,away,6-4,10
2024-01-20,Islanders,Blackhawks,3,4,home,3-4,7
2024-01-20,Lightning,Sabres,3,1,away,3-1,4
2024-01-20,Avalanche,Flyers,7,4,away,7-4,11
2024-01-20,Predators,Coyotes,2,3,home,2-3,5
2024-01-20,Jets,Senators,2,1,away,2-1,3
2024-01-21,Canadiens,Bruins,4,9,home,4-9,13
2024-01-21,Stars,Devils,6,2,away,6-2,8
2024-01-21,Maple Leafs,Canucks,4,6,home,4-6,10
2024-01-21,Capitals,Blues,0,3,home,0-3,3
2024-01-21,Oilers,Flames,3,1,away,3-1,4
2024-01-21,Ducks,Sharks,3,5,home,3-5,8
2024-01-21,Penguins,Golden Knights,2,3,home,2-3,5
2024-01-21,Rangers,Kings,1,2,home,1-2,3
2024-01-21,Senators,Flyers,5,3,away,5-3,8
2024-01-21,Wild,Hurricanes,5,2,away,5-2,7
2024-01-22,Lightning,Red Wings,1,2,home,1-2,3
2024-01-22,Stars,Islanders,2,3,home,2-3,5
2024-01-22,Rangers,Ducks,5,2,away,5-2,7
2024-01-22,Maple Leafs,Kraken,3,1,away,3-1,4
2024-01-23,Jets,Bruins,1,4,home,1-4,5
2024-01-23,Golden Knights,Devils,5,6,home,5-6,11
2024-01-23,Panthers,Predators,4,1,away,4-1,5
2024-01-23,Penguins,Coyotes,2,5,home,2-5,7
2024-01-23,Blackhawks,Canucks,0,2,home,0-2,2
2024-01-23,Sharks,Kings,4,3,away,4-3,7
2024-01-24,Stars,Red Wings,5,4,away,5-4,9
2024-01-24,Senators,Canadiens,4,1,away,4-1,5
2024-01-24,Lightning,Flyers,6,3,away,6-3,9
2024-01-24,Golden Knights,Islanders,3,2,away,3-2,5
2024-01-24,Capitals,Wild,3,5,home,3-5,8
2024-01-24,Blues,Flames,4,3,away,4-3,7
2024-01-24,Blue Jackets,Oilers,1,4,home,1-4,5
2024-01-24,Sabres,Ducks,2,4,home,2-4,6
2024-01-24,Rangers,Sharks,2,3,home,2-3,5
2024-01-19,Blackhawks,Sabres,0,3,home,0-3,3
2024-01-19,Avalanche,Bruins,2,5,home,2-5,7
2024-01-19,Canadiens,Senators,2,6,home,2-6,8
2024-01-19,Stars,Flyers,1,5,home,1-5,6
2024-01-19,Wild,Lightning,3,7,home,3-7,10
2024-01-19,Blues,Capitals,2,5,home,2-5,7
2024-01-19,Maple Leafs,Flames,4,3,away,4-3,7
2024-01-19,Kraken,Oilers,2,4,home,2-4,6
2024-01-19,Predators,Kings,2,1,away,2-1,3
2024-01-19,Coyotes,Canucks,1,2,home,1-2,3
2024-01-19,Rangers,Golden Knights,1,5,home,1-5,6
2024-01-20,Red Wings,Hurricanes,2,4,home,2-4,6
2024-01-20,Devils,Blue Jackets,4,1,away,4-1,5
2024-01-20,Wild,Panthers,6,4,away,6-4,10
2024-01-20,Islanders,Blackhawks,3,4,home,3-4,7
2024-01-20,Lightning,Sabres,3,1,away,3-1,4
2024-01-20,Avalanche,Flyers,7,4,away,7-4,11
2024-01-20,Predators,Coyotes,2,3,home,2-3,5
2024-01-20,Jets,Senators,2,1,away,2-1,3
2024-01-21,Canadiens,Bruins,4,9,home,4-9,13
2024-01-21,Stars,Devils,6,2,away,6-2,8
2024-01-21,Maple Leafs,Canucks,4,6,home,4-6,10
2024-01-21,Capitals,Blues,0,3,home,0-3,3
2024-01-21,Oilers,Flames,3,1,away,3-1,4
2024-01-21,Ducks,Sharks,3,5,home,3-5,8
2024-01-21,Penguins,Golden Knights,2,3,home,2-3,5
2024-01-21,Rangers,Kings,1,2,home,1-2,3
2024-01-21,Senators,Flyers,5,3,away,5-3,8
2024-01-21,Wild,Hurricanes,5,2,away,5-2,7
2024-01-22,Lightning,Red Wings,1,2,home,1-2,3
2024-01-22,Stars,Islanders,2,3,home,2-3,5
2024-01-22,Rangers,Ducks,5,2,away,5-2,7
2024-01-22,Maple Leafs,Kraken,3,1,away,3-1,4
2024-01-23,Jets,Bruins,1,4,home,1-4,5
2024-01-23,Golden Knights,Devils,5,6,home,5-6,11
2024-01-23,Panthers,Predators,4,1,away,4-1,5
2024-01-23,Penguins,Coyotes,2,5,home,2-5,7
2024-01-23,Blackhawks,Canucks,0,2,home,0-2,2
2024-01-23,Sharks,Kings,4,3,away,4-3,7
2024-01-24,Stars,Red Wings,5,4,away,5-4,9
2024-01-24,Senators,Canadiens,4,1,away,4-1,5
2024-01-24,Lightning,Flyers,6,3,away,6-3,9
2024-01-24,Golden Knights,Islanders,3,2,away,3-2,5
2024-01-24,Capitals,Wild,3,5,home,3-5,8
2024-01-24,Blues,Flames,4,3,away,4-3,7
2024-01-24,Blue Jackets,Oilers,1,4,home,1-4,5
2024-01-24,Sabres,Ducks,2,4,home,2-4,6
2024-01-24,Rangers,Sharks,2,3,home,2-3,5
2024-01-25,Coyotes,Panthers,2,6,home,2-6,8
2024-01-25,Jets,Maple Leafs,0,1,home,0-1,1
2024-01-25,Hurricanes,Bruins,3,2,away,3-2,5
2024-01-25,Capitals,Avalanche,2,6,home,2-6,8
2024-01-25,Blackhawks,Kraken,2,6,home,2-6,8
2024-01-25,Blues,Canucks,4,3,away,4-3,7
2024-01-25,Sabres,Kings,5,3,away,5-3,8
2024-01-20,Red Wings,Hurricanes,2,4,home,2-4,6
2024-01-20,Devils,Blue Jackets,4,1,away,4-1,5
2024-01-20,Wild,Panthers,6,4,away,6-4,10
2024-01-20,Islanders,Blackhawks,3,4,home,3-4,7
2024-01-20,Lightning,Sabres,3,1,away,3-1,4
2024-01-20,Avalanche,Flyers,7,4,away,7-4,11
2024-01-20,Predators,Coyotes,2,3,home,2-3,5
2024-01-20,Jets,Senators,2,1,away,2-1,3
2024-01-21,Canadiens,Bruins,4,9,home,4-9,13
2024-01-21,Stars,Devils,6,2,away,6-2,8
2024-01-21,Maple Leafs,Canucks,4,6,home,4-6,10
2024-01-21,Capitals,Blues,0,3,home,0-3,3
2024-01-21,Oilers,Flames,3,1,away,3-1,4
2024-01-21,Ducks,Sharks,3,5,home,3-5,8
2024-01-21,Penguins,Golden Knights,2,3,home,2-3,5
2024-01-21,Rangers,Kings,1,2,home,1-2,3
2024-01-21,Senators,Flyers,5,3,away,5-3,8
2024-01-21,Wild,Hurricanes,5,2,away,5-2,7
2024-01-22,Lightning,Red Wings,1,2,home,1-2,3
2024-01-22,Stars,Islanders,2,3,home,2-3,5
2024-01-22,Rangers,Ducks,5,2,away,5-2,7
2024-01-22,Maple Leafs,Kraken,3,1,away,3-1,4
2024-01-23,Jets,Bruins,1,4,home,1-4,5
2024-01-23,Golden Knights,Devils,5,6,home,5-6,11
2024-01-23,Panthers,Predators,4,1,away,4-1,5
2024-01-23,Penguins,Coyotes,2,5,home,2-5,7
2024-01-23,Blackhawks,Canucks,0,2,home,0-2,2
2024-01-23,Sharks,Kings,4,3,away,4-3,7
2024-01-24,Stars,Red Wings,5,4,away,5-4,9
2024-01-24,Senators,Canadiens,4,1,away,4-1,5
2024-01-24,Lightning,Flyers,6,3,away,6-3,9
2024-01-24,Golden Knights,Islanders,3,2,away,3-2,5
2024-01-24,Capitals,Wild,3,5,home,3-5,8
2024-01-24,Blues,Flames,4,3,away,4-3,7
2024-01-24,Blue Jackets,Oilers,1,4,home,1-4,5
2024-01-24,Sabres,Ducks,2,4,home,2-4,6
2024-01-24,Rangers,Sharks,2,3,home,2-3,5
2024-01-25,Coyotes,Panthers,2,6,home,2-6,8
2024-01-25,Jets,Maple Leafs,0,1,home,0-1,1
2024-01-25,Hurricanes,Bruins,3,2,away,3-2,5
2024-01-25,Capitals,Avalanche,2,6,home,2-6,8
2024-01-25,Blackhawks,Kraken,2,6,home,2-6,8
2024-01-25,Blues,Canucks,4,3,away,4-3,7
2024-01-25,Sabres,Kings,5,3,away,5-3,8
2024-01-26,Flyers,Red Wings,0,3,home,0-3,3
2024-01-26,Islanders,Canadiens,3,4,home,3-4,7
2024-01-26,Bruins,Senators,3,2,away,3-2,5
2024-01-26,Coyotes,Lightning,3,6,home,3-6,9
2024-01-26,Devils,Hurricanes,2,3,home,2-3,5
2024-01-26,Ducks,Stars,3,4,home,3-4,7
2024-01-26,Predators,Wild,3,2,away,3-2,5
2024-01-26,Blue Jackets,Flames,5,2,away,5-2,7
2024-01-26,Blackhawks,Oilers,0,3,home,0-3,3
2024-01-20,Lightning,Sabres,3,1,away,3-1,4
2024-01-20,Avalanche,Flyers,7,4,away,7-4,11
2024-01-20,Predators,Coyotes,2,3,home,2-3,5
2024-01-20,Jets,Senators,2,1,away,2-1,3
2024-01-21,Canadiens,Bruins,4,9,home,4-9,13
2024-01-21,Stars,Devils,6,2,away,6-2,8
2024-01-21,Maple Leafs,Canucks,4,6,home,4-6,10
2024-01-21,Capitals,Blues,0,3,home,0-3,3
2024-01-21,Oilers,Flames,3,1,away,3-1,4
2024-01-21,Ducks,Sharks,3,5,home,3-5,8
2024-01-21,Penguins,Golden Knights,2,3,home,2-3,5
2024-01-21,Rangers,Kings,1,2,home,1-2,3
2024-01-21,Senators,Flyers,5,3,away,5-3,8
2024-01-21,Wild,Hurricanes,5,2,away,5-2,7
2024-01-22,Lightning,Red Wings,1,2,home,1-2,3
2024-01-22,Stars,Islanders,2,3,home,2-3,5
2024-01-22,Rangers,Ducks,5,2,away,5-2,7
2024-01-22,Maple Leafs,Kraken,3,1,away,3-1,4
2024-01-23,Jets,Bruins,1,4,home,1-4,5
2024-01-23,Golden Knights,Devils,5,6,home,5-6,11
2024-01-23,Panthers,Predators,4,1,away,4-1,5
2024-01-23,Penguins,Coyotes,2,5,home,2-5,7
2024-01-23,Blackhawks,Canucks,0,2,home,0-2,2
2024-01-23,Sharks,Kings,4,3,away,4-3,7
2024-01-24,Stars,Red Wings,5,4,away,5-4,9
2024-01-24,Senators,Canadiens,4,1,away,4-1,5
2024-01-24,Lightning,Flyers,6,3,away,6-3,9
2024-01-24,Golden Knights,Islanders,3,2,away,3-2,5
2024-01-24,Capitals,Wild,3,5,home,3-5,8
2024-01-24,Blues,Flames,4,3,away,4-3,7
2024-01-24,Blue Jackets,Oilers,1,4,home,1-4,5
2024-01-24,Sabres,Ducks,2,4,home,2-4,6
2024-01-24,Rangers,Sharks,2,3,home,2-3,5
2024-01-25,Coyotes,Panthers,2,6,home,2-6,8
2024-01-25,Jets,Maple Leafs,0,1,home,0-1,1
2024-01-25,Hurricanes,Bruins,3,2,away,3-2,5
2024-01-25,Capitals,Avalanche,2,6,home,2-6,8
2024-01-25,Blackhawks,Kraken,2,6,home,2-6,8
2024-01-25,Blues,Canucks,4,3,away,4-3,7
2024-01-25,Sabres,Kings,5,3,away,5-3,8
2024-01-26,Flyers,Red Wings,0,3,home,0-3,3
2024-01-26,Islanders,Canadiens,3,4,home,3-4,7
2024-01-26,Bruins,Senators,3,2,away,3-2,5
2024-01-26,Coyotes,Lightning,3,6,home,3-6,9
2024-01-26,Devils,Hurricanes,2,3,home,2-3,5
2024-01-26,Ducks,Stars,3,4,home,3-4,7
2024-01-26,Predators,Wild,3,2,away,3-2,5
2024-01-26,Blue Jackets,Flames,5,2,away,5-2,7
2024-01-26,Blackhawks,Oilers,0,3,home,0-3,3
2024-01-27,Golden Knights,Rangers,5,2,away,5-2,7
2024-01-27,Panthers,Penguins,3,2,away,3-2,5
2024-01-27,Kings,Avalanche,1,5,home,1-5,6
2024-01-27,Blues,Kraken,4,3,away,4-3,7
2024-01-21,Senators,Flyers,5,3,away,5-3,8
2024-01-21,Wild,Hurricanes,5,2,away,5-2,7
2024-01-22,Lightning,Red Wings,1,2,home,1-2,3
2024-01-22,Stars,Islanders,2,3,home,2-3,5
2024-01-22,Rangers,Ducks,5,2,away,5-2,7
2024-01-22,Maple Leafs,Kraken,3,1,away,3-1,4
2024-01-23,Jets,Bruins,1,4,home,1-4,5
2024-01-23,Golden Knights,Devils,5,6,home,5-6,11
2024-01-23,Panthers,Predators,4,1,away,4-1,5
2024-01-23,Penguins,Coyotes,2,5,home,2-5,7
2024-01-23,Blackhawks,Canucks,0,2,home,0-2,2
2024-01-23,Sharks,Kings,4,3,away,4-3,7
2024-01-24,Stars,Red Wings,5,4,away,5-4,9
2024-01-24,Senators,Canadiens,4,1,away,4-1,5
2024-01-24,Lightning,Flyers,6,3,away,6-3,9
2024-01-24,Golden Knights,Islanders,3,2,away,3-2,5
2024-01-24,Capitals,Wild,3,5,home,3-5,8
2024-01-24,Blues,Flames,4,3,away,4-3,7
2024-01-24,Blue Jackets,Oilers,1,4,home,1-4,5
2024-01-24,Sabres,Ducks,2,4,home,2-4,6
2024-01-24,Rangers,Sharks,2,3,home,2-3,5
2024-01-25,Coyotes,Panthers,2,6,home,2-6,8
2024-01-25,Jets,Maple Leafs,0,1,home,0-1,1
2024-01-25,Hurricanes,Bruins,3,2,away,3-2,5
2024-01-25,Capitals,Avalanche,2,6,home,2-6,8
2024-01-25,Blackhawks,Kraken,2,6,home,2-6,8
2024-01-25,Blues,Canucks,4,3,away,4-3,7
2024-01-25,Sabres,Kings,5,3,away,5-3,8
2024-01-26,Flyers,Red Wings,0,3,home,0-3,3
2024-01-26,Islanders,Canadiens,3,4,home,3-4,7
2024-01-26,Bruins,Senators,3,2,away,3-2,5
2024-01-26,Coyotes,Lightning,3,6,home,3-6,9
2024-01-26,Devils,Hurricanes,2,3,home,2-3,5
2024-01-26,Ducks,Stars,3,4,home,3-4,7
2024-01-26,Predators,Wild,3,2,away,3-2,5
2024-01-26,Blue Jackets,Flames,5,2,away,5-2,7
2024-01-26,Blackhawks,Oilers,0,3,home,0-3,3
2024-01-27,Golden Knights,Rangers,5,2,away,5-2,7
2024-01-27,Panthers,Penguins,3,2,away,3-2,5
2024-01-27,Kings,Avalanche,1,5,home,1-5,6
2024-01-27,Blues,Kraken,4,3,away,4-3,7
2024-01-27,Bruins,Flyers,6,2,away,6-2,8
2024-01-27,Capitals,Stars,4,5,home,4-5,9
2024-01-27,Predators,Oilers,1,4,home,1-4,5
2024-01-27,Sabres,Sharks,5,2,away,5-2,7
2024-01-28,Coyotes,Hurricanes,1,3,home,1-3,4
2024-01-28,Rangers,Senators,7,2,away,7-2,9
2024-01-28,Canadiens,Penguins,2,3,home,2-3,5
2024-01-28,Devils,Lightning,3,6,home,3-6,9
2024-01-28,Maple Leafs,Jets,4,2,away,4-2,6
2024-01-28,Panthers,Islanders,3,2,away,3-2,5
2024-01-28,Golden Knights,Red Wings,2,5,home,2-5,7
2024-01-28,Ducks,Wild,3,2,away,3-2,5
2024-01-28,Blackhawks,Flames,0,1,home,0-1,1
2024-01-28,Blue Jackets,Canucks,4,5,home,4-5,9
2024-01-23,Jets,Bruins,1,4,home,1-4,5
2024-01-23,Golden Knights,Devils,5,6,home,5-6,11
2024-01-23,Panthers,Predators,4,1,away,4-1,5
2024-01-23,Penguins,Coyotes,2,5,home,2-5,7
2024-01-23,Blackhawks,Canucks,0,2,home,0-2,2
2024-01-23,Sharks,Kings,4,3,away,4-3,7
2024-01-24,Stars,Red Wings,5,4,away,5-4,9
2024-01-24,Senators,Canadiens,4,1,away,4-1,5
2024-01-24,Lightning,Flyers,6,3,away,6-3,9
2024-01-24,Golden Knights,Islanders,3,2,away,3-2,5
2024-01-24,Capitals,Wild,3,5,home,3-5,8
2024-01-24,Blues,Flames,4,3,away,4-3,7
2024-01-24,Blue Jackets,Oilers,1,4,home,1-4,5
2024-01-24,Sabres,Ducks,2,4,home,2-4,6
2024-01-24,Rangers,Sharks,2,3,home,2-3,5
2024-01-25,Coyotes,Panthers,2,6,home,2-6,8
2024-01-25,Jets,Maple Leafs,0,1,home,0-1,1
2024-01-25,Hurricanes,Bruins,3,2,away,3-2,5
2024-01-25,Capitals,Avalanche,2,6,home,2-6,8
2024-01-25,Blackhawks,Kraken,2,6,home,2-6,8
2024-01-25,Blues,Canucks,4,3,away,4-3,7
2024-01-25,Sabres,Kings,5,3,away,5-3,8
2024-01-26,Flyers,Red Wings,0,3,home,0-3,3
2024-01-26,Islanders,Canadiens,3,4,home,3-4,7
2024-01-26,Bruins,Senators,3,2,away,3-2,5
2024-01-26,Coyotes,Lightning,3,6,home,3-6,9
2024-01-26,Devils,Hurricanes,2,3,home,2-3,5
2024-01-26,Ducks,Stars,3,4,home,3-4,7
2024-01-26,Predators,Wild,3,2,away,3-2,5
2024-01-26,Blue Jackets,Flames,5,2,away,5-2,7
2024-01-26,Blackhawks,Oilers,0,3,home,0-3,3
2024-01-27,Golden Knights,Rangers,5,2,away,5-2,7
2024-01-27,Panthers,Penguins,3,2,away,3-2,5
2024-01-27,Kings,Avalanche,1,5,home,1-5,6
2024-01-27,Blues,Kraken,4,3,away,4-3,7
2024-01-27,Bruins,Flyers,6,2,away,6-2,8
2024-01-27,Capitals,Stars,4,5,home,4-5,9
2024-01-27,Predators,Oilers,1,4,home,1-4,5
2024-01-27,Sabres,Sharks,5,2,away,5-2,7
2024-01-28,Coyotes,Hurricanes,1,3,home,1-3,4
2024-01-28,Rangers,Senators,7,2,away,7-2,9
2024-01-28,Canadiens,Penguins,2,3,home,2-3,5
2024-01-28,Devils,Lightning,3,6,home,3-6,9
2024-01-28,Maple Leafs,Jets,4,2,away,4-2,6
2024-01-28,Panthers,Islanders,3,2,away,3-2,5
2024-01-28,Golden Knights,Red Wings,2,5,home,2-5,7
2024-01-28,Ducks,Wild,3,2,away,3-2,5
2024-01-28,Blackhawks,Flames,0,1,home,0-1,1
2024-01-28,Blue Jackets,Canucks,4,5,home,4-5,9
2024-01-28,Kings,Blues,3,4,home,3-4,7
2024-01-29,Blue Jackets,Kraken,2,4,home,2-4,6
2024-01-24,Stars,Red Wings,5,4,away,5-4,9
2024-01-24,Senators,Canadiens,4,1,away,4-1,5
2024-01-24,Lightning,Flyers,6,3,away,6-3,9
2024-01-24,Golden Knights,Islanders,3,2,away,3-2,5
2024-01-24,Capitals,Wild,3,5,home,3-5,8
2024-01-24,Blues,Flames,4,3,away,4-3,7
2024-01-24,Blue Jackets,Oilers,1,4,home,1-4,5
2024-01-24,Sabres,Ducks,2,4,home,2-4,6
2024-01-24,Rangers,Sharks,2,3,home,2-3,5
2024-01-25,Coyotes,Panthers,2,6,home,2-6,8
2024-01-25,Jets,Maple Leafs,0,1,home,0-1,1
2024-01-25,Hurricanes,Bruins,3,2,away,3-2,5
2024-01-25,Capitals,Avalanche,2,6,home,2-6,8
2024-01-25,Blackhawks,Kraken,2,6,home,2-6,8
2024-01-25,Blues,Canucks,4,3,away,4-3,7
2024-01-25,Sabres,Kings,5,3,away,5-3,8
2024-01-26,Flyers,Red Wings,0,3,home,0-3,3
2024-01-26,Islanders,Canadiens,3,4,home,3-4,7
2024-01-26,Bruins,Senators,3,2,away,3-2,5
2024-01-26,Coyotes,Lightning,3,6,home,3-6,9
2024-01-26,Devils,Hurricanes,2,3,home,2-3,5
2024-01-26,Ducks,Stars,3,4,home,3-4,7
2024-01-26,Predators,Wild,3,2,away,3-2,5
2024-01-26,Blue Jackets,Flames,5,2,away,5-2,7
2024-01-26,Blackhawks,Oilers,0,3,home,0-3,3
2024-01-27,Golden Knights,Rangers,5,2,away,5-2,7
2024-01-27,Panthers,Penguins,3,2,away,3-2,5
2024-01-27,Kings,Avalanche,1,5,home,1-5,6
2024-01-27,Blues,Kraken,4,3,away,4-3,7
2024-01-27,Bruins,Flyers,6,2,away,6-2,8
2024-01-27,Capitals,Stars,4,5,home,4-5,9
2024-01-27,Predators,Oilers,1,4,home,1-4,5
2024-01-27,Sabres,Sharks,5,2,away,5-2,7
2024-01-28,Coyotes,Hurricanes,1,3,home,1-3,4
2024-01-28,Rangers,Senators,7,2,away,7-2,9
2024-01-28,Canadiens,Penguins,2,3,home,2-3,5
2024-01-28,Devils,Lightning,3,6,home,3-6,9
2024-01-28,Maple Leafs,Jets,4,2,away,4-2,6
2024-01-28,Panthers,Islanders,3,2,away,3-2,5
2024-01-28,Golden Knights,Red Wings,2,5,home,2-5,7
2024-01-28,Ducks,Wild,3,2,away,3-2,5
2024-01-28,Blackhawks,Flames,0,1,home,0-1,1
2024-01-28,Blue Jackets,Canucks,4,5,home,4-5,9
2024-01-28,Kings,Blues,3,4,home,3-4,7
2024-01-29,Blue Jackets,Kraken,2,4,home,2-4,6
2024-01-30,Predators,Senators,3,4,home,3-4,7
2024-01-25,Coyotes,Panthers,2,6,home,2-6,8
2024-01-25,Jets,Maple Leafs,0,1,home,0-1,1
2024-01-25,Hurricanes,Bruins,3,2,away,3-2,5
2024-01-25,Capitals,Avalanche,2,6,home,2-6,8
2024-01-25,Blackhawks,Kraken,2,6,home,2-6,8
2024-01-25,Blues,Canucks,4,3,away,4-3,7
2024-01-25,Sabres,Kings,5,3,away,5-3,8
2024-01-26,Flyers,Red Wings,0,3,home,0-3,3
2024-01-26,Islanders,Canadiens,3,4,home,3-4,7
2024-01-26,Bruins,Senators,3,2,away,3-2,5
2024-01-26,Coyotes,Lightning,3,6,home,3-6,9
2024-01-26,Devils,Hurricanes,2,3,home,2-3,5
2024-01-26,Ducks,Stars,3,4,home,3-4,7
2024-01-26,Predators,Wild,3,2,away,3-2,5
2024-01-26,Blue Jackets,Flames,5,2,away,5-2,7
2024-01-26,Blackhawks,Oilers,0,3,home,0-3,3
2024-01-27,Golden Knights,Rangers,5,2,away,5-2,7
2024-01-27,Panthers,Penguins,3,2,away,3-2,5
2024-01-27,Kings,Avalanche,1,5,home,1-5,6
2024-01-27,Blues,Kraken,4,3,away,4-3,7
2024-01-27,Bruins,Flyers,6,2,away,6-2,8
2024-01-27,Capitals,Stars,4,5,home,4-5,9
2024-01-27,Predators,Oilers,1,4,home,1-4,5
2024-01-27,Sabres,Sharks,5,2,away,5-2,7
2024-01-28,Coyotes,Hurricanes,1,3,home,1-3,4
2024-01-28,Rangers,Senators,7,2,away,7-2,9
2024-01-28,Canadiens,Penguins,2,3,home,2-3,5
2024-01-28,Devils,Lightning,3,6,home,3-6,9
2024-01-28,Maple Leafs,Jets,4,2,away,4-2,6
2024-01-28,Panthers,Islanders,3,2,away,3-2,5
2024-01-28,Golden Knights,Red Wings,2,5,home,2-5,7
2024-01-28,Ducks,Wild,3,2,away,3-2,5
2024-01-28,Blackhawks,Flames,0,1,home,0-1,1
2024-01-28,Blue Jackets,Canucks,4,5,home,4-5,9
2024-01-28,Kings,Blues,3,4,home,3-4,7
2024-01-29,Blue Jackets,Kraken,2,4,home,2-4,6
2024-01-30,Predators,Senators,3,4,home,3-4,7
2024-01-31,Blue Jackets,Blues,1,0,away,1-0,1
2024-01-31,Kraken,Sharks,0,2,home,0-2,2
2024-01-26,Flyers,Red Wings,0,3,home,0-3,3
2024-01-26,Islanders,Canadiens,3,4,home,3-4,7
2024-01-26,Bruins,Senators,3,2,away,3-2,5
2024-01-26,Coyotes,Lightning,3,6,home,3-6,9
2024-01-26,Devils,Hurricanes,2,3,home,2-3,5
2024-01-26,Ducks,Stars,3,4,home,3-4,7
2024-01-26,Predators,Wild,3,2,away,3-2,5
2024-01-26,Blue Jackets,Flames,5,2,away,5-2,7
2024-01-26,Blackhawks,Oilers,0,3,home,0-3,3
2024-01-27,Golden Knights,Rangers,5,2,away,5-2,7
2024-01-27,Panthers,Penguins,3,2,away,3-2,5
2024-01-27,Kings,Avalanche,1,5,home,1-5,6
2024-01-27,Blues,Kraken,4,3,away,4-3,7
2024-01-27,Bruins,Flyers,6,2,away,6-2,8
2024-01-27,Capitals,Stars,4,5,home,4-5,9
2024-01-27,Predators,Oilers,1,4,home,1-4,5
2024-01-27,Sabres,Sharks,5,2,away,5-2,7
2024-01-28,Coyotes,Hurricanes,1,3,home,1-3,4
2024-01-28,Rangers,Senators,7,2,away,7-2,9
2024-01-28,Canadiens,Penguins,2,3,home,2-3,5
2024-01-28,Devils,Lightning,3,6,home,3-6,9
2024-01-28,Maple Leafs,Jets,4,2,away,4-2,6
2024-01-28,Panthers,Islanders,3,2,away,3-2,5
2024-01-28,Golden Knights,Red Wings,2,5,home,2-5,7
2024-01-28,Ducks,Wild,3,2,away,3-2,5
2024-01-28,Blackhawks,Flames,0,1,home,0-1,1
2024-01-28,Blue Jackets,Canucks,4,5,home,4-5,9
2024-01-28,Kings,Blues,3,4,home,3-4,7
2024-01-29,Blue Jackets,Kraken,2,4,home,2-4,6
2024-01-30,Predators,Senators,3,4,home,3-4,7
2024-01-31,Blue Jackets,Blues,1,0,away,1-0,1
2024-01-31,Kraken,Sharks,0,2,home,0-2,2
2024-02-01,Senators,Red Wings,3,2,away,3-2,5
2024-02-01,Kings,Predators,4,2,away,4-2,6
2024-02-01,Sharks,Ducks,2,3,home,2-3,5
2024-01-27,Golden Knights,Rangers,5,2,away,5-2,7
2024-01-27,Panthers,Penguins,3,2,away,3-2,5
2024-01-27,Kings,Avalanche,1,5,home,1-5,6
2024-01-27,Blues,Kraken,4,3,away,4-3,7
2024-01-27,Bruins,Flyers,6,2,away,6-2,8
2024-01-27,Capitals,Stars,4,5,home,4-5,9
2024-01-27,Predators,Oilers,1,4,home,1-4,5
2024-01-27,Sabres,Sharks,5,2,away,5-2,7
2024-01-28,Coyotes,Hurricanes,1,3,home,1-3,4
2024-01-28,Rangers,Senators,7,2,away,7-2,9
2024-01-28,Canadiens,Penguins,2,3,home,2-3,5
2024-01-28,Devils,Lightning,3,6,home,3-6,9
2024-01-28,Maple Leafs,Jets,4,2,away,4-2,6
2024-01-28,Panthers,Islanders,3,2,away,3-2,5
2024-01-28,Golden Knights,Red Wings,2,5,home,2-5,7
2024-01-28,Ducks,Wild,3,2,away,3-2,5
2024-01-28,Blackhawks,Flames,0,1,home,0-1,1
2024-01-28,Blue Jackets,Canucks,4,5,home,4-5,9
2024-01-28,Kings,Blues,3,4,home,3-4,7
2024-01-29,Blue Jackets,Kraken,2,4,home,2-4,6
2024-01-30,Predators,Senators,3,4,home,3-4,7
2024-01-31,Blue Jackets,Blues,1,0,away,1-0,1
2024-01-31,Kraken,Sharks,0,2,home,0-2,2
2024-02-01,Senators,Red Wings,3,2,away,3-2,5
2024-02-01,Kings,Predators,4,2,away,4-2,6
2024-02-01,Sharks,Ducks,2,3,home,2-3,5
2024-01-27,Bruins,Flyers,6,2,away,6-2,8
2024-01-27,Capitals,Stars,4,5,home,4-5,9
2024-01-27,Predators,Oilers,1,4,home,1-4,5
2024-01-27,Sabres,Sharks,5,2,away,5-2,7
2024-01-28,Coyotes,Hurricanes,1,3,home,1-3,4
2024-01-28,Rangers,Senators,7,2,away,7-2,9
2024-01-28,Canadiens,Penguins,2,3,home,2-3,5
2024-01-28,Devils,Lightning,3,6,home,3-6,9
2024-01-28,Maple Leafs,Jets,4,2,away,4-2,6
2024-01-28,Panthers,Islanders,3,2,away,3-2,5
2024-01-28,Golden Knights,Red Wings,2,5,home,2-5,7
2024-01-28,Ducks,Wild,3,2,away,3-2,5
2024-01-28,Blackhawks,Flames,0,1,home,0-1,1
2024-01-28,Blue Jackets,Canucks,4,5,home,4-5,9
2024-01-28,Kings,Blues,3,4,home,3-4,7
2024-01-29,Blue Jackets,Kraken,2,4,home,2-4,6
2024-01-30,Predators,Senators,3,4,home,3-4,7
2024-01-31,Blue Jackets,Blues,1,0,away,1-0,1
2024-01-31,Kraken,Sharks,0,2,home,0-2,2
2024-02-01,Senators,Red Wings,3,2,away,3-2,5
2024-02-01,Kings,Predators,4,2,away,4-2,6
2024-02-01,Sharks,Ducks,2,3,home,2-3,5
2024-01-28,Kings,Blues,3,4,home,3-4,7
2024-01-29,Blue Jackets,Kraken,2,4,home,2-4,6
2024-01-30,Predators,Senators,3,4,home,3-4,7
2024-01-31,Blue Jackets,Blues,1,0,away,1-0,1
2024-01-31,Kraken,Sharks,0,2,home,0-2,2
2024-02-01,Senators,Red Wings,3,2,away,3-2,5
2024-02-01,Kings,Predators,4,2,away,4-2,6
2024-02-01,Sharks,Ducks,2,3,home,2-3,5
2024-01-30,Predators,Senators,3,4,home,3-4,7
2024-01-31,Blue Jackets,Blues,1,0,away,1-0,1
2024-01-31,Kraken,Sharks,0,2,home,0-2,2
2024-02-01,Senators,Red Wings,3,2,away,3-2,5
2024-02-01,Kings,Predators,4,2,away,4-2,6
2024-02-01,Sharks,Ducks,2,3,home,2-3,5
2024-01-31,Blue Jackets,Blues,1,0,away,1-0,1
2024-01-31,Kraken,Sharks,0,2,home,0-2,2
2024-02-01,Senators,Red Wings,3,2,away,3-2,5
2024-02-01,Kings,Predators,4,2,away,4-2,6
2024-02-01,Sharks,Ducks,2,3,home,2-3,5
2024-02-06,Avalanche,Rangers,1,2,home,1-2,3
2024-02-06,Islanders,Maple Leafs,3,2,away,3-2,5
2024-02-01,Senators,Red Wings,3,2,away,3-2,5
2024-02-01,Kings,Predators,4,2,away,4-2,6
2024-02-01,Sharks,Ducks,2,3,home,2-3,5
2024-02-06,Avalanche,Rangers,1,2,home,1-2,3
2024-02-06,Islanders,Maple Leafs,3,2,away,3-2,5
2024-02-07,Flames,Bruins,4,1,away,4-1,5
2024-02-07,Stars,Sabres,2,1,away,2-1,3
2024-02-07,Canucks,Hurricanes,3,2,away,3-2,5
2024-02-07,Flyers,Panthers,2,1,away,2-1,3
2024-02-07,Jets,Penguins,0,3,home,0-3,3
2024-02-07,Canadiens,Capitals,5,2,away,5-2,7
2024-02-07,Avalanche,Devils,3,5,home,3-5,8
2024-02-07,Oilers,Golden Knights,1,3,home,1-3,4
2024-02-06,Avalanche,Rangers,1,2,home,1-2,3
2024-02-06,Islanders,Maple Leafs,3,2,away,3-2,5
2024-02-07,Flames,Bruins,4,1,away,4-1,5
2024-02-07,Stars,Sabres,2,1,away,2-1,3
2024-02-07,Canucks,Hurricanes,3,2,away,3-2,5
2024-02-07,Flyers,Panthers,2,1,away,2-1,3
2024-02-07,Jets,Penguins,0,3,home,0-3,3
2024-02-07,Canadiens,Capitals,5,2,away,5-2,7
2024-02-07,Avalanche,Devils,3,5,home,3-5,8
2024-02-07,Oilers,Golden Knights,1,3,home,1-3,4
2024-02-08,Lightning,Rangers,1,3,home,1-3,4
2024-02-08,Stars,Maple Leafs,4,5,home,4-5,9
2024-02-08,Wild,Blackhawks,2,1,away,2-1,3
2024-02-06,Avalanche,Rangers,1,2,home,1-2,3
2024-02-06,Islanders,Maple Leafs,3,2,away,3-2,5
2024-02-07,Flames,Bruins,4,1,away,4-1,5
2024-02-07,Stars,Sabres,2,1,away,2-1,3
2024-02-07,Canucks,Hurricanes,3,2,away,3-2,5
2024-02-07,Flyers,Panthers,2,1,away,2-1,3
2024-02-07,Jets,Penguins,0,3,home,0-3,3
2024-02-07,Canadiens,Capitals,5,2,away,5-2,7
2024-02-07,Avalanche,Devils,3,5,home,3-5,8
2024-02-07,Oilers,Golden Knights,1,3,home,1-3,4
2024-02-08,Lightning,Rangers,1,3,home,1-3,4
2024-02-08,Stars,Maple Leafs,4,5,home,4-5,9
2024-02-08,Wild,Blackhawks,2,1,away,2-1,3
2024-02-09,Canucks,Bruins,0,4,home,0-4,4
2024-02-09,Capitals,Panthers,2,4,home,2-4,6
2024-02-09,Flames,Devils,5,3,away,5-3,8
2024-02-09,Jets,Flyers,1,4,home,1-4,5
2024-02-09,Avalanche,Hurricanes,2,5,home,2-5,7
2024-02-09,Lightning,Islanders,2,6,home,2-6,8
2024-02-09,Golden Knights,Coyotes,3,2,away,3-2,5
2024-02-06,Avalanche,Rangers,1,2,home,1-2,3
2024-02-06,Islanders,Maple Leafs,3,2,away,3-2,5
2024-02-07,Flames,Bruins,4,1,away,4-1,5
2024-02-07,Stars,Sabres,2,1,away,2-1,3
2024-02-07,Canucks,Hurricanes,3,2,away,3-2,5
2024-02-07,Flyers,Panthers,2,1,away,2-1,3
2024-02-07,Jets,Penguins,0,3,home,0-3,3
2024-02-07,Canadiens,Capitals,5,2,away,5-2,7
2024-02-07,Avalanche,Devils,3,5,home,3-5,8
2024-02-07,Oilers,Golden Knights,1,3,home,1-3,4
2024-02-08,Lightning,Rangers,1,3,home,1-3,4
2024-02-08,Stars,Maple Leafs,4,5,home,4-5,9
2024-02-08,Wild,Blackhawks,2,1,away,2-1,3
2024-02-09,Canucks,Bruins,0,4,home,0-4,4
2024-02-09,Capitals,Panthers,2,4,home,2-4,6
2024-02-09,Flames,Devils,5,3,away,5-3,8
2024-02-09,Jets,Flyers,1,4,home,1-4,5
2024-02-09,Avalanche,Hurricanes,2,5,home,2-5,7
2024-02-09,Lightning,Islanders,2,6,home,2-6,8
2024-02-09,Golden Knights,Coyotes,3,2,away,3-2,5
2024-02-10,Penguins,Wild,2,3,home,2-3,5
2024-02-10,Rangers,Blackhawks,4,3,away,4-3,7
2024-02-10,Oilers,Ducks,5,3,away,5-3,8
2024-02-06,Avalanche,Rangers,1,2,home,1-2,3
2024-02-06,Islanders,Maple Leafs,3,2,away,3-2,5
2024-02-07,Flames,Bruins,4,1,away,4-1,5
2024-02-07,Stars,Sabres,2,1,away,2-1,3
2024-02-07,Canucks,Hurricanes,3,2,away,3-2,5
2024-02-07,Flyers,Panthers,2,1,away,2-1,3
2024-02-07,Jets,Penguins,0,3,home,0-3,3
2024-02-07,Canadiens,Capitals,5,2,away,5-2,7
2024-02-07,Avalanche,Devils,3,5,home,3-5,8
2024-02-07,Oilers,Golden Knights,1,3,home,1-3,4
2024-02-08,Lightning,Rangers,1,3,home,1-3,4
2024-02-08,Stars,Maple Leafs,4,5,home,4-5,9
2024-02-08,Wild,Blackhawks,2,1,away,2-1,3
2024-02-09,Canucks,Bruins,0,4,home,0-4,4
2024-02-09,Capitals,Panthers,2,4,home,2-4,6
2024-02-09,Flames,Devils,5,3,away,5-3,8
2024-02-09,Jets,Flyers,1,4,home,1-4,5
2024-02-09,Avalanche,Hurricanes,2,5,home,2-5,7
2024-02-09,Lightning,Islanders,2,6,home,2-6,8
2024-02-09,Golden Knights,Coyotes,3,2,away,3-2,5
2024-02-10,Penguins,Wild,2,3,home,2-3,5
2024-02-10,Rangers,Blackhawks,4,3,away,4-3,7
2024-02-10,Oilers,Ducks,5,3,away,5-3,8
2024-02-10,Blues,Sabres,3,1,away,3-1,4
2024-02-10,Canucks,Red Wings,3,4,home,3-4,7
2024-02-10,Stars,Canadiens,3,2,away,3-2,5
2024-02-10,Flames,Islanders,5,2,away,5-2,7
2024-02-10,Capitals,Bruins,3,0,away,3-0,3
2024-02-10,Avalanche,Panthers,0,4,home,0-4,4
2024-02-11,Devils,Hurricanes,0,1,home,0-1,1
2024-02-11,Lightning,Blue Jackets,4,2,away,4-2,6
2024-02-11,Maple Leafs,Senators,3,5,home,3-5,8
2024-02-11,Kraken,Flyers,2,3,home,2-3,5
2024-02-11,Penguins,Jets,1,2,home,1-2,3
2024-02-11,Coyotes,Predators,4,5,home,4-5,9
2024-02-11,Oilers,Kings,0,4,home,0-4,4
2024-02-06,Avalanche,Rangers,1,2,home,1-2,3
2024-02-06,Islanders,Maple Leafs,3,2,away,3-2,5
2024-02-07,Flames,Bruins,4,1,away,4-1,5
2024-02-07,Stars,Sabres,2,1,away,2-1,3
2024-02-07,Canucks,Hurricanes,3,2,away,3-2,5
2024-02-07,Flyers,Panthers,2,1,away,2-1,3
2024-02-07,Jets,Penguins,0,3,home,0-3,3
2024-02-07,Canadiens,Capitals,5,2,away,5-2,7
2024-02-07,Avalanche,Devils,3,5,home,3-5,8
2024-02-07,Oilers,Golden Knights,1,3,home,1-3,4
2024-02-08,Lightning,Rangers,1,3,home,1-3,4
2024-02-08,Stars,Maple Leafs,4,5,home,4-5,9
2024-02-08,Wild,Blackhawks,2,1,away,2-1,3
2024-02-09,Canucks,Bruins,0,4,home,0-4,4
2024-02-09,Capitals,Panthers,2,4,home,2-4,6
2024-02-09,Flames,Devils,5,3,away,5-3,8
2024-02-09,Jets,Flyers,1,4,home,1-4,5
2024-02-09,Avalanche,Hurricanes,2,5,home,2-5,7
2024-02-09,Lightning,Islanders,2,6,home,2-6,8
2024-02-09,Golden Knights,Coyotes,3,2,away,3-2,5
2024-02-10,Penguins,Wild,2,3,home,2-3,5
2024-02-10,Rangers,Blackhawks,4,3,away,4-3,7
2024-02-10,Oilers,Ducks,5,3,away,5-3,8
2024-02-10,Blues,Sabres,3,1,away,3-1,4
2024-02-10,Canucks,Red Wings,3,4,home,3-4,7
2024-02-10,Stars,Canadiens,3,2,away,3-2,5
2024-02-10,Flames,Islanders,5,2,away,5-2,7
2024-02-10,Capitals,Bruins,3,0,away,3-0,3
2024-02-10,Avalanche,Panthers,0,4,home,0-4,4
2024-02-11,Devils,Hurricanes,0,1,home,0-1,1
2024-02-11,Lightning,Blue Jackets,4,2,away,4-2,6
2024-02-11,Maple Leafs,Senators,3,5,home,3-5,8
2024-02-11,Kraken,Flyers,2,3,home,2-3,5
2024-02-11,Penguins,Jets,1,2,home,1-2,3
2024-02-11,Coyotes,Predators,4,5,home,4-5,9
2024-02-11,Oilers,Kings,0,4,home,0-4,4
2024-02-11,Blues,Canadiens,7,2,away,7-2,9
2024-02-11,Canucks,Capitals,3,2,away,3-2,5
2024-02-07,Flames,Bruins,4,1,away,4-1,5
2024-02-07,Stars,Sabres,2,1,away,2-1,3
2024-02-07,Canucks,Hurricanes,3,2,away,3-2,5
2024-02-07,Flyers,Panthers,2,1,away,2-1,3
2024-02-07,Jets,Penguins,0,3,home,0-3,3
2024-02-07,Canadiens,Capitals,5,2,away,5-2,7
2024-02-07,Avalanche,Devils,3,5,home,3-5,8
2024-02-07,Oilers,Golden Knights,1,3,home,1-3,4
2024-02-08,Lightning,Rangers,1,3,home,1-3,4
2024-02-08,Stars,Maple Leafs,4,5,home,4-5,9
2024-02-08,Wild,Blackhawks,2,1,away,2-1,3
2024-02-09,Canucks,Bruins,0,4,home,0-4,4
2024-02-09,Capitals,Panthers,2,4,home,2-4,6
2024-02-09,Flames,Devils,5,3,away,5-3,8
2024-02-09,Jets,Flyers,1,4,home,1-4,5
2024-02-09,Avalanche,Hurricanes,2,5,home,2-5,7
2024-02-09,Lightning,Islanders,2,6,home,2-6,8
2024-02-09,Golden Knights,Coyotes,3,2,away,3-2,5
2024-02-10,Penguins,Wild,2,3,home,2-3,5
2024-02-10,Rangers,Blackhawks,4,3,away,4-3,7
2024-02-10,Oilers,Ducks,5,3,away,5-3,8
2024-02-10,Blues,Sabres,3,1,away,3-1,4
2024-02-10,Canucks,Red Wings,3,4,home,3-4,7
2024-02-10,Stars,Canadiens,3,2,away,3-2,5
2024-02-10,Flames,Islanders,5,2,away,5-2,7
2024-02-10,Capitals,Bruins,3,0,away,3-0,3
2024-02-10,Avalanche,Panthers,0,4,home,0-4,4
2024-02-11,Devils,Hurricanes,0,1,home,0-1,1
2024-02-11,Lightning,Blue Jackets,4,2,away,4-2,6
2024-02-11,Maple Leafs,Senators,3,5,home,3-5,8
2024-02-11,Kraken,Flyers,2,3,home,2-3,5
2024-02-11,Penguins,Jets,1,2,home,1-2,3
2024-02-11,Coyotes,Predators,4,5,home,4-5,9
2024-02-11,Oilers,Kings,0,4,home,0-4,4
2024-02-11,Blues,Canadiens,7,2,away,7-2,9
2024-02-11,Canucks,Capitals,3,2,away,3-2,5
2024-02-13,Kraken,Devils,1,3,home,1-3,4
2024-02-13,Flames,Rangers,0,2,home,0-2,2
2024-02-13,Coyotes,Flyers,3,5,home,3-5,8
2024-02-13,Wild,Golden Knights,5,3,away,5-3,8
2024-02-08,Lightning,Rangers,1,3,home,1-3,4
2024-02-08,Stars,Maple Leafs,4,5,home,4-5,9
2024-02-08,Wild,Blackhawks,2,1,away,2-1,3
2024-02-09,Canucks,Bruins,0,4,home,0-4,4
2024-02-09,Capitals,Panthers,2,4,home,2-4,6
2024-02-09,Flames,Devils,5,3,away,5-3,8
2024-02-09,Jets,Flyers,1,4,home,1-4,5
2024-02-09,Avalanche,Hurricanes,2,5,home,2-5,7
2024-02-09,Lightning,Islanders,2,6,home,2-6,8
2024-02-09,Golden Knights,Coyotes,3,2,away,3-2,5
2024-02-10,Penguins,Wild,2,3,home,2-3,5
2024-02-10,Rangers,Blackhawks,4,3,away,4-3,7
2024-02-10,Oilers,Ducks,5,3,away,5-3,8
2024-02-10,Blues,Sabres,3,1,away,3-1,4
2024-02-10,Canucks,Red Wings,3,4,home,3-4,7
2024-02-10,Stars,Canadiens,3,2,away,3-2,5
2024-02-10,Flames,Islanders,5,2,away,5-2,7
2024-02-10,Capitals,Bruins,3,0,away,3-0,3
2024-02-10,Avalanche,Panthers,0,4,home,0-4,4
2024-02-11,Devils,Hurricanes,0,1,home,0-1,1
2024-02-11,Lightning,Blue Jackets,4,2,away,4-2,6
2024-02-11,Maple Leafs,Senators,3,5,home,3-5,8
2024-02-11,Kraken,Flyers,2,3,home,2-3,5
2024-02-11,Penguins,Jets,1,2,home,1-2,3
2024-02-11,Coyotes,Predators,4,5,home,4-5,9
2024-02-11,Oilers,Kings,0,4,home,0-4,4
2024-02-11,Blues,Canadiens,7,2,away,7-2,9
2024-02-11,Canucks,Capitals,3,2,away,3-2,5
2024-02-13,Kraken,Devils,1,3,home,1-3,4
2024-02-13,Flames,Rangers,0,2,home,0-2,2
2024-02-13,Coyotes,Flyers,3,5,home,3-5,8
2024-02-13,Wild,Golden Knights,5,3,away,5-3,8
2024-02-14,Lightning,Bruins,3,2,away,3-2,5
2024-02-14,Kings,Sabres,0,7,home,0-7,7
2024-02-14,Ducks,Canadiens,0,5,home,0-5,5
2024-02-14,Blue Jackets,Senators,3,6,home,3-6,9
2024-02-14,Blues,Maple Leafs,1,4,home,1-4,5
2024-02-14,Avalanche,Capitals,6,3,away,6-3,9
2024-02-14,Kraken,Islanders,2,1,away,2-1,3
2024-02-14,Hurricanes,Stars,2,4,home,2-4,6
2024-02-14,Devils,Predators,4,2,away,4-2,6
2024-02-14,Canucks,Blackhawks,4,2,away,4-2,6
2024-02-14,Red Wings,Oilers,4,8,home,4-8,12
2024-02-09,Canucks,Bruins,0,4,home,0-4,4
2024-02-09,Capitals,Panthers,2,4,home,2-4,6
2024-02-09,Flames,Devils,5,3,away,5-3,8
2024-02-09,Jets,Flyers,1,4,home,1-4,5
2024-02-09,Avalanche,Hurricanes,2,5,home,2-5,7
2024-02-09,Lightning,Islanders,2,6,home,2-6,8
2024-02-09,Golden Knights,Coyotes,3,2,away,3-2,5
2024-02-10,Penguins,Wild,2,3,home,2-3,5
2024-02-10,Rangers,Blackhawks,4,3,away,4-3,7
2024-02-10,Oilers,Ducks,5,3,away,5-3,8
2024-02-10,Blues,Sabres,3,1,away,3-1,4
2024-02-10,Canucks,Red Wings,3,4,home,3-4,7
2024-02-10,Stars,Canadiens,3,2,away,3-2,5
2024-02-10,Flames,Islanders,5,2,away,5-2,7
2024-02-10,Capitals,Bruins,3,0,away,3-0,3
2024-02-10,Avalanche,Panthers,0,4,home,0-4,4
2024-02-11,Devils,Hurricanes,0,1,home,0-1,1
2024-02-11,Lightning,Blue Jackets,4,2,away,4-2,6
2024-02-11,Maple Leafs,Senators,3,5,home,3-5,8
2024-02-11,Kraken,Flyers,2,3,home,2-3,5
2024-02-11,Penguins,Jets,1,2,home,1-2,3
2024-02-11,Coyotes,Predators,4,5,home,4-5,9
2024-02-11,Oilers,Kings,0,4,home,0-4,4
2024-02-11,Blues,Canadiens,7,2,away,7-2,9
2024-02-11,Canucks,Capitals,3,2,away,3-2,5
2024-02-13,Kraken,Devils,1,3,home,1-3,4
2024-02-13,Flames,Rangers,0,2,home,0-2,2
2024-02-13,Coyotes,Flyers,3,5,home,3-5,8
2024-02-13,Wild,Golden Knights,5,3,away,5-3,8
2024-02-14,Lightning,Bruins,3,2,away,3-2,5
2024-02-14,Kings,Sabres,0,7,home,0-7,7
2024-02-14,Ducks,Canadiens,0,5,home,0-5,5
2024-02-14,Blue Jackets,Senators,3,6,home,3-6,9
2024-02-14,Blues,Maple Leafs,1,4,home,1-4,5
2024-02-14,Avalanche,Capitals,6,3,away,6-3,9
2024-02-14,Kraken,Islanders,2,1,away,2-1,3
2024-02-14,Hurricanes,Stars,2,4,home,2-4,6
2024-02-14,Devils,Predators,4,2,away,4-2,6
2024-02-14,Canucks,Blackhawks,4,2,away,4-2,6
2024-02-14,Red Wings,Oilers,4,8,home,4-8,12
2024-02-15,Panthers,Penguins,5,2,away,5-2,7
2024-02-15,Sharks,Jets,0,1,home,0-1,1
2024-02-15,Wild,Coyotes,3,1,away,3-1,4
2024-02-10,Penguins,Wild,2,3,home,2-3,5
2024-02-10,Rangers,Blackhawks,4,3,away,4-3,7
2024-02-10,Oilers,Ducks,5,3,away,5-3,8
2024-02-10,Blues,Sabres,3,1,away,3-1,4
2024-02-10,Canucks,Red Wings,3,4,home,3-4,7
2024-02-10,Stars,Canadiens,3,2,away,3-2,5
2024-02-10,Flames,Islanders,5,2,away,5-2,7
2024-02-10,Capitals,Bruins,3,0,away,3-0,3
2024-02-10,Avalanche,Panthers,0,4,home,0-4,4
2024-02-11,Devils,Hurricanes,0,1,home,0-1,1
2024-02-11,Lightning,Blue Jackets,4,2,away,4-2,6
2024-02-11,Maple Leafs,Senators,3,5,home,3-5,8
2024-02-11,Kraken,Flyers,2,3,home,2-3,5
2024-02-11,Penguins,Jets,1,2,home,1-2,3
2024-02-11,Coyotes,Predators,4,5,home,4-5,9
2024-02-11,Oilers,Kings,0,4,home,0-4,4
2024-02-11,Blues,Canadiens,7,2,away,7-2,9
2024-02-11,Canucks,Capitals,3,2,away,3-2,5
2024-02-13,Kraken,Devils,1,3,home,1-3,4
2024-02-13,Flames,Rangers,0,2,home,0-2,2
2024-02-13,Coyotes,Flyers,3,5,home,3-5,8
2024-02-13,Wild,Golden Knights,5,3,away,5-3,8
2024-02-14,Lightning,Bruins,3,2,away,3-2,5
2024-02-14,Kings,Sabres,0,7,home,0-7,7
2024-02-14,Ducks,Canadiens,0,5,home,0-5,5
2024-02-14,Blue Jackets,Senators,3,6,home,3-6,9
2024-02-14,Blues,Maple Leafs,1,4,home,1-4,5
2024-02-14,Avalanche,Capitals,6,3,away,6-3,9
2024-02-14,Kraken,Islanders,2,1,away,2-1,3
2024-02-14,Hurricanes,Stars,2,4,home,2-4,6
2024-02-14,Devils,Predators,4,2,away,4-2,6
2024-02-14,Canucks,Blackhawks,4,2,away,4-2,6
2024-02-14,Red Wings,Oilers,4,8,home,4-8,12
2024-02-15,Panthers,Penguins,5,2,away,5-2,7
2024-02-15,Sharks,Jets,0,1,home,0-1,1
2024-02-15,Wild,Coyotes,3,1,away,3-1,4
2024-02-16,Kraken,Bruins,4,1,away,4-1,5
2024-02-16,Panthers,Sabres,4,0,away,4-0,4
2024-02-16,Kings,Devils,2,1,away,2-1,3
2024-02-16,Canadiens,Rangers,4,7,home,4-7,11
2024-02-16,Ducks,Senators,5,1,away,5-1,6
2024-02-16,Avalanche,Lightning,3,6,home,3-6,9
2024-02-16,Flyers,Maple Leafs,3,4,home,3-4,7
2024-02-16,Oilers,Blues,3,6,home,3-6,9
2024-02-16,Stars,Predators,9,2,away,9-2,11
2024-02-16,Penguins,Blackhawks,4,1,away,4-1,5
2024-02-16,Sharks,Flames,6,3,away,6-3,9
2024-02-16,Red Wings,Canucks,1,4,home,1-4,5
2024-02-10,Blues,Sabres,3,1,away,3-1,4
2024-02-10,Canucks,Red Wings,3,4,home,3-4,7
2024-02-10,Stars,Canadiens,3,2,away,3-2,5
2024-02-10,Flames,Islanders,5,2,away,5-2,7
2024-02-10,Capitals,Bruins,3,0,away,3-0,3
2024-02-10,Avalanche,Panthers,0,4,home,0-4,4
2024-02-11,Devils,Hurricanes,0,1,home,0-1,1
2024-02-11,Lightning,Blue Jackets,4,2,away,4-2,6
2024-02-11,Maple Leafs,Senators,3,5,home,3-5,8
2024-02-11,Kraken,Flyers,2,3,home,2-3,5
2024-02-11,Penguins,Jets,1,2,home,1-2,3
2024-02-11,Coyotes,Predators,4,5,home,4-5,9
2024-02-11,Oilers,Kings,0,4,home,0-4,4
2024-02-11,Blues,Canadiens,7,2,away,7-2,9
2024-02-11,Canucks,Capitals,3,2,away,3-2,5
2024-02-13,Kraken,Devils,1,3,home,1-3,4
2024-02-13,Flames,Rangers,0,2,home,0-2,2
2024-02-13,Coyotes,Flyers,3,5,home,3-5,8
2024-02-13,Wild,Golden Knights,5,3,away,5-3,8
2024-02-14,Lightning,Bruins,3,2,away,3-2,5
2024-02-14,Kings,Sabres,0,7,home,0-7,7
2024-02-14,Ducks,Canadiens,0,5,home,0-5,5
2024-02-14,Blue Jackets,Senators,3,6,home,3-6,9
2024-02-14,Blues,Maple Leafs,1,4,home,1-4,5
2024-02-14,Avalanche,Capitals,6,3,away,6-3,9
2024-02-14,Kraken,Islanders,2,1,away,2-1,3
2024-02-14,Hurricanes,Stars,2,4,home,2-4,6
2024-02-14,Devils,Predators,4,2,away,4-2,6
2024-02-14,Canucks,Blackhawks,4,2,away,4-2,6
2024-02-14,Red Wings,Oilers,4,8,home,4-8,12
2024-02-15,Panthers,Penguins,5,2,away,5-2,7
2024-02-15,Sharks,Jets,0,1,home,0-1,1
2024-02-15,Wild,Coyotes,3,1,away,3-1,4
2024-02-16,Kraken,Bruins,4,1,away,4-1,5
2024-02-16,Panthers,Sabres,4,0,away,4-0,4
2024-02-16,Kings,Devils,2,1,away,2-1,3
2024-02-16,Canadiens,Rangers,4,7,home,4-7,11
2024-02-16,Ducks,Senators,5,1,away,5-1,6
2024-02-16,Avalanche,Lightning,3,6,home,3-6,9
2024-02-16,Flyers,Maple Leafs,3,4,home,3-4,7
2024-02-16,Oilers,Blues,3,6,home,3-6,9
2024-02-16,Stars,Predators,9,2,away,9-2,11
2024-02-16,Penguins,Blackhawks,4,1,away,4-1,5
2024-02-16,Sharks,Flames,6,3,away,6-3,9
2024-02-16,Red Wings,Canucks,1,4,home,1-4,5
2024-02-17,Hurricanes,Coyotes,5,1,away,5-1,6
2024-02-11,Blues,Canadiens,7,2,away,7-2,9
2024-02-11,Canucks,Capitals,3,2,away,3-2,5
2024-02-13,Kraken,Devils,1,3,home,1-3,4
2024-02-13,Flames,Rangers,0,2,home,0-2,2
2024-02-13,Coyotes,Flyers,3,5,home,3-5,8
2024-02-13,Wild,Golden Knights,5,3,away,5-3,8
2024-02-14,Lightning,Bruins,3,2,away,3-2,5
2024-02-14,Kings,Sabres,0,7,home,0-7,7
2024-02-14,Ducks,Canadiens,0,5,home,0-5,5
2024-02-14,Blue Jackets,Senators,3,6,home,3-6,9
2024-02-14,Blues,Maple Leafs,1,4,home,1-4,5
2024-02-14,Avalanche,Capitals,6,3,away,6-3,9
2024-02-14,Kraken,Islanders,2,1,away,2-1,3
2024-02-14,Hurricanes,Stars,2,4,home,2-4,6
2024-02-14,Devils,Predators,4,2,away,4-2,6
2024-02-14,Canucks,Blackhawks,4,2,away,4-2,6
2024-02-14,Red Wings,Oilers,4,8,home,4-8,12
2024-02-15,Panthers,Penguins,5,2,away,5-2,7
2024-02-15,Sharks,Jets,0,1,home,0-1,1
2024-02-15,Wild,Coyotes,3,1,away,3-1,4
2024-02-16,Kraken,Bruins,4,1,away,4-1,5
2024-02-16,Panthers,Sabres,4,0,away,4-0,4
2024-02-16,Kings,Devils,2,1,away,2-1,3
2024-02-16,Canadiens,Rangers,4,7,home,4-7,11
2024-02-16,Ducks,Senators,5,1,away,5-1,6
2024-02-16,Avalanche,Lightning,3,6,home,3-6,9
2024-02-16,Flyers,Maple Leafs,3,4,home,3-4,7
2024-02-16,Oilers,Blues,3,6,home,3-6,9
2024-02-16,Stars,Predators,9,2,away,9-2,11
2024-02-16,Penguins,Blackhawks,4,1,away,4-1,5
2024-02-16,Sharks,Flames,6,3,away,6-3,9
2024-02-16,Red Wings,Canucks,1,4,home,1-4,5
2024-02-17,Hurricanes,Coyotes,5,1,away,5-1,6
2024-02-17,Kings,Bruins,5,4,away,5-4,9
2024-02-17,Oilers,Stars,4,3,away,4-3,7
2024-02-17,Senators,Blackhawks,2,3,home,2-3,5
2024-02-17,Red Wings,Flames,5,0,away,5-0,5
2024-02-17,Sabres,Wild,3,2,away,3-2,5
2024-02-17,Predators,Blues,5,2,away,5-2,7
2024-02-17,Panthers,Lightning,9,2,away,9-2,11
2024-02-18,Capitals,Canadiens,4,3,away,4-3,7
2024-02-18,Ducks,Maple Leafs,2,9,home,2-9,11
2024-02-18,Flyers,Devils,3,6,home,3-6,9
2024-02-18,Jets,Canucks,4,2,away,4-2,6
2024-02-18,Blue Jackets,Sharks,4,3,away,4-3,7
2024-02-18,Hurricanes,Golden Knights,3,1,away,3-1,4
2024-02-13,Kraken,Devils,1,3,home,1-3,4
2024-02-13,Flames,Rangers,0,2,home,0-2,2
2024-02-13,Coyotes,Flyers,3,5,home,3-5,8
2024-02-13,Wild,Golden Knights,5,3,away,5-3,8
2024-02-14,Lightning,Bruins,3,2,away,3-2,5
2024-02-14,Kings,Sabres,0,7,home,0-7,7
2024-02-14,Ducks,Canadiens,0,5,home,0-5,5
2024-02-14,Blue Jackets,Senators,3,6,home,3-6,9
2024-02-14,Blues,Maple Leafs,1,4,home,1-4,5
2024-02-14,Avalanche,Capitals,6,3,away,6-3,9
2024-02-14,Kraken,Islanders,2,1,away,2-1,3
2024-02-14,Hurricanes,Stars,2,4,home,2-4,6
2024-02-14,Devils,Predators,4,2,away,4-2,6
2024-02-14,Canucks,Blackhawks,4,2,away,4-2,6
2024-02-14,Red Wings,Oilers,4,8,home,4-8,12
2024-02-15,Panthers,Penguins,5,2,away,5-2,7
2024-02-15,Sharks,Jets,0,1,home,0-1,1
2024-02-15,Wild,Coyotes,3,1,away,3-1,4
2024-02-16,Kraken,Bruins,4,1,away,4-1,5
2024-02-16,Panthers,Sabres,4,0,away,4-0,4
2024-02-16,Kings,Devils,2,1,away,2-1,3
2024-02-16,Canadiens,Rangers,4,7,home,4-7,11
2024-02-16,Ducks,Senators,5,1,away,5-1,6
2024-02-16,Avalanche,Lightning,3,6,home,3-6,9
2024-02-16,Flyers,Maple Leafs,3,4,home,3-4,7
2024-02-16,Oilers,Blues,3,6,home,3-6,9
2024-02-16,Stars,Predators,9,2,away,9-2,11
2024-02-16,Penguins,Blackhawks,4,1,away,4-1,5
2024-02-16,Sharks,Flames,6,3,away,6-3,9
2024-02-16,Red Wings,Canucks,1,4,home,1-4,5
2024-02-17,Hurricanes,Coyotes,5,1,away,5-1,6
2024-02-17,Kings,Bruins,5,4,away,5-4,9
2024-02-17,Oilers,Stars,4,3,away,4-3,7
2024-02-17,Senators,Blackhawks,2,3,home,2-3,5
2024-02-17,Red Wings,Flames,5,0,away,5-0,5
2024-02-17,Sabres,Wild,3,2,away,3-2,5
2024-02-17,Predators,Blues,5,2,away,5-2,7
2024-02-17,Panthers,Lightning,9,2,away,9-2,11
2024-02-18,Capitals,Canadiens,4,3,away,4-3,7
2024-02-18,Ducks,Maple Leafs,2,9,home,2-9,11
2024-02-18,Flyers,Devils,3,6,home,3-6,9
2024-02-18,Jets,Canucks,4,2,away,4-2,6
2024-02-18,Blue Jackets,Sharks,4,3,away,4-3,7
2024-02-18,Hurricanes,Golden Knights,3,1,away,3-1,4
2024-02-18,Rangers,Islanders,6,5,away,6-5,11
2024-02-18,Coyotes,Avalanche,3,4,home,3-4,7
2024-02-18,Kings,Penguins,2,1,away,2-1,3
2024-02-14,Lightning,Bruins,3,2,away,3-2,5
2024-02-14,Kings,Sabres,0,7,home,0-7,7
2024-02-14,Ducks,Canadiens,0,5,home,0-5,5
2024-02-14,Blue Jackets,Senators,3,6,home,3-6,9
2024-02-14,Blues,Maple Leafs,1,4,home,1-4,5
2024-02-14,Avalanche,Capitals,6,3,away,6-3,9
2024-02-14,Kraken,Islanders,2,1,away,2-1,3
2024-02-14,Hurricanes,Stars,2,4,home,2-4,6
2024-02-14,Devils,Predators,4,2,away,4-2,6
2024-02-14,Canucks,Blackhawks,4,2,away,4-2,6
2024-02-14,Red Wings,Oilers,4,8,home,4-8,12
2024-02-15,Panthers,Penguins,5,2,away,5-2,7
2024-02-15,Sharks,Jets,0,1,home,0-1,1
2024-02-15,Wild,Coyotes,3,1,away,3-1,4
2024-02-16,Kraken,Bruins,4,1,away,4-1,5
2024-02-16,Panthers,Sabres,4,0,away,4-0,4
2024-02-16,Kings,Devils,2,1,away,2-1,3
2024-02-16,Canadiens,Rangers,4,7,home,4-7,11
2024-02-16,Ducks,Senators,5,1,away,5-1,6
2024-02-16,Avalanche,Lightning,3,6,home,3-6,9
2024-02-16,Flyers,Maple Leafs,3,4,home,3-4,7
2024-02-16,Oilers,Blues,3,6,home,3-6,9
2024-02-16,Stars,Predators,9,2,away,9-2,11
2024-02-16,Penguins,Blackhawks,4,1,away,4-1,5
2024-02-16,Sharks,Flames,6,3,away,6-3,9
2024-02-16,Red Wings,Canucks,1,4,home,1-4,5
2024-02-17,Hurricanes,Coyotes,5,1,away,5-1,6
2024-02-17,Kings,Bruins,5,4,away,5-4,9
2024-02-17,Oilers,Stars,4,3,away,4-3,7
2024-02-17,Senators,Blackhawks,2,3,home,2-3,5
2024-02-17,Red Wings,Flames,5,0,away,5-0,5
2024-02-17,Sabres,Wild,3,2,away,3-2,5
2024-02-17,Predators,Blues,5,2,away,5-2,7
2024-02-17,Panthers,Lightning,9,2,away,9-2,11
2024-02-18,Capitals,Canadiens,4,3,away,4-3,7
2024-02-18,Ducks,Maple Leafs,2,9,home,2-9,11
2024-02-18,Flyers,Devils,3,6,home,3-6,9
2024-02-18,Jets,Canucks,4,2,away,4-2,6
2024-02-18,Blue Jackets,Sharks,4,3,away,4-3,7
2024-02-18,Hurricanes,Golden Knights,3,1,away,3-1,4
2024-02-18,Rangers,Islanders,6,5,away,6-5,11
2024-02-18,Coyotes,Avalanche,3,4,home,3-4,7
2024-02-18,Kings,Penguins,2,1,away,2-1,3
2024-02-19,Ducks,Sabres,4,3,away,4-3,7
2024-02-19,Stars,Bruins,3,4,home,3-4,7
2024-02-19,Maple Leafs,Blues,4,2,away,4-2,6
2024-02-19,Canucks,Wild,7,10,home,7-10,17
2024-02-19,Red Wings,Kraken,4,3,away,4-3,7
2024-02-19,Oilers,Coyotes,6,3,away,6-3,9
2024-02-19,Jets,Flames,3,6,home,3-6,9
2024-02-19,Golden Knights,Sharks,4,0,away,4-0,4
2024-02-20,Blackhawks,Hurricanes,3,6,home,3-6,9
2024-02-20,Senators,Lightning,4,2,away,4-2,6
2024-02-15,Panthers,Penguins,5,2,away,5-2,7
2024-02-15,Sharks,Jets,0,1,home,0-1,1
2024-02-15,Wild,Coyotes,3,1,away,3-1,4
2024-02-16,Kraken,Bruins,4,1,away,4-1,5
2024-02-16,Panthers,Sabres,4,0,away,4-0,4
2024-02-16,Kings,Devils,2,1,away,2-1,3
2024-02-16,Canadiens,Rangers,4,7,home,4-7,11
2024-02-16,Ducks,Senators,5,1,away,5-1,6
2024-02-16,Avalanche,Lightning,3,6,home,3-6,9
2024-02-16,Flyers,Maple Leafs,3,4,home,3-4,7
2024-02-16,Oilers,Blues,3,6,home,3-6,9
2024-02-16,Stars,Predators,9,2,away,9-2,11
2024-02-16,Penguins,Blackhawks,4,1,away,4-1,5
2024-02-16,Sharks,Flames,6,3,away,6-3,9
2024-02-16,Red Wings,Canucks,1,4,home,1-4,5
2024-02-17,Hurricanes,Coyotes,5,1,away,5-1,6
2024-02-17,Kings,Bruins,5,4,away,5-4,9
2024-02-17,Oilers,Stars,4,3,away,4-3,7
2024-02-17,Senators,Blackhawks,2,3,home,2-3,5
2024-02-17,Red Wings,Flames,5,0,away,5-0,5
2024-02-17,Sabres,Wild,3,2,away,3-2,5
2024-02-17,Predators,Blues,5,2,away,5-2,7
2024-02-17,Panthers,Lightning,9,2,away,9-2,11
2024-02-18,Capitals,Canadiens,4,3,away,4-3,7
2024-02-18,Ducks,Maple Leafs,2,9,home,2-9,11
2024-02-18,Flyers,Devils,3,6,home,3-6,9
2024-02-18,Jets,Canucks,4,2,away,4-2,6
2024-02-18,Blue Jackets,Sharks,4,3,away,4-3,7
2024-02-18,Hurricanes,Golden Knights,3,1,away,3-1,4
2024-02-18,Rangers,Islanders,6,5,away,6-5,11
2024-02-18,Coyotes,Avalanche,3,4,home,3-4,7
2024-02-18,Kings,Penguins,2,1,away,2-1,3
2024-02-19,Ducks,Sabres,4,3,away,4-3,7
2024-02-19,Stars,Bruins,3,4,home,3-4,7
2024-02-19,Maple Leafs,Blues,4,2,away,4-2,6
2024-02-19,Canucks,Wild,7,10,home,7-10,17
2024-02-19,Red Wings,Kraken,4,3,away,4-3,7
2024-02-19,Oilers,Coyotes,6,3,away,6-3,9
2024-02-19,Jets,Flames,3,6,home,3-6,9
2024-02-19,Golden Knights,Sharks,4,0,away,4-0,4
2024-02-20,Blackhawks,Hurricanes,3,6,home,3-6,9
2024-02-20,Senators,Lightning,4,2,away,4-2,6
2024-02-21,Senators,Panthers,2,3,home,2-3,5
2024-02-21,Stars,Rangers,1,3,home,1-3,4
2024-02-21,Islanders,Penguins,5,4,away,5-4,9
2024-02-21,Devils,Capitals,2,6,home,2-6,8
2024-02-21,Wild,Jets,3,6,home,3-6,9
2024-02-21,Canucks,Avalanche,1,3,home,1-3,4
2024-02-21,Predators,Golden Knights,5,3,away,5-3,8
2024-02-21,Blue Jackets,Kings,1,5,home,1-5,6
2024-02-16,Kraken,Bruins,4,1,away,4-1,5
2024-02-16,Panthers,Sabres,4,0,away,4-0,4
2024-02-16,Kings,Devils,2,1,away,2-1,3
2024-02-16,Canadiens,Rangers,4,7,home,4-7,11
2024-02-16,Ducks,Senators,5,1,away,5-1,6
2024-02-16,Avalanche,Lightning,3,6,home,3-6,9
2024-02-16,Flyers,Maple Leafs,3,4,home,3-4,7
2024-02-16,Oilers,Blues,3,6,home,3-6,9
2024-02-16,Stars,Predators,9,2,away,9-2,11
2024-02-16,Penguins,Blackhawks,4,1,away,4-1,5
2024-02-16,Sharks,Flames,6,3,away,6-3,9
2024-02-16,Red Wings,Canucks,1,4,home,1-4,5
2024-02-17,Hurricanes,Coyotes,5,1,away,5-1,6
2024-02-17,Kings,Bruins,5,4,away,5-4,9
2024-02-17,Oilers,Stars,4,3,away,4-3,7
2024-02-17,Senators,Blackhawks,2,3,home,2-3,5
2024-02-17,Red Wings,Flames,5,0,away,5-0,5
2024-02-17,Sabres,Wild,3,2,away,3-2,5
2024-02-17,Predators,Blues,5,2,away,5-2,7
2024-02-17,Panthers,Lightning,9,2,away,9-2,11
2024-02-18,Capitals,Canadiens,4,3,away,4-3,7
2024-02-18,Ducks,Maple Leafs,2,9,home,2-9,11
2024-02-18,Flyers,Devils,3,6,home,3-6,9
2024-02-18,Jets,Canucks,4,2,away,4-2,6
2024-02-18,Blue Jackets,Sharks,4,3,away,4-3,7
2024-02-18,Hurricanes,Golden Knights,3,1,away,3-1,4
2024-02-18,Rangers,Islanders,6,5,away,6-5,11
2024-02-18,Coyotes,Avalanche,3,4,home,3-4,7
2024-02-18,Kings,Penguins,2,1,away,2-1,3
2024-02-19,Ducks,Sabres,4,3,away,4-3,7
2024-02-19,Stars,Bruins,3,4,home,3-4,7
2024-02-19,Maple Leafs,Blues,4,2,away,4-2,6
2024-02-19,Canucks,Wild,7,10,home,7-10,17
2024-02-19,Red Wings,Kraken,4,3,away,4-3,7
2024-02-19,Oilers,Coyotes,6,3,away,6-3,9
2024-02-19,Jets,Flames,3,6,home,3-6,9
2024-02-19,Golden Knights,Sharks,4,0,away,4-0,4
2024-02-20,Blackhawks,Hurricanes,3,6,home,3-6,9
2024-02-20,Senators,Lightning,4,2,away,4-2,6
2024-02-21,Senators,Panthers,2,3,home,2-3,5
2024-02-21,Stars,Rangers,1,3,home,1-3,4
2024-02-21,Islanders,Penguins,5,4,away,5-4,9
2024-02-21,Devils,Capitals,2,6,home,2-6,8
2024-02-21,Wild,Jets,3,6,home,3-6,9
2024-02-21,Canucks,Avalanche,1,3,home,1-3,4
2024-02-21,Predators,Golden Knights,5,3,away,5-3,8
2024-02-21,Blue Jackets,Kings,1,5,home,1-5,6
2024-02-22,Sabres,Canadiens,3,2,away,3-2,5
2024-02-22,Flyers,Blackhawks,3,1,away,3-1,4
2024-02-22,Blue Jackets,Ducks,7,4,away,7-4,11
2024-02-22,Maple Leafs,Coyotes,6,3,away,6-3,9
2024-02-22,Bruins,Oilers,6,5,away,6-5,11
2024-02-17,Hurricanes,Coyotes,5,1,away,5-1,6
2024-02-17,Kings,Bruins,5,4,away,5-4,9
2024-02-17,Oilers,Stars,4,3,away,4-3,7
2024-02-17,Senators,Blackhawks,2,3,home,2-3,5
2024-02-17,Red Wings,Flames,5,0,away,5-0,5
2024-02-17,Sabres,Wild,3,2,away,3-2,5
2024-02-17,Predators,Blues,5,2,away,5-2,7
2024-02-17,Panthers,Lightning,9,2,away,9-2,11
2024-02-18,Capitals,Canadiens,4,3,away,4-3,7
2024-02-18,Ducks,Maple Leafs,2,9,home,2-9,11
2024-02-18,Flyers,Devils,3,6,home,3-6,9
2024-02-18,Jets,Canucks,4,2,away,4-2,6
2024-02-18,Blue Jackets,Sharks,4,3,away,4-3,7
2024-02-18,Hurricanes,Golden Knights,3,1,away,3-1,4
2024-02-18,Rangers,Islanders,6,5,away,6-5,11
2024-02-18,Coyotes,Avalanche,3,4,home,3-4,7
2024-02-18,Kings,Penguins,2,1,away,2-1,3
2024-02-19,Ducks,Sabres,4,3,away,4-3,7
2024-02-19,Stars,Bruins,3,4,home,3-4,7
2024-02-19,Maple Leafs,Blues,4,2,away,4-2,6
2024-02-19,Canucks,Wild,7,10,home,7-10,17
2024-02-19,Red Wings,Kraken,4,3,away,4-3,7
2024-02-19,Oilers,Coyotes,6,3,away,6-3,9
2024-02-19,Jets,Flames,3,6,home,3-6,9
2024-02-19,Golden Knights,Sharks,4,0,away,4-0,4
2024-02-20,Blackhawks,Hurricanes,3,6,home,3-6,9
2024-02-20,Senators,Lightning,4,2,away,4-2,6
2024-02-21,Senators,Panthers,2,3,home,2-3,5
2024-02-21,Stars,Rangers,1,3,home,1-3,4
2024-02-21,Islanders,Penguins,5,4,away,5-4,9
2024-02-21,Devils,Capitals,2,6,home,2-6,8
2024-02-21,Wild,Jets,3,6,home,3-6,9
2024-02-21,Canucks,Avalanche,1,3,home,1-3,4
2024-02-21,Predators,Golden Knights,5,3,away,5-3,8
2024-02-21,Blue Jackets,Kings,1,5,home,1-5,6
2024-02-22,Sabres,Canadiens,3,2,away,3-2,5
2024-02-22,Flyers,Blackhawks,3,1,away,3-1,4
2024-02-22,Blue Jackets,Ducks,7,4,away,7-4,11
2024-02-22,Maple Leafs,Coyotes,6,3,away,6-3,9
2024-02-22,Bruins,Oilers,6,5,away,6-5,11
2024-02-23,Panthers,Hurricanes,0,1,home,0-1,1
2024-02-23,Avalanche,Red Wings,1,2,home,1-2,3
2024-02-23,Rangers,Devils,5,1,away,5-1,6
2024-02-23,Stars,Senators,1,4,home,1-4,5
2024-02-23,Canadiens,Penguins,1,4,home,1-4,5
2024-02-23,Capitals,Lightning,5,3,away,5-3,8
2024-02-23,Islanders,Blues,0,4,home,0-4,4
2024-02-23,Bruins,Flames,2,3,home,2-3,5
2024-02-23,Canucks,Kraken,2,5,home,2-5,7
2024-02-23,Maple Leafs,Golden Knights,7,3,away,7-3,10
2024-02-23,Predators,Kings,4,1,away,4-1,5
2024-02-17,Kings,Bruins,5,4,away,5-4,9
2024-02-17,Oilers,Stars,4,3,away,4-3,7
2024-02-17,Senators,Blackhawks,2,3,home,2-3,5
2024-02-17,Red Wings,Flames,5,0,away,5-0,5
2024-02-17,Sabres,Wild,3,2,away,3-2,5
2024-02-17,Predators,Blues,5,2,away,5-2,7
2024-02-17,Panthers,Lightning,9,2,away,9-2,11
2024-02-18,Capitals,Canadiens,4,3,away,4-3,7
2024-02-18,Ducks,Maple Leafs,2,9,home,2-9,11
2024-02-18,Flyers,Devils,3,6,home,3-6,9
2024-02-18,Jets,Canucks,4,2,away,4-2,6
2024-02-18,Blue Jackets,Sharks,4,3,away,4-3,7
2024-02-18,Hurricanes,Golden Knights,3,1,away,3-1,4
2024-02-18,Rangers,Islanders,6,5,away,6-5,11
2024-02-18,Coyotes,Avalanche,3,4,home,3-4,7
2024-02-18,Kings,Penguins,2,1,away,2-1,3
2024-02-19,Ducks,Sabres,4,3,away,4-3,7
2024-02-19,Stars,Bruins,3,4,home,3-4,7
2024-02-19,Maple Leafs,Blues,4,2,away,4-2,6
2024-02-19,Canucks,Wild,7,10,home,7-10,17
2024-02-19,Red Wings,Kraken,4,3,away,4-3,7
2024-02-19,Oilers,Coyotes,6,3,away,6-3,9
2024-02-19,Jets,Flames,3,6,home,3-6,9
2024-02-19,Golden Knights,Sharks,4,0,away,4-0,4
2024-02-20,Blackhawks,Hurricanes,3,6,home,3-6,9
2024-02-20,Senators,Lightning,4,2,away,4-2,6
2024-02-21,Senators,Panthers,2,3,home,2-3,5
2024-02-21,Stars,Rangers,1,3,home,1-3,4
2024-02-21,Islanders,Penguins,5,4,away,5-4,9
2024-02-21,Devils,Capitals,2,6,home,2-6,8
2024-02-21,Wild,Jets,3,6,home,3-6,9
2024-02-21,Canucks,Avalanche,1,3,home,1-3,4
2024-02-21,Predators,Golden Knights,5,3,away,5-3,8
2024-02-21,Blue Jackets,Kings,1,5,home,1-5,6
2024-02-22,Sabres,Canadiens,3,2,away,3-2,5
2024-02-22,Flyers,Blackhawks,3,1,away,3-1,4
2024-02-22,Blue Jackets,Ducks,7,4,away,7-4,11
2024-02-22,Maple Leafs,Coyotes,6,3,away,6-3,9
2024-02-22,Bruins,Oilers,6,5,away,6-5,11
2024-02-23,Panthers,Hurricanes,0,1,home,0-1,1
2024-02-23,Avalanche,Red Wings,1,2,home,1-2,3
2024-02-23,Rangers,Devils,5,1,away,5-1,6
2024-02-23,Stars,Senators,1,4,home,1-4,5
2024-02-23,Canadiens,Penguins,1,4,home,1-4,5
2024-02-23,Capitals,Lightning,5,3,away,5-3,8
2024-02-23,Islanders,Blues,0,4,home,0-4,4
2024-02-23,Bruins,Flames,2,3,home,2-3,5
2024-02-23,Canucks,Kraken,2,5,home,2-5,7
2024-02-23,Maple Leafs,Golden Knights,7,3,away,7-3,10
2024-02-23,Predators,Kings,4,1,away,4-1,5
2024-02-24,Sabres,Blue Jackets,2,1,away,2-1,3
2024-02-24,Jets,Blackhawks,3,2,away,3-2,5
2024-02-24,Wild,Oilers,4,2,away,4-2,6
2024-02-18,Rangers,Islanders,6,5,away,6-5,11
2024-02-18,Coyotes,Avalanche,3,4,home,3-4,7
2024-02-18,Kings,Penguins,2,1,away,2-1,3
2024-02-19,Ducks,Sabres,4,3,away,4-3,7
2024-02-19,Stars,Bruins,3,4,home,3-4,7
2024-02-19,Maple Leafs,Blues,4,2,away,4-2,6
2024-02-19,Canucks,Wild,7,10,home,7-10,17
2024-02-19,Red Wings,Kraken,4,3,away,4-3,7
2024-02-19,Oilers,Coyotes,6,3,away,6-3,9
2024-02-19,Jets,Flames,3,6,home,3-6,9
2024-02-19,Golden Knights,Sharks,4,0,away,4-0,4
2024-02-20,Blackhawks,Hurricanes,3,6,home,3-6,9
2024-02-20,Senators,Lightning,4,2,away,4-2,6
2024-02-21,Senators,Panthers,2,3,home,2-3,5
2024-02-21,Stars,Rangers,1,3,home,1-3,4
2024-02-21,Islanders,Penguins,5,4,away,5-4,9
2024-02-21,Devils,Capitals,2,6,home,2-6,8
2024-02-21,Wild,Jets,3,6,home,3-6,9
2024-02-21,Canucks,Avalanche,1,3,home,1-3,4
2024-02-21,Predators,Golden Knights,5,3,away,5-3,8
2024-02-21,Blue Jackets,Kings,1,5,home,1-5,6
2024-02-22,Sabres,Canadiens,3,2,away,3-2,5
2024-02-22,Flyers,Blackhawks,3,1,away,3-1,4
2024-02-22,Blue Jackets,Ducks,7,4,away,7-4,11
2024-02-22,Maple Leafs,Coyotes,6,3,away,6-3,9
2024-02-22,Bruins,Oilers,6,5,away,6-5,11
2024-02-23,Panthers,Hurricanes,0,1,home,0-1,1
2024-02-23,Avalanche,Red Wings,1,2,home,1-2,3
2024-02-23,Rangers,Devils,5,1,away,5-1,6
2024-02-23,Stars,Senators,1,4,home,1-4,5
2024-02-23,Canadiens,Penguins,1,4,home,1-4,5
2024-02-23,Capitals,Lightning,5,3,away,5-3,8
2024-02-23,Islanders,Blues,0,4,home,0-4,4
2024-02-23,Bruins,Flames,2,3,home,2-3,5
2024-02-23,Canucks,Kraken,2,5,home,2-5,7
2024-02-23,Maple Leafs,Golden Knights,7,3,away,7-3,10
2024-02-23,Predators,Kings,4,1,away,4-1,5
2024-02-24,Sabres,Blue Jackets,2,1,away,2-1,3
2024-02-24,Jets,Blackhawks,3,2,away,3-2,5
2024-02-24,Wild,Oilers,4,2,away,4-2,6
2024-02-24,Blues,Red Wings,1,6,home,1-6,7
2024-02-24,Canadiens,Devils,3,4,home,3-4,7
2024-02-24,Lightning,Islanders,4,2,away,4-2,6
2024-02-24,Rangers,Flyers,2,1,away,2-1,3
2024-02-24,Capitals,Panthers,2,3,home,2-3,5
2024-02-25,Maple Leafs,Avalanche,4,3,away,4-3,7
2024-02-25,Golden Knights,Senators,3,4,home,3-4,7
2024-02-25,Bruins,Canucks,2,3,home,2-3,5
2024-02-25,Stars,Hurricanes,2,1,away,2-1,3
2024-02-25,Flames,Oilers,6,3,away,6-3,9
2024-02-25,Wild,Kraken,5,2,away,5-2,7
2024-02-25,Predators,Sharks,4,2,away,4-2,6
2024-02-25,Ducks,Kings,2,3,home,2-3,5
2024-02-19,Ducks,Sabres,4,3,away,4-3,7
2024-02-19,Stars,Bruins,3,4,home,3-4,7
2024-02-19,Maple Leafs,Blues,4,2,away,4-2,6
2024-02-19,Canucks,Wild,7,10,home,7-10,17
2024-02-19,Red Wings,Kraken,4,3,away,4-3,7
2024-02-19,Oilers,Coyotes,6,3,away,6-3,9
2024-02-19,Jets,Flames,3,6,home,3-6,9
2024-02-19,Golden Knights,Sharks,4,0,away,4-0,4
2024-02-20,Blackhawks,Hurricanes,3,6,home,3-6,9
2024-02-20,Senators,Lightning,4,2,away,4-2,6
2024-02-21,Senators,Panthers,2,3,home,2-3,5
2024-02-21,Stars,Rangers,1,3,home,1-3,4
2024-02-21,Islanders,Penguins,5,4,away,5-4,9
2024-02-21,Devils,Capitals,2,6,home,2-6,8
2024-02-21,Wild,Jets,3,6,home,3-6,9
2024-02-21,Canucks,Avalanche,1,3,home,1-3,4
2024-02-21,Predators,Golden Knights,5,3,away,5-3,8
2024-02-21,Blue Jackets,Kings,1,5,home,1-5,6
2024-02-22,Sabres,Canadiens,3,2,away,3-2,5
2024-02-22,Flyers,Blackhawks,3,1,away,3-1,4
2024-02-22,Blue Jackets,Ducks,7,4,away,7-4,11
2024-02-22,Maple Leafs,Coyotes,6,3,away,6-3,9
2024-02-22,Bruins,Oilers,6,5,away,6-5,11
2024-02-23,Panthers,Hurricanes,0,1,home,0-1,1
2024-02-23,Avalanche,Red Wings,1,2,home,1-2,3
2024-02-23,Rangers,Devils,5,1,away,5-1,6
2024-02-23,Stars,Senators,1,4,home,1-4,5
2024-02-23,Canadiens,Penguins,1,4,home,1-4,5
2024-02-23,Capitals,Lightning,5,3,away,5-3,8
2024-02-23,Islanders,Blues,0,4,home,0-4,4
2024-02-23,Bruins,Flames,2,3,home,2-3,5
2024-02-23,Canucks,Kraken,2,5,home,2-5,7
2024-02-23,Maple Leafs,Golden Knights,7,3,away,7-3,10
2024-02-23,Predators,Kings,4,1,away,4-1,5
2024-02-24,Sabres,Blue Jackets,2,1,away,2-1,3
2024-02-24,Jets,Blackhawks,3,2,away,3-2,5
2024-02-24,Wild,Oilers,4,2,away,4-2,6
2024-02-24,Blues,Red Wings,1,6,home,1-6,7
2024-02-24,Canadiens,Devils,3,4,home,3-4,7
2024-02-24,Lightning,Islanders,4,2,away,4-2,6
2024-02-24,Rangers,Flyers,2,1,away,2-1,3
2024-02-24,Capitals,Panthers,2,3,home,2-3,5
2024-02-25,Maple Leafs,Avalanche,4,3,away,4-3,7
2024-02-25,Golden Knights,Senators,3,4,home,3-4,7
2024-02-25,Bruins,Canucks,2,3,home,2-3,5
2024-02-25,Stars,Hurricanes,2,1,away,2-1,3
2024-02-25,Flames,Oilers,6,3,away,6-3,9
2024-02-25,Wild,Kraken,5,2,away,5-2,7
2024-02-25,Predators,Sharks,4,2,away,4-2,6
2024-02-25,Ducks,Kings,2,3,home,2-3,5
2024-02-25,Lightning,Devils,4,1,away,4-1,5
2024-02-25,Flyers,Penguins,6,7,home,6-7,13
2024-02-25,Hurricanes,Sabres,2,3,home,2-3,5
2024-02-25,Rangers,Blue Jackets,2,4,home,2-4,6
2024-02-25,Red Wings,Blackhawks,3,2,away,3-2,5
2024-02-25,Coyotes,Jets,3,4,home,3-4,7
2024-02-26,Predators,Ducks,4,2,away,4-2,6
2024-02-21,Senators,Panthers,2,3,home,2-3,5
2024-02-21,Stars,Rangers,1,3,home,1-3,4
2024-02-21,Islanders,Penguins,5,4,away,5-4,9
2024-02-21,Devils,Capitals,2,6,home,2-6,8
2024-02-21,Wild,Jets,3,6,home,3-6,9
2024-02-21,Canucks,Avalanche,1,3,home,1-3,4
2024-02-21,Predators,Golden Knights,5,3,away,5-3,8
2024-02-21,Blue Jackets,Kings,1,5,home,1-5,6
2024-02-22,Sabres,Canadiens,3,2,away,3-2,5
2024-02-22,Flyers,Blackhawks,3,1,away,3-1,4
2024-02-22,Blue Jackets,Ducks,7,4,away,7-4,11
2024-02-22,Maple Leafs,Coyotes,6,3,away,6-3,9
2024-02-22,Bruins,Oilers,6,5,away,6-5,11
2024-02-23,Panthers,Hurricanes,0,1,home,0-1,1
2024-02-23,Avalanche,Red Wings,1,2,home,1-2,3
2024-02-23,Rangers,Devils,5,1,away,5-1,6
2024-02-23,Stars,Senators,1,4,home,1-4,5
2024-02-23,Canadiens,Penguins,1,4,home,1-4,5
2024-02-23,Capitals,Lightning,5,3,away,5-3,8
2024-02-23,Islanders,Blues,0,4,home,0-4,4
2024-02-23,Bruins,Flames,2,3,home,2-3,5
2024-02-23,Canucks,Kraken,2,5,home,2-5,7
2024-02-23,Maple Leafs,Golden Knights,7,3,away,7-3,10
2024-02-23,Predators,Kings,4,1,away,4-1,5
2024-02-24,Sabres,Blue Jackets,2,1,away,2-1,3
2024-02-24,Jets,Blackhawks,3,2,away,3-2,5
2024-02-24,Wild,Oilers,4,2,away,4-2,6
2024-02-24,Blues,Red Wings,1,6,home,1-6,7
2024-02-24,Canadiens,Devils,3,4,home,3-4,7
2024-02-24,Lightning,Islanders,4,2,away,4-2,6
2024-02-24,Rangers,Flyers,2,1,away,2-1,3
2024-02-24,Capitals,Panthers,2,3,home,2-3,5
2024-02-25,Maple Leafs,Avalanche,4,3,away,4-3,7
2024-02-25,Golden Knights,Senators,3,4,home,3-4,7
2024-02-25,Bruins,Canucks,2,3,home,2-3,5
2024-02-25,Stars,Hurricanes,2,1,away,2-1,3
2024-02-25,Flames,Oilers,6,3,away,6-3,9
2024-02-25,Wild,Kraken,5,2,away,5-2,7
2024-02-25,Predators,Sharks,4,2,away,4-2,6
2024-02-25,Ducks,Kings,2,3,home,2-3,5
2024-02-25,Lightning,Devils,4,1,away,4-1,5
2024-02-25,Flyers,Penguins,6,7,home,6-7,13
2024-02-25,Hurricanes,Sabres,2,3,home,2-3,5
2024-02-25,Rangers,Blue Jackets,2,4,home,2-4,6
2024-02-25,Red Wings,Blackhawks,3,2,away,3-2,5
2024-02-25,Coyotes,Jets,3,4,home,3-4,7
2024-02-26,Predators,Ducks,4,2,away,4-2,6
2024-02-27,Senators,Capitals,3,6,home,3-6,9
2024-02-27,Islanders,Stars,3,2,away,3-2,5
2024-02-27,Kings,Oilers,2,4,home,2-4,6
2024-02-27,Bruins,Kraken,3,4,home,3-4,7
2024-02-22,Sabres,Canadiens,3,2,away,3-2,5
2024-02-22,Flyers,Blackhawks,3,1,away,3-1,4
2024-02-22,Blue Jackets,Ducks,7,4,away,7-4,11
2024-02-22,Maple Leafs,Coyotes,6,3,away,6-3,9
2024-02-22,Bruins,Oilers,6,5,away,6-5,11
2024-02-23,Panthers,Hurricanes,0,1,home,0-1,1
2024-02-23,Avalanche,Red Wings,1,2,home,1-2,3
2024-02-23,Rangers,Devils,5,1,away,5-1,6
2024-02-23,Stars,Senators,1,4,home,1-4,5
2024-02-23,Canadiens,Penguins,1,4,home,1-4,5
2024-02-23,Capitals,Lightning,5,3,away,5-3,8
2024-02-23,Islanders,Blues,0,4,home,0-4,4
2024-02-23,Bruins,Flames,2,3,home,2-3,5
2024-02-23,Canucks,Kraken,2,5,home,2-5,7
2024-02-23,Maple Leafs,Golden Knights,7,3,away,7-3,10
2024-02-23,Predators,Kings,4,1,away,4-1,5
2024-02-24,Sabres,Blue Jackets,2,1,away,2-1,3
2024-02-24,Jets,Blackhawks,3,2,away,3-2,5
2024-02-24,Wild,Oilers,4,2,away,4-2,6
2024-02-24,Blues,Red Wings,1,6,home,1-6,7
2024-02-24,Canadiens,Devils,3,4,home,3-4,7
2024-02-24,Lightning,Islanders,4,2,away,4-2,6
2024-02-24,Rangers,Flyers,2,1,away,2-1,3
2024-02-24,Capitals,Panthers,2,3,home,2-3,5
2024-02-25,Maple Leafs,Avalanche,4,3,away,4-3,7
2024-02-25,Golden Knights,Senators,3,4,home,3-4,7
2024-02-25,Bruins,Canucks,2,3,home,2-3,5
2024-02-25,Stars,Hurricanes,2,1,away,2-1,3
2024-02-25,Flames,Oilers,6,3,away,6-3,9
2024-02-25,Wild,Kraken,5,2,away,5-2,7
2024-02-25,Predators,Sharks,4,2,away,4-2,6
2024-02-25,Ducks,Kings,2,3,home,2-3,5
2024-02-25,Lightning,Devils,4,1,away,4-1,5
2024-02-25,Flyers,Penguins,6,7,home,6-7,13
2024-02-25,Hurricanes,Sabres,2,3,home,2-3,5
2024-02-25,Rangers,Blue Jackets,2,4,home,2-4,6
2024-02-25,Red Wings,Blackhawks,3,2,away,3-2,5
2024-02-25,Coyotes,Jets,3,4,home,3-4,7
2024-02-26,Predators,Ducks,4,2,away,4-2,6
2024-02-27,Senators,Capitals,3,6,home,3-6,9
2024-02-27,Islanders,Stars,3,2,away,3-2,5
2024-02-27,Kings,Oilers,2,4,home,2-4,6
2024-02-27,Bruins,Kraken,3,4,home,3-4,7
2024-02-28,Capitals,Red Wings,3,8,home,3-8,11
2024-02-28,Sabres,Panthers,2,3,home,2-3,5
2024-02-28,Coyotes,Canadiens,2,4,home,2-4,6
2024-02-28,Lightning,Flyers,2,6,home,2-6,8
2024-02-28,Golden Knights,Maple Leafs,6,2,away,6-2,8
2024-02-28,Hurricanes,Wild,3,2,away,3-2,5
2024-02-28,Senators,Predators,1,4,home,1-4,5
2024-02-28,Blues,Jets,2,4,home,2-4,6
2024-02-28,Kings,Flames,2,4,home,2-4,6
2024-02-28,Stars,Avalanche,1,5,home,1-5,6
2024-02-28,Penguins,Canucks,4,3,away,4-3,7
2024-02-28,Devils,Sharks,7,2,away,7-2,9
2024-02-23,Panthers,Hurricanes,0,1,home,0-1,1
2024-02-23,Avalanche,Red Wings,1,2,home,1-2,3
2024-02-23,Rangers,Devils,5,1,away,5-1,6
2024-02-23,Stars,Senators,1,4,home,1-4,5
2024-02-23,Canadiens,Penguins,1,4,home,1-4,5
2024-02-23,Capitals,Lightning,5,3,away,5-3,8
2024-02-23,Islanders,Blues,0,4,home,0-4,4
2024-02-23,Bruins,Flames,2,3,home,2-3,5
2024-02-23,Canucks,Kraken,2,5,home,2-5,7
2024-02-23,Maple Leafs,Golden Knights,7,3,away,7-3,10
2024-02-23,Predators,Kings,4,1,away,4-1,5
2024-02-24,Sabres,Blue Jackets,2,1,away,2-1,3
2024-02-24,Jets,Blackhawks,3,2,away,3-2,5
2024-02-24,Wild,Oilers,4,2,away,4-2,6
2024-02-24,Blues,Red Wings,1,6,home,1-6,7
2024-02-24,Canadiens,Devils,3,4,home,3-4,7
2024-02-24,Lightning,Islanders,4,2,away,4-2,6
2024-02-24,Rangers,Flyers,2,1,away,2-1,3
2024-02-24,Capitals,Panthers,2,3,home,2-3,5
2024-02-25,Maple Leafs,Avalanche,4,3,away,4-3,7
2024-02-25,Golden Knights,Senators,3,4,home,3-4,7
2024-02-25,Bruins,Canucks,2,3,home,2-3,5
2024-02-25,Stars,Hurricanes,2,1,away,2-1,3
2024-02-25,Flames,Oilers,6,3,away,6-3,9
2024-02-25,Wild,Kraken,5,2,away,5-2,7
2024-02-25,Predators,Sharks,4,2,away,4-2,6
2024-02-25,Ducks,Kings,2,3,home,2-3,5
2024-02-25,Lightning,Devils,4,1,away,4-1,5
2024-02-25,Flyers,Penguins,6,7,home,6-7,13
2024-02-25,Hurricanes,Sabres,2,3,home,2-3,5
2024-02-25,Rangers,Blue Jackets,2,4,home,2-4,6
2024-02-25,Red Wings,Blackhawks,3,2,away,3-2,5
2024-02-25,Coyotes,Jets,3,4,home,3-4,7
2024-02-26,Predators,Ducks,4,2,away,4-2,6
2024-02-27,Senators,Capitals,3,6,home,3-6,9
2024-02-27,Islanders,Stars,3,2,away,3-2,5
2024-02-27,Kings,Oilers,2,4,home,2-4,6
2024-02-27,Bruins,Kraken,3,4,home,3-4,7
2024-02-28,Capitals,Red Wings,3,8,home,3-8,11
2024-02-28,Sabres,Panthers,2,3,home,2-3,5
2024-02-28,Coyotes,Canadiens,2,4,home,2-4,6
2024-02-28,Lightning,Flyers,2,6,home,2-6,8
2024-02-28,Golden Knights,Maple Leafs,6,2,away,6-2,8
2024-02-28,Hurricanes,Wild,3,2,away,3-2,5
2024-02-28,Senators,Predators,1,4,home,1-4,5
2024-02-28,Blues,Jets,2,4,home,2-4,6
2024-02-28,Kings,Flames,2,4,home,2-4,6
2024-02-28,Stars,Avalanche,1,5,home,1-5,6
2024-02-28,Penguins,Canucks,4,3,away,4-3,7
2024-02-28,Devils,Sharks,7,2,away,7-2,9
2024-02-29,Blue Jackets,Rangers,1,4,home,1-4,5
2024-02-29,Blues,Oilers,2,3,home,2-3,5
2024-02-24,Sabres,Blue Jackets,2,1,away,2-1,3
2024-02-24,Jets,Blackhawks,3,2,away,3-2,5
2024-02-24,Wild,Oilers,4,2,away,4-2,6
2024-02-24,Blues,Red Wings,1,6,home,1-6,7
2024-02-24,Canadiens,Devils,3,4,home,3-4,7
2024-02-24,Lightning,Islanders,4,2,away,4-2,6
2024-02-24,Rangers,Flyers,2,1,away,2-1,3
2024-02-24,Capitals,Panthers,2,3,home,2-3,5
2024-02-25,Maple Leafs,Avalanche,4,3,away,4-3,7
2024-02-25,Golden Knights,Senators,3,4,home,3-4,7
2024-02-25,Bruins,Canucks,2,3,home,2-3,5
2024-02-25,Stars,Hurricanes,2,1,away,2-1,3
2024-02-25,Flames,Oilers,6,3,away,6-3,9
2024-02-25,Wild,Kraken,5,2,away,5-2,7
2024-02-25,Predators,Sharks,4,2,away,4-2,6
2024-02-25,Ducks,Kings,2,3,home,2-3,5
2024-02-25,Lightning,Devils,4,1,away,4-1,5
2024-02-25,Flyers,Penguins,6,7,home,6-7,13
2024-02-25,Hurricanes,Sabres,2,3,home,2-3,5
2024-02-25,Rangers,Blue Jackets,2,4,home,2-4,6
2024-02-25,Red Wings,Blackhawks,3,2,away,3-2,5
2024-02-25,Coyotes,Jets,3,4,home,3-4,7
2024-02-26,Predators,Ducks,4,2,away,4-2,6
2024-02-27,Senators,Capitals,3,6,home,3-6,9
2024-02-27,Islanders,Stars,3,2,away,3-2,5
2024-02-27,Kings,Oilers,2,4,home,2-4,6
2024-02-27,Bruins,Kraken,3,4,home,3-4,7
2024-02-28,Capitals,Red Wings,3,8,home,3-8,11
2024-02-28,Sabres,Panthers,2,3,home,2-3,5
2024-02-28,Coyotes,Canadiens,2,4,home,2-4,6
2024-02-28,Lightning,Flyers,2,6,home,2-6,8
2024-02-28,Golden Knights,Maple Leafs,6,2,away,6-2,8
2024-02-28,Hurricanes,Wild,3,2,away,3-2,5
2024-02-28,Senators,Predators,1,4,home,1-4,5
2024-02-28,Blues,Jets,2,4,home,2-4,6
2024-02-28,Kings,Flames,2,4,home,2-4,6
2024-02-28,Stars,Avalanche,1,5,home,1-5,6
2024-02-28,Penguins,Canucks,4,3,away,4-3,7
2024-02-28,Devils,Sharks,7,2,away,7-2,9
2024-02-29,Blue Jackets,Rangers,1,4,home,1-4,5
2024-02-29,Blues,Oilers,2,3,home,2-3,5
2024-03-01,Golden Knights,Bruins,4,5,home,4-5,9
2024-03-01,Hurricanes,Blue Jackets,4,2,away,4-2,6
2024-03-01,Islanders,Red Wings,5,3,away,5-3,8
2024-03-01,Canadiens,Panthers,3,4,home,3-4,7
2024-03-01,Sabres,Lightning,3,2,away,3-2,5
2024-03-01,Coyotes,Maple Leafs,2,4,home,2-4,6
2024-03-01,Jets,Stars,1,4,home,1-4,5
2024-03-01,Wild,Predators,1,6,home,1-6,7
2024-03-01,Avalanche,Blackhawks,5,0,away,5-0,5
2024-03-01,Penguins,Kraken,0,2,home,0-2,2
2024-03-01,Kings,Canucks,5,1,away,5-1,6
2024-03-01,Ducks,Sharks,6,4,away,6-4,10
2024-02-24,Blues,Red Wings,1,6,home,1-6,7
2024-02-24,Canadiens,Devils,3,4,home,3-4,7
2024-02-24,Lightning,Islanders,4,2,away,4-2,6
2024-02-24,Rangers,Flyers,2,1,away,2-1,3
2024-02-24,Capitals,Panthers,2,3,home,2-3,5
2024-02-25,Maple Leafs,Avalanche,4,3,away,4-3,7
2024-02-25,Golden Knights,Senators,3,4,home,3-4,7
2024-02-25,Bruins,Canucks,2,3,home,2-3,5
2024-02-25,Stars,Hurricanes,2,1,away,2-1,3
2024-02-25,Flames,Oilers,6,3,away,6-3,9
2024-02-25,Wild,Kraken,5,2,away,5-2,7
2024-02-25,Predators,Sharks,4,2,away,4-2,6
2024-02-25,Ducks,Kings,2,3,home,2-3,5
2024-02-25,Lightning,Devils,4,1,away,4-1,5
2024-02-25,Flyers,Penguins,6,7,home,6-7,13
2024-02-25,Hurricanes,Sabres,2,3,home,2-3,5
2024-02-25,Rangers,Blue Jackets,2,4,home,2-4,6
2024-02-25,Red Wings,Blackhawks,3,2,away,3-2,5
2024-02-25,Coyotes,Jets,3,4,home,3-4,7
2024-02-26,Predators,Ducks,4,2,away,4-2,6
2024-02-27,Senators,Capitals,3,6,home,3-6,9
2024-02-27,Islanders,Stars,3,2,away,3-2,5
2024-02-27,Kings,Oilers,2,4,home,2-4,6
2024-02-27,Bruins,Kraken,3,4,home,3-4,7
2024-02-28,Capitals,Red Wings,3,8,home,3-8,11
2024-02-28,Sabres,Panthers,2,3,home,2-3,5
2024-02-28,Coyotes,Canadiens,2,4,home,2-4,6
2024-02-28,Lightning,Flyers,2,6,home,2-6,8
2024-02-28,Golden Knights,Maple Leafs,6,2,away,6-2,8
2024-02-28,Hurricanes,Wild,3,2,away,3-2,5
2024-02-28,Senators,Predators,1,4,home,1-4,5
2024-02-28,Blues,Jets,2,4,home,2-4,6
2024-02-28,Kings,Flames,2,4,home,2-4,6
2024-02-28,Stars,Avalanche,1,5,home,1-5,6
2024-02-28,Penguins,Canucks,4,3,away,4-3,7
2024-02-28,Devils,Sharks,7,2,away,7-2,9
2024-02-29,Blue Jackets,Rangers,1,4,home,1-4,5
2024-02-29,Blues,Oilers,2,3,home,2-3,5
2024-03-01,Golden Knights,Bruins,4,5,home,4-5,9
2024-03-01,Hurricanes,Blue Jackets,4,2,away,4-2,6
2024-03-01,Islanders,Red Wings,5,3,away,5-3,8
2024-03-01,Canadiens,Panthers,3,4,home,3-4,7
2024-03-01,Sabres,Lightning,3,2,away,3-2,5
2024-03-01,Coyotes,Maple Leafs,2,4,home,2-4,6
2024-03-01,Jets,Stars,1,4,home,1-4,5
2024-03-01,Wild,Predators,1,6,home,1-6,7
2024-03-01,Avalanche,Blackhawks,5,0,away,5-0,5
2024-03-01,Penguins,Kraken,0,2,home,0-2,2
2024-03-01,Kings,Canucks,5,1,away,5-1,6
2024-03-01,Ducks,Sharks,6,4,away,6-4,10
2024-03-02,Coyotes,Senators,5,3,away,5-3,8
2024-03-02,Flyers,Capitals,2,5,home,2-5,7
2024-03-02,Devils,Ducks,3,4,home,3-4,7
2024-02-25,Lightning,Devils,4,1,away,4-1,5
2024-02-25,Flyers,Penguins,6,7,home,6-7,13
2024-02-25,Hurricanes,Sabres,2,3,home,2-3,5
2024-02-25,Rangers,Blue Jackets,2,4,home,2-4,6
2024-02-25,Red Wings,Blackhawks,3,2,away,3-2,5
2024-02-25,Coyotes,Jets,3,4,home,3-4,7
2024-02-26,Predators,Ducks,4,2,away,4-2,6
2024-02-27,Senators,Capitals,3,6,home,3-6,9
2024-02-27,Islanders,Stars,3,2,away,3-2,5
2024-02-27,Kings,Oilers,2,4,home,2-4,6
2024-02-27,Bruins,Kraken,3,4,home,3-4,7
2024-02-28,Capitals,Red Wings,3,8,home,3-8,11
2024-02-28,Sabres,Panthers,2,3,home,2-3,5
2024-02-28,Coyotes,Canadiens,2,4,home,2-4,6
2024-02-28,Lightning,Flyers,2,6,home,2-6,8
2024-02-28,Golden Knights,Maple Leafs,6,2,away,6-2,8
2024-02-28,Hurricanes,Wild,3,2,away,3-2,5
2024-02-28,Senators,Predators,1,4,home,1-4,5
2024-02-28,Blues,Jets,2,4,home,2-4,6
2024-02-28,Kings,Flames,2,4,home,2-4,6
2024-02-28,Stars,Avalanche,1,5,home,1-5,6
2024-02-28,Penguins,Canucks,4,3,away,4-3,7
2024-02-28,Devils,Sharks,7,2,away,7-2,9
2024-02-29,Blue Jackets,Rangers,1,4,home,1-4,5
2024-02-29,Blues,Oilers,2,3,home,2-3,5
2024-03-01,Golden Knights,Bruins,4,5,home,4-5,9
2024-03-01,Hurricanes,Blue Jackets,4,2,away,4-2,6
2024-03-01,Islanders,Red Wings,5,3,away,5-3,8
2024-03-01,Canadiens,Panthers,3,4,home,3-4,7
2024-03-01,Sabres,Lightning,3,2,away,3-2,5
2024-03-01,Coyotes,Maple Leafs,2,4,home,2-4,6
2024-03-01,Jets,Stars,1,4,home,1-4,5
2024-03-01,Wild,Predators,1,6,home,1-6,7
2024-03-01,Avalanche,Blackhawks,5,0,away,5-0,5
2024-03-01,Penguins,Kraken,0,2,home,0-2,2
2024-03-01,Kings,Canucks,5,1,away,5-1,6
2024-03-01,Ducks,Sharks,6,4,away,6-4,10
2024-03-02,Coyotes,Senators,5,3,away,5-3,8
2024-03-02,Flyers,Capitals,2,5,home,2-5,7
2024-03-02,Devils,Ducks,3,4,home,3-4,7
2024-03-02,Jets,Hurricanes,5,3,away,5-3,8
2024-03-02,Panthers,Red Wings,4,0,away,4-0,4
2024-03-02,Oilers,Kraken,2,1,away,2-1,3
2024-03-02,Avalanche,Predators,1,5,home,1-5,6
2024-03-02,Wild,Blues,1,3,home,1-3,4
2024-03-03,Golden Knights,Sabres,2,7,home,2-7,9
2024-03-03,Senators,Flyers,2,4,home,2-4,6
2024-03-03,Canadiens,Lightning,3,4,home,3-4,7
2024-03-03,Rangers,Maple Leafs,3,4,home,3-4,7
2024-03-03,Bruins,Islanders,1,5,home,1-5,6
2024-03-03,Blue Jackets,Blackhawks,5,2,away,5-2,7
2024-03-03,Sharks,Stars,2,3,home,2-3,5
2024-03-03,Penguins,Flames,3,4,home,3-4,7
2024-02-27,Senators,Capitals,3,6,home,3-6,9
2024-02-27,Islanders,Stars,3,2,away,3-2,5
2024-02-27,Kings,Oilers,2,4,home,2-4,6
2024-02-27,Bruins,Kraken,3,4,home,3-4,7
2024-02-28,Capitals,Red Wings,3,8,home,3-8,11
2024-02-28,Sabres,Panthers,2,3,home,2-3,5
2024-02-28,Coyotes,Canadiens,2,4,home,2-4,6
2024-02-28,Lightning,Flyers,2,6,home,2-6,8
2024-02-28,Golden Knights,Maple Leafs,6,2,away,6-2,8
2024-02-28,Hurricanes,Wild,3,2,away,3-2,5
2024-02-28,Senators,Predators,1,4,home,1-4,5
2024-02-28,Blues,Jets,2,4,home,2-4,6
2024-02-28,Kings,Flames,2,4,home,2-4,6
2024-02-28,Stars,Avalanche,1,5,home,1-5,6
2024-02-28,Penguins,Canucks,4,3,away,4-3,7
2024-02-28,Devils,Sharks,7,2,away,7-2,9
2024-02-29,Blue Jackets,Rangers,1,4,home,1-4,5
2024-02-29,Blues,Oilers,2,3,home,2-3,5
2024-03-01,Golden Knights,Bruins,4,5,home,4-5,9
2024-03-01,Hurricanes,Blue Jackets,4,2,away,4-2,6
2024-03-01,Islanders,Red Wings,5,3,away,5-3,8
2024-03-01,Canadiens,Panthers,3,4,home,3-4,7
2024-03-01,Sabres,Lightning,3,2,away,3-2,5
2024-03-01,Coyotes,Maple Leafs,2,4,home,2-4,6
2024-03-01,Jets,Stars,1,4,home,1-4,5
2024-03-01,Wild,Predators,1,6,home,1-6,7
2024-03-01,Avalanche,Blackhawks,5,0,away,5-0,5
2024-03-01,Penguins,Kraken,0,2,home,0-2,2
2024-03-01,Kings,Canucks,5,1,away,5-1,6
2024-03-01,Ducks,Sharks,6,4,away,6-4,10
2024-03-02,Coyotes,Senators,5,3,away,5-3,8
2024-03-02,Flyers,Capitals,2,5,home,2-5,7
2024-03-02,Devils,Ducks,3,4,home,3-4,7
2024-03-02,Jets,Hurricanes,5,3,away,5-3,8
2024-03-02,Panthers,Red Wings,4,0,away,4-0,4
2024-03-02,Oilers,Kraken,2,1,away,2-1,3
2024-03-02,Avalanche,Predators,1,5,home,1-5,6
2024-03-02,Wild,Blues,1,3,home,1-3,4
2024-03-03,Golden Knights,Sabres,2,7,home,2-7,9
2024-03-03,Senators,Flyers,2,4,home,2-4,6
2024-03-03,Canadiens,Lightning,3,4,home,3-4,7
2024-03-03,Rangers,Maple Leafs,3,4,home,3-4,7
2024-03-03,Bruins,Islanders,1,5,home,1-5,6
2024-03-03,Blue Jackets,Blackhawks,5,2,away,5-2,7
2024-03-03,Sharks,Stars,2,3,home,2-3,5
2024-03-03,Penguins,Flames,3,4,home,3-4,7
2024-03-03,Coyotes,Capitals,5,2,away,5-2,7
2024-03-03,Devils,Kings,1,5,home,1-5,6
2024-03-04,Jets,Sabres,5,2,away,5-2,7
2024-03-04,Sharks,Wild,3,4,home,3-4,7
2024-03-04,Canucks,Ducks,2,1,away,2-1,3
2024-03-04,Penguins,Oilers,1,6,home,1-6,7
2024-02-28,Capitals,Red Wings,3,8,home,3-8,11
2024-02-28,Sabres,Panthers,2,3,home,2-3,5
2024-02-28,Coyotes,Canadiens,2,4,home,2-4,6
2024-02-28,Lightning,Flyers,2,6,home,2-6,8
2024-02-28,Golden Knights,Maple Leafs,6,2,away,6-2,8
2024-02-28,Hurricanes,Wild,3,2,away,3-2,5
2024-02-28,Senators,Predators,1,4,home,1-4,5
2024-02-28,Blues,Jets,2,4,home,2-4,6
2024-02-28,Kings,Flames,2,4,home,2-4,6
2024-02-28,Stars,Avalanche,1,5,home,1-5,6
2024-02-28,Penguins,Canucks,4,3,away,4-3,7
2024-02-28,Devils,Sharks,7,2,away,7-2,9
2024-02-29,Blue Jackets,Rangers,1,4,home,1-4,5
2024-02-29,Blues,Oilers,2,3,home,2-3,5
2024-03-01,Golden Knights,Bruins,4,5,home,4-5,9
2024-03-01,Hurricanes,Blue Jackets,4,2,away,4-2,6
2024-03-01,Islanders,Red Wings,5,3,away,5-3,8
2024-03-01,Canadiens,Panthers,3,4,home,3-4,7
2024-03-01,Sabres,Lightning,3,2,away,3-2,5
2024-03-01,Coyotes,Maple Leafs,2,4,home,2-4,6
2024-03-01,Jets,Stars,1,4,home,1-4,5
2024-03-01,Wild,Predators,1,6,home,1-6,7
2024-03-01,Avalanche,Blackhawks,5,0,away,5-0,5
2024-03-01,Penguins,Kraken,0,2,home,0-2,2
2024-03-01,Kings,Canucks,5,1,away,5-1,6
2024-03-01,Ducks,Sharks,6,4,away,6-4,10
2024-03-02,Coyotes,Senators,5,3,away,5-3,8
2024-03-02,Flyers,Capitals,2,5,home,2-5,7
2024-03-02,Devils,Ducks,3,4,home,3-4,7
2024-03-02,Jets,Hurricanes,5,3,away,5-3,8
2024-03-02,Panthers,Red Wings,4,0,away,4-0,4
2024-03-02,Oilers,Kraken,2,1,away,2-1,3
2024-03-02,Avalanche,Predators,1,5,home,1-5,6
2024-03-02,Wild,Blues,1,3,home,1-3,4
2024-03-03,Golden Knights,Sabres,2,7,home,2-7,9
2024-03-03,Senators,Flyers,2,4,home,2-4,6
2024-03-03,Canadiens,Lightning,3,4,home,3-4,7
2024-03-03,Rangers,Maple Leafs,3,4,home,3-4,7
2024-03-03,Bruins,Islanders,1,5,home,1-5,6
2024-03-03,Blue Jackets,Blackhawks,5,2,away,5-2,7
2024-03-03,Sharks,Stars,2,3,home,2-3,5
2024-03-03,Penguins,Flames,3,4,home,3-4,7
2024-03-03,Coyotes,Capitals,5,2,away,5-2,7
2024-03-03,Devils,Kings,1,5,home,1-5,6
2024-03-04,Jets,Sabres,5,2,away,5-2,7
2024-03-04,Sharks,Wild,3,4,home,3-4,7
2024-03-04,Canucks,Ducks,2,1,away,2-1,3
2024-03-04,Penguins,Oilers,1,6,home,1-6,7
2024-03-05,Golden Knights,Blue Jackets,3,6,home,3-6,9
2024-03-05,Panthers,Rangers,4,2,away,4-2,6
2024-03-05,Blues,Flyers,2,1,away,2-1,3
2024-03-05,Bruins,Maple Leafs,4,1,away,4-1,5
2024-03-05,Blackhawks,Avalanche,0,5,home,0-5,5
2024-03-05,Kraken,Flames,4,2,away,4-2,6
2024-02-29,Blue Jackets,Rangers,1,4,home,1-4,5
2024-02-29,Blues,Oilers,2,3,home,2-3,5
2024-03-01,Golden Knights,Bruins,4,5,home,4-5,9
2024-03-01,Hurricanes,Blue Jackets,4,2,away,4-2,6
2024-03-01,Islanders,Red Wings,5,3,away,5-3,8
2024-03-01,Canadiens,Panthers,3,4,home,3-4,7
2024-03-01,Sabres,Lightning,3,2,away,3-2,5
2024-03-01,Coyotes,Maple Leafs,2,4,home,2-4,6
2024-03-01,Jets,Stars,1,4,home,1-4,5
2024-03-01,Wild,Predators,1,6,home,1-6,7
2024-03-01,Avalanche,Blackhawks,5,0,away,5-0,5
2024-03-01,Penguins,Kraken,0,2,home,0-2,2
2024-03-01,Kings,Canucks,5,1,away,5-1,6
2024-03-01,Ducks,Sharks,6,4,away,6-4,10
2024-03-02,Coyotes,Senators,5,3,away,5-3,8
2024-03-02,Flyers,Capitals,2,5,home,2-5,7
2024-03-02,Devils,Ducks,3,4,home,3-4,7
2024-03-02,Jets,Hurricanes,5,3,away,5-3,8
2024-03-02,Panthers,Red Wings,4,0,away,4-0,4
2024-03-02,Oilers,Kraken,2,1,away,2-1,3
2024-03-02,Avalanche,Predators,1,5,home,1-5,6
2024-03-02,Wild,Blues,1,3,home,1-3,4
2024-03-03,Golden Knights,Sabres,2,7,home,2-7,9
2024-03-03,Senators,Flyers,2,4,home,2-4,6
2024-03-03,Canadiens,Lightning,3,4,home,3-4,7
2024-03-03,Rangers,Maple Leafs,3,4,home,3-4,7
2024-03-03,Bruins,Islanders,1,5,home,1-5,6
2024-03-03,Blue Jackets,Blackhawks,5,2,away,5-2,7
2024-03-03,Sharks,Stars,2,3,home,2-3,5
2024-03-03,Penguins,Flames,3,4,home,3-4,7
2024-03-03,Coyotes,Capitals,5,2,away,5-2,7
2024-03-03,Devils,Kings,1,5,home,1-5,6
2024-03-04,Jets,Sabres,5,2,away,5-2,7
2024-03-04,Sharks,Wild,3,4,home,3-4,7
2024-03-04,Canucks,Ducks,2,1,away,2-1,3
2024-03-04,Penguins,Oilers,1,6,home,1-6,7
2024-03-05,Golden Knights,Blue Jackets,3,6,home,3-6,9
2024-03-05,Panthers,Rangers,4,2,away,4-2,6
2024-03-05,Blues,Flyers,2,1,away,2-1,3
2024-03-05,Bruins,Maple Leafs,4,1,away,4-1,5
2024-03-05,Blackhawks,Avalanche,0,5,home,0-5,5
2024-03-05,Kraken,Flames,4,2,away,4-2,6
2024-03-06,Panthers,Devils,5,3,away,5-3,8
2024-03-06,Blue Jackets,Penguins,3,5,home,3-5,8
2024-03-06,Oilers,Bruins,2,1,away,2-1,3
2024-03-06,Blues,Islanders,2,4,home,2-4,6
2024-03-06,Canadiens,Predators,4,3,away,4-3,7
2024-03-06,Kraken,Jets,4,3,away,4-3,7
2024-03-06,Blackhawks,Coyotes,5,2,away,5-2,7
2024-03-06,Canucks,Kings,2,1,away,2-1,3
2024-03-06,Stars,Sharks,7,6,away,7-6,13
2024-03-01,Golden Knights,Bruins,4,5,home,4-5,9
2024-03-01,Hurricanes,Blue Jackets,4,2,away,4-2,6
2024-03-01,Islanders,Red Wings,5,3,away,5-3,8
2024-03-01,Canadiens,Panthers,3,4,home,3-4,7
2024-03-01,Sabres,Lightning,3,2,away,3-2,5
2024-03-01,Coyotes,Maple Leafs,2,4,home,2-4,6
2024-03-01,Jets,Stars,1,4,home,1-4,5
2024-03-01,Wild,Predators,1,6,home,1-6,7
2024-03-01,Avalanche,Blackhawks,5,0,away,5-0,5
2024-03-01,Penguins,Kraken,0,2,home,0-2,2
2024-03-01,Kings,Canucks,5,1,away,5-1,6
2024-03-01,Ducks,Sharks,6,4,away,6-4,10
2024-03-02,Coyotes,Senators,5,3,away,5-3,8
2024-03-02,Flyers,Capitals,2,5,home,2-5,7
2024-03-02,Devils,Ducks,3,4,home,3-4,7
2024-03-02,Jets,Hurricanes,5,3,away,5-3,8
2024-03-02,Panthers,Red Wings,4,0,away,4-0,4
2024-03-02,Oilers,Kraken,2,1,away,2-1,3
2024-03-02,Avalanche,Predators,1,5,home,1-5,6
2024-03-02,Wild,Blues,1,3,home,1-3,4
2024-03-03,Golden Knights,Sabres,2,7,home,2-7,9
2024-03-03,Senators,Flyers,2,4,home,2-4,6
2024-03-03,Canadiens,Lightning,3,4,home,3-4,7
2024-03-03,Rangers,Maple Leafs,3,4,home,3-4,7
2024-03-03,Bruins,Islanders,1,5,home,1-5,6
2024-03-03,Blue Jackets,Blackhawks,5,2,away,5-2,7
2024-03-03,Sharks,Stars,2,3,home,2-3,5
2024-03-03,Penguins,Flames,3,4,home,3-4,7
2024-03-03,Coyotes,Capitals,5,2,away,5-2,7
2024-03-03,Devils,Kings,1,5,home,1-5,6
2024-03-04,Jets,Sabres,5,2,away,5-2,7
2024-03-04,Sharks,Wild,3,4,home,3-4,7
2024-03-04,Canucks,Ducks,2,1,away,2-1,3
2024-03-04,Penguins,Oilers,1,6,home,1-6,7
2024-03-05,Golden Knights,Blue Jackets,3,6,home,3-6,9
2024-03-05,Panthers,Rangers,4,2,away,4-2,6
2024-03-05,Blues,Flyers,2,1,away,2-1,3
2024-03-05,Bruins,Maple Leafs,4,1,away,4-1,5
2024-03-05,Blackhawks,Avalanche,0,5,home,0-5,5
2024-03-05,Kraken,Flames,4,2,away,4-2,6
2024-03-06,Panthers,Devils,5,3,away,5-3,8
2024-03-06,Blue Jackets,Penguins,3,5,home,3-5,8
2024-03-06,Oilers,Bruins,2,1,away,2-1,3
2024-03-06,Blues,Islanders,2,4,home,2-4,6
2024-03-06,Canadiens,Predators,4,3,away,4-3,7
2024-03-06,Kraken,Jets,4,3,away,4-3,7
2024-03-06,Blackhawks,Coyotes,5,2,away,5-2,7
2024-03-06,Canucks,Kings,2,1,away,2-1,3
2024-03-06,Stars,Sharks,7,6,away,7-6,13
2024-03-07,Sabres,Maple Leafs,1,2,home,1-2,3
2024-03-07,Red Wings,Avalanche,2,7,home,2-7,9
2024-03-07,Senators,Ducks,1,2,home,1-2,3
2024-03-02,Coyotes,Senators,5,3,away,5-3,8
2024-03-02,Flyers,Capitals,2,5,home,2-5,7
2024-03-02,Devils,Ducks,3,4,home,3-4,7
2024-03-02,Jets,Hurricanes,5,3,away,5-3,8
2024-03-02,Panthers,Red Wings,4,0,away,4-0,4
2024-03-02,Oilers,Kraken,2,1,away,2-1,3
2024-03-02,Avalanche,Predators,1,5,home,1-5,6
2024-03-02,Wild,Blues,1,3,home,1-3,4
2024-03-03,Golden Knights,Sabres,2,7,home,2-7,9
2024-03-03,Senators,Flyers,2,4,home,2-4,6
2024-03-03,Canadiens,Lightning,3,4,home,3-4,7
2024-03-03,Rangers,Maple Leafs,3,4,home,3-4,7
2024-03-03,Bruins,Islanders,1,5,home,1-5,6
2024-03-03,Blue Jackets,Blackhawks,5,2,away,5-2,7
2024-03-03,Sharks,Stars,2,3,home,2-3,5
2024-03-03,Penguins,Flames,3,4,home,3-4,7
2024-03-03,Coyotes,Capitals,5,2,away,5-2,7
2024-03-03,Devils,Kings,1,5,home,1-5,6
2024-03-04,Jets,Sabres,5,2,away,5-2,7
2024-03-04,Sharks,Wild,3,4,home,3-4,7
2024-03-04,Canucks,Ducks,2,1,away,2-1,3
2024-03-04,Penguins,Oilers,1,6,home,1-6,7
2024-03-05,Golden Knights,Blue Jackets,3,6,home,3-6,9
2024-03-05,Panthers,Rangers,4,2,away,4-2,6
2024-03-05,Blues,Flyers,2,1,away,2-1,3
2024-03-05,Bruins,Maple Leafs,4,1,away,4-1,5
2024-03-05,Blackhawks,Avalanche,0,5,home,0-5,5
2024-03-05,Kraken,Flames,4,2,away,4-2,6
2024-03-06,Panthers,Devils,5,3,away,5-3,8
2024-03-06,Blue Jackets,Penguins,3,5,home,3-5,8
2024-03-06,Oilers,Bruins,2,1,away,2-1,3
2024-03-06,Blues,Islanders,2,4,home,2-4,6
2024-03-06,Canadiens,Predators,4,3,away,4-3,7
2024-03-06,Kraken,Jets,4,3,away,4-3,7
2024-03-06,Blackhawks,Coyotes,5,2,away,5-2,7
2024-03-06,Canucks,Kings,2,1,away,2-1,3
2024-03-06,Stars,Sharks,7,6,away,7-6,13
2024-03-07,Sabres,Maple Leafs,1,2,home,1-2,3
2024-03-07,Red Wings,Avalanche,2,7,home,2-7,9
2024-03-07,Senators,Ducks,1,2,home,1-2,3
2024-03-08,Maple Leafs,Bruins,1,4,home,1-4,5
2024-03-08,Canadiens,Hurricanes,1,4,home,1-4,5
2024-03-08,Oilers,Blue Jackets,2,4,home,2-4,6
2024-03-08,Flyers,Panthers,2,1,away,2-1,3
2024-03-08,Blues,Devils,1,4,home,1-4,5
2024-03-08,Capitals,Penguins,6,0,away,6-0,6
2024-03-08,Flames,Lightning,6,3,away,6-3,9
2024-03-08,Sabres,Predators,2,4,home,2-4,6
2024-03-08,Wild,Coyotes,5,2,away,5-2,7
2024-03-08,Canucks,Golden Knights,3,1,away,3-1,4
2024-03-08,Senators,Kings,3,4,home,3-4,7
2024-03-08,Islanders,Sharks,7,2,away,7-2,9
2024-03-02,Jets,Hurricanes,5,3,away,5-3,8
2024-03-02,Panthers,Red Wings,4,0,away,4-0,4
2024-03-02,Oilers,Kraken,2,1,away,2-1,3
2024-03-02,Avalanche,Predators,1,5,home,1-5,6
2024-03-02,Wild,Blues,1,3,home,1-3,4
2024-03-03,Golden Knights,Sabres,2,7,home,2-7,9
2024-03-03,Senators,Flyers,2,4,home,2-4,6
2024-03-03,Canadiens,Lightning,3,4,home,3-4,7
2024-03-03,Rangers,Maple Leafs,3,4,home,3-4,7
2024-03-03,Bruins,Islanders,1,5,home,1-5,6
2024-03-03,Blue Jackets,Blackhawks,5,2,away,5-2,7
2024-03-03,Sharks,Stars,2,3,home,2-3,5
2024-03-03,Penguins,Flames,3,4,home,3-4,7
2024-03-03,Coyotes,Capitals,5,2,away,5-2,7
2024-03-03,Devils,Kings,1,5,home,1-5,6
2024-03-04,Jets,Sabres,5,2,away,5-2,7
2024-03-04,Sharks,Wild,3,4,home,3-4,7
2024-03-04,Canucks,Ducks,2,1,away,2-1,3
2024-03-04,Penguins,Oilers,1,6,home,1-6,7
2024-03-05,Golden Knights,Blue Jackets,3,6,home,3-6,9
2024-03-05,Panthers,Rangers,4,2,away,4-2,6
2024-03-05,Blues,Flyers,2,1,away,2-1,3
2024-03-05,Bruins,Maple Leafs,4,1,away,4-1,5
2024-03-05,Blackhawks,Avalanche,0,5,home,0-5,5
2024-03-05,Kraken,Flames,4,2,away,4-2,6
2024-03-06,Panthers,Devils,5,3,away,5-3,8
2024-03-06,Blue Jackets,Penguins,3,5,home,3-5,8
2024-03-06,Oilers,Bruins,2,1,away,2-1,3
2024-03-06,Blues,Islanders,2,4,home,2-4,6
2024-03-06,Canadiens,Predators,4,3,away,4-3,7
2024-03-06,Kraken,Jets,4,3,away,4-3,7
2024-03-06,Blackhawks,Coyotes,5,2,away,5-2,7
2024-03-06,Canucks,Kings,2,1,away,2-1,3
2024-03-06,Stars,Sharks,7,6,away,7-6,13
2024-03-07,Sabres,Maple Leafs,1,2,home,1-2,3
2024-03-07,Red Wings,Avalanche,2,7,home,2-7,9
2024-03-07,Senators,Ducks,1,2,home,1-2,3
2024-03-08,Maple Leafs,Bruins,1,4,home,1-4,5
2024-03-08,Canadiens,Hurricanes,1,4,home,1-4,5
2024-03-08,Oilers,Blue Jackets,2,4,home,2-4,6
2024-03-08,Flyers,Panthers,2,1,away,2-1,3
2024-03-08,Blues,Devils,1,4,home,1-4,5
2024-03-08,Capitals,Penguins,6,0,away,6-0,6
2024-03-08,Flames,Lightning,6,3,away,6-3,9
2024-03-08,Sabres,Predators,2,4,home,2-4,6
2024-03-08,Wild,Coyotes,5,2,away,5-2,7
2024-03-08,Canucks,Golden Knights,3,1,away,3-1,4
2024-03-08,Senators,Kings,3,4,home,3-4,7
2024-03-08,Islanders,Sharks,7,2,away,7-2,9
2024-03-09,Red Wings,Coyotes,0,4,home,0-4,4
2024-03-09,Wild,Avalanche,1,2,home,1-2,3
2024-03-09,Stars,Ducks,6,2,away,6-2,8
2024-03-09,Jets,Kraken,3,0,away,3-0,3
2024-03-03,Coyotes,Capitals,5,2,away,5-2,7
2024-03-03,Devils,Kings,1,5,home,1-5,6
2024-03-04,Jets,Sabres,5,2,away,5-2,7
2024-03-04,Sharks,Wild,3,4,home,3-4,7
2024-03-04,Canucks,Ducks,2,1,away,2-1,3
2024-03-04,Penguins,Oilers,1,6,home,1-6,7
2024-03-05,Golden Knights,Blue Jackets,3,6,home,3-6,9
2024-03-05,Panthers,Rangers,4,2,away,4-2,6
2024-03-05,Blues,Flyers,2,1,away,2-1,3
2024-03-05,Bruins,Maple Leafs,4,1,away,4-1,5
2024-03-05,Blackhawks,Avalanche,0,5,home,0-5,5
2024-03-05,Kraken,Flames,4,2,away,4-2,6
2024-03-06,Panthers,Devils,5,3,away,5-3,8
2024-03-06,Blue Jackets,Penguins,3,5,home,3-5,8
2024-03-06,Oilers,Bruins,2,1,away,2-1,3
2024-03-06,Blues,Islanders,2,4,home,2-4,6
2024-03-06,Canadiens,Predators,4,3,away,4-3,7
2024-03-06,Kraken,Jets,4,3,away,4-3,7
2024-03-06,Blackhawks,Coyotes,5,2,away,5-2,7
2024-03-06,Canucks,Kings,2,1,away,2-1,3
2024-03-06,Stars,Sharks,7,6,away,7-6,13
2024-03-07,Sabres,Maple Leafs,1,2,home,1-2,3
2024-03-07,Red Wings,Avalanche,2,7,home,2-7,9
2024-03-07,Senators,Ducks,1,2,home,1-2,3
2024-03-08,Maple Leafs,Bruins,1,4,home,1-4,5
2024-03-08,Canadiens,Hurricanes,1,4,home,1-4,5
2024-03-08,Oilers,Blue Jackets,2,4,home,2-4,6
2024-03-08,Flyers,Panthers,2,1,away,2-1,3
2024-03-08,Blues,Devils,1,4,home,1-4,5
2024-03-08,Capitals,Penguins,6,0,away,6-0,6
2024-03-08,Flames,Lightning,6,3,away,6-3,9
2024-03-08,Sabres,Predators,2,4,home,2-4,6
2024-03-08,Wild,Coyotes,5,2,away,5-2,7
2024-03-08,Canucks,Golden Knights,3,1,away,3-1,4
2024-03-08,Senators,Kings,3,4,home,3-4,7
2024-03-08,Islanders,Sharks,7,2,away,7-2,9
2024-03-09,Red Wings,Coyotes,0,4,home,0-4,4
2024-03-09,Wild,Avalanche,1,2,home,1-2,3
2024-03-09,Stars,Ducks,6,2,away,6-2,8
2024-03-09,Jets,Kraken,3,0,away,3-0,3
2024-03-09,Oilers,Sabres,2,3,home,2-3,5
2024-03-09,Predators,Blue Jackets,2,1,away,2-1,3
2024-03-09,Hurricanes,Devils,4,2,away,4-2,6
2024-03-09,Penguins,Bruins,1,5,home,1-5,6
2024-03-09,Flames,Panthers,1,5,home,1-5,6
2024-03-10,Maple Leafs,Canadiens,3,2,away,3-2,5
2024-03-10,Senators,Sharks,1,2,home,1-2,3
2024-03-10,Flyers,Lightning,0,7,home,0-7,7
2024-03-10,Blackhawks,Capitals,1,4,home,1-4,5
2024-03-10,Blues,Rangers,0,4,home,0-4,4
2024-03-10,Jets,Canucks,0,5,home,0-5,5
2024-03-10,Red Wings,Golden Knights,3,5,home,3-5,8
2024-03-10,Stars,Kings,4,1,away,4-1,5
2024-03-05,Golden Knights,Blue Jackets,3,6,home,3-6,9
2024-03-05,Panthers,Rangers,4,2,away,4-2,6
2024-03-05,Blues,Flyers,2,1,away,2-1,3
2024-03-05,Bruins,Maple Leafs,4,1,away,4-1,5
2024-03-05,Blackhawks,Avalanche,0,5,home,0-5,5
2024-03-05,Kraken,Flames,4,2,away,4-2,6
2024-03-06,Panthers,Devils,5,3,away,5-3,8
2024-03-06,Blue Jackets,Penguins,3,5,home,3-5,8
2024-03-06,Oilers,Bruins,2,1,away,2-1,3
2024-03-06,Blues,Islanders,2,4,home,2-4,6
2024-03-06,Canadiens,Predators,4,3,away,4-3,7
2024-03-06,Kraken,Jets,4,3,away,4-3,7
2024-03-06,Blackhawks,Coyotes,5,2,away,5-2,7
2024-03-06,Canucks,Kings,2,1,away,2-1,3
2024-03-06,Stars,Sharks,7,6,away,7-6,13
2024-03-07,Sabres,Maple Leafs,1,2,home,1-2,3
2024-03-07,Red Wings,Avalanche,2,7,home,2-7,9
2024-03-07,Senators,Ducks,1,2,home,1-2,3
2024-03-08,Maple Leafs,Bruins,1,4,home,1-4,5
2024-03-08,Canadiens,Hurricanes,1,4,home,1-4,5
2024-03-08,Oilers,Blue Jackets,2,4,home,2-4,6
2024-03-08,Flyers,Panthers,2,1,away,2-1,3
2024-03-08,Blues,Devils,1,4,home,1-4,5
2024-03-08,Capitals,Penguins,6,0,away,6-0,6
2024-03-08,Flames,Lightning,6,3,away,6-3,9
2024-03-08,Sabres,Predators,2,4,home,2-4,6
2024-03-08,Wild,Coyotes,5,2,away,5-2,7
2024-03-08,Canucks,Golden Knights,3,1,away,3-1,4
2024-03-08,Senators,Kings,3,4,home,3-4,7
2024-03-08,Islanders,Sharks,7,2,away,7-2,9
2024-03-09,Red Wings,Coyotes,0,4,home,0-4,4
2024-03-09,Wild,Avalanche,1,2,home,1-2,3
2024-03-09,Stars,Ducks,6,2,away,6-2,8
2024-03-09,Jets,Kraken,3,0,away,3-0,3
2024-03-09,Oilers,Sabres,2,3,home,2-3,5
2024-03-09,Predators,Blue Jackets,2,1,away,2-1,3
2024-03-09,Hurricanes,Devils,4,2,away,4-2,6
2024-03-09,Penguins,Bruins,1,5,home,1-5,6
2024-03-09,Flames,Panthers,1,5,home,1-5,6
2024-03-10,Maple Leafs,Canadiens,3,2,away,3-2,5
2024-03-10,Senators,Sharks,1,2,home,1-2,3
2024-03-10,Flyers,Lightning,0,7,home,0-7,7
2024-03-10,Blackhawks,Capitals,1,4,home,1-4,5
2024-03-10,Blues,Rangers,0,4,home,0-4,4
2024-03-10,Jets,Canucks,0,5,home,0-5,5
2024-03-10,Red Wings,Golden Knights,3,5,home,3-5,8
2024-03-10,Stars,Kings,4,1,away,4-1,5
2024-03-10,Oilers,Penguins,4,0,away,4-0,4
2024-03-10,Predators,Wild,3,4,home,3-4,7
2024-03-10,Flames,Hurricanes,2,7,home,2-7,9
2024-03-10,Coyotes,Blackhawks,4,7,home,4-7,11
2024-03-11,Islanders,Ducks,6,1,away,6-1,7
2024-03-06,Panthers,Devils,5,3,away,5-3,8
2024-03-06,Blue Jackets,Penguins,3,5,home,3-5,8
2024-03-06,Oilers,Bruins,2,1,away,2-1,3
2024-03-06,Blues,Islanders,2,4,home,2-4,6
2024-03-06,Canadiens,Predators,4,3,away,4-3,7
2024-03-06,Kraken,Jets,4,3,away,4-3,7
2024-03-06,Blackhawks,Coyotes,5,2,away,5-2,7
2024-03-06,Canucks,Kings,2,1,away,2-1,3
2024-03-06,Stars,Sharks,7,6,away,7-6,13
2024-03-07,Sabres,Maple Leafs,1,2,home,1-2,3
2024-03-07,Red Wings,Avalanche,2,7,home,2-7,9
2024-03-07,Senators,Ducks,1,2,home,1-2,3
2024-03-08,Maple Leafs,Bruins,1,4,home,1-4,5
2024-03-08,Canadiens,Hurricanes,1,4,home,1-4,5
2024-03-08,Oilers,Blue Jackets,2,4,home,2-4,6
2024-03-08,Flyers,Panthers,2,1,away,2-1,3
2024-03-08,Blues,Devils,1,4,home,1-4,5
2024-03-08,Capitals,Penguins,6,0,away,6-0,6
2024-03-08,Flames,Lightning,6,3,away,6-3,9
2024-03-08,Sabres,Predators,2,4,home,2-4,6
2024-03-08,Wild,Coyotes,5,2,away,5-2,7
2024-03-08,Canucks,Golden Knights,3,1,away,3-1,4
2024-03-08,Senators,Kings,3,4,home,3-4,7
2024-03-08,Islanders,Sharks,7,2,away,7-2,9
2024-03-09,Red Wings,Coyotes,0,4,home,0-4,4
2024-03-09,Wild,Avalanche,1,2,home,1-2,3
2024-03-09,Stars,Ducks,6,2,away,6-2,8
2024-03-09,Jets,Kraken,3,0,away,3-0,3
2024-03-09,Oilers,Sabres,2,3,home,2-3,5
2024-03-09,Predators,Blue Jackets,2,1,away,2-1,3
2024-03-09,Hurricanes,Devils,4,2,away,4-2,6
2024-03-09,Penguins,Bruins,1,5,home,1-5,6
2024-03-09,Flames,Panthers,1,5,home,1-5,6
2024-03-10,Maple Leafs,Canadiens,3,2,away,3-2,5
2024-03-10,Senators,Sharks,1,2,home,1-2,3
2024-03-10,Flyers,Lightning,0,7,home,0-7,7
2024-03-10,Blackhawks,Capitals,1,4,home,1-4,5
2024-03-10,Blues,Rangers,0,4,home,0-4,4
2024-03-10,Jets,Canucks,0,5,home,0-5,5
2024-03-10,Red Wings,Golden Knights,3,5,home,3-5,8
2024-03-10,Stars,Kings,4,1,away,4-1,5
2024-03-10,Oilers,Penguins,4,0,away,4-0,4
2024-03-10,Predators,Wild,3,4,home,3-4,7
2024-03-10,Flames,Hurricanes,2,7,home,2-7,9
2024-03-10,Coyotes,Blackhawks,4,7,home,4-7,11
2024-03-11,Islanders,Ducks,6,1,away,6-1,7
2024-03-11,Blues,Bruins,5,1,away,5-1,6
2024-03-11,Devils,Rangers,1,3,home,1-3,4
2024-03-11,Capitals,Jets,0,3,home,0-3,3
2024-03-12,Islanders,Kings,0,3,home,0-3,3
2024-03-07,Sabres,Maple Leafs,1,2,home,1-2,3
2024-03-07,Red Wings,Avalanche,2,7,home,2-7,9
2024-03-07,Senators,Ducks,1,2,home,1-2,3
2024-03-08,Maple Leafs,Bruins,1,4,home,1-4,5
2024-03-08,Canadiens,Hurricanes,1,4,home,1-4,5
2024-03-08,Oilers,Blue Jackets,2,4,home,2-4,6
2024-03-08,Flyers,Panthers,2,1,away,2-1,3
2024-03-08,Blues,Devils,1,4,home,1-4,5
2024-03-08,Capitals,Penguins,6,0,away,6-0,6
2024-03-08,Flames,Lightning,6,3,away,6-3,9
2024-03-08,Sabres,Predators,2,4,home,2-4,6
2024-03-08,Wild,Coyotes,5,2,away,5-2,7
2024-03-08,Canucks,Golden Knights,3,1,away,3-1,4
2024-03-08,Senators,Kings,3,4,home,3-4,7
2024-03-08,Islanders,Sharks,7,2,away,7-2,9
2024-03-09,Red Wings,Coyotes,0,4,home,0-4,4
2024-03-09,Wild,Avalanche,1,2,home,1-2,3
2024-03-09,Stars,Ducks,6,2,away,6-2,8
2024-03-09,Jets,Kraken,3,0,away,3-0,3
2024-03-09,Oilers,Sabres,2,3,home,2-3,5
2024-03-09,Predators,Blue Jackets,2,1,away,2-1,3
2024-03-09,Hurricanes,Devils,4,2,away,4-2,6
2024-03-09,Penguins,Bruins,1,5,home,1-5,6
2024-03-09,Flames,Panthers,1,5,home,1-5,6
2024-03-10,Maple Leafs,Canadiens,3,2,away,3-2,5
2024-03-10,Senators,Sharks,1,2,home,1-2,3
2024-03-10,Flyers,Lightning,0,7,home,0-7,7
2024-03-10,Blackhawks,Capitals,1,4,home,1-4,5
2024-03-10,Blues,Rangers,0,4,home,0-4,4
2024-03-10,Jets,Canucks,0,5,home,0-5,5
2024-03-10,Red Wings,Golden Knights,3,5,home,3-5,8
2024-03-10,Stars,Kings,4,1,away,4-1,5
2024-03-10,Oilers,Penguins,4,0,away,4-0,4
2024-03-10,Predators,Wild,3,4,home,3-4,7
2024-03-10,Flames,Hurricanes,2,7,home,2-7,9
2024-03-10,Coyotes,Blackhawks,4,7,home,4-7,11
2024-03-11,Islanders,Ducks,6,1,away,6-1,7
2024-03-11,Blues,Bruins,5,1,away,5-1,6
2024-03-11,Devils,Rangers,1,3,home,1-3,4
2024-03-11,Capitals,Jets,0,3,home,0-3,3
2024-03-12,Islanders,Kings,0,3,home,0-3,3
2024-03-12,Red Wings,Sabres,3,7,home,3-7,10
2024-03-12,Rangers,Hurricanes,1,0,away,1-0,1
2024-03-12,Blue Jackets,Canadiens,0,3,home,0-3,3
2024-03-12,Penguins,Senators,1,2,home,1-2,3
2024-03-12,Sharks,Flyers,2,3,home,2-3,5
2024-03-13,Panthers,Stars,4,3,away,4-3,7
2024-03-13,Coyotes,Wild,1,4,home,1-4,5
2024-03-13,Ducks,Blackhawks,2,7,home,2-7,9
2024-03-13,Avalanche,Flames,6,2,away,6-2,8
2024-03-13,Golden Knights,Kraken,5,4,away,5-4,9
2024-03-08,Maple Leafs,Bruins,1,4,home,1-4,5
2024-03-08,Canadiens,Hurricanes,1,4,home,1-4,5
2024-03-08,Oilers,Blue Jackets,2,4,home,2-4,6
2024-03-08,Flyers,Panthers,2,1,away,2-1,3
2024-03-08,Blues,Devils,1,4,home,1-4,5
2024-03-08,Capitals,Penguins,6,0,away,6-0,6
2024-03-08,Flames,Lightning,6,3,away,6-3,9
2024-03-08,Sabres,Predators,2,4,home,2-4,6
2024-03-08,Wild,Coyotes,5,2,away,5-2,7
2024-03-08,Canucks,Golden Knights,3,1,away,3-1,4
2024-03-08,Senators,Kings,3,4,home,3-4,7
2024-03-08,Islanders,Sharks,7,2,away,7-2,9
2024-03-09,Red Wings,Coyotes,0,4,home,0-4,4
2024-03-09,Wild,Avalanche,1,2,home,1-2,3
2024-03-09,Stars,Ducks,6,2,away,6-2,8
2024-03-09,Jets,Kraken,3,0,away,3-0,3
2024-03-09,Oilers,Sabres,2,3,home,2-3,5
2024-03-09,Predators,Blue Jackets,2,1,away,2-1,3
2024-03-09,Hurricanes,Devils,4,2,away,4-2,6
2024-03-09,Penguins,Bruins,1,5,home,1-5,6
2024-03-09,Flames,Panthers,1,5,home,1-5,6
2024-03-10,Maple Leafs,Canadiens,3,2,away,3-2,5
2024-03-10,Senators,Sharks,1,2,home,1-2,3
2024-03-10,Flyers,Lightning,0,7,home,0-7,7
2024-03-10,Blackhawks,Capitals,1,4,home,1-4,5
2024-03-10,Blues,Rangers,0,4,home,0-4,4
2024-03-10,Jets,Canucks,0,5,home,0-5,5
2024-03-10,Red Wings,Golden Knights,3,5,home,3-5,8
2024-03-10,Stars,Kings,4,1,away,4-1,5
2024-03-10,Oilers,Penguins,4,0,away,4-0,4
2024-03-10,Predators,Wild,3,4,home,3-4,7
2024-03-10,Flames,Hurricanes,2,7,home,2-7,9
2024-03-10,Coyotes,Blackhawks,4,7,home,4-7,11
2024-03-11,Islanders,Ducks,6,1,away,6-1,7
2024-03-11,Blues,Bruins,5,1,away,5-1,6
2024-03-11,Devils,Rangers,1,3,home,1-3,4
2024-03-11,Capitals,Jets,0,3,home,0-3,3
2024-03-12,Islanders,Kings,0,3,home,0-3,3
2024-03-12,Red Wings,Sabres,3,7,home,3-7,10
2024-03-12,Rangers,Hurricanes,1,0,away,1-0,1
2024-03-12,Blue Jackets,Canadiens,0,3,home,0-3,3
2024-03-12,Penguins,Senators,1,2,home,1-2,3
2024-03-12,Sharks,Flyers,2,3,home,2-3,5
2024-03-13,Panthers,Stars,4,3,away,4-3,7
2024-03-13,Coyotes,Wild,1,4,home,1-4,5
2024-03-13,Ducks,Blackhawks,2,7,home,2-7,9
2024-03-13,Avalanche,Flames,6,2,away,6-2,8
2024-03-13,Golden Knights,Kraken,5,4,away,5-4,9
2024-03-13,Kings,Blues,1,3,home,1-3,4
2024-03-13,Predators,Jets,4,2,away,4-2,6
2024-03-14,Capitals,Oilers,2,7,home,2-7,9
2024-03-14,Avalanche,Canucks,4,3,away,4-3,7
2024-03-09,Red Wings,Coyotes,0,4,home,0-4,4
2024-03-09,Wild,Avalanche,1,2,home,1-2,3
2024-03-09,Stars,Ducks,6,2,away,6-2,8
2024-03-09,Jets,Kraken,3,0,away,3-0,3
2024-03-09,Oilers,Sabres,2,3,home,2-3,5
2024-03-09,Predators,Blue Jackets,2,1,away,2-1,3
2024-03-09,Hurricanes,Devils,4,2,away,4-2,6
2024-03-09,Penguins,Bruins,1,5,home,1-5,6
2024-03-09,Flames,Panthers,1,5,home,1-5,6
2024-03-10,Maple Leafs,Canadiens,3,2,away,3-2,5
2024-03-10,Senators,Sharks,1,2,home,1-2,3
2024-03-10,Flyers,Lightning,0,7,home,0-7,7
2024-03-10,Blackhawks,Capitals,1,4,home,1-4,5
2024-03-10,Blues,Rangers,0,4,home,0-4,4
2024-03-10,Jets,Canucks,0,5,home,0-5,5
2024-03-10,Red Wings,Golden Knights,3,5,home,3-5,8
2024-03-10,Stars,Kings,4,1,away,4-1,5
2024-03-10,Oilers,Penguins,4,0,away,4-0,4
2024-03-10,Predators,Wild,3,4,home,3-4,7
2024-03-10,Flames,Hurricanes,2,7,home,2-7,9
2024-03-10,Coyotes,Blackhawks,4,7,home,4-7,11
2024-03-11,Islanders,Ducks,6,1,away,6-1,7
2024-03-11,Blues,Bruins,5,1,away,5-1,6
2024-03-11,Devils,Rangers,1,3,home,1-3,4
2024-03-11,Capitals,Jets,0,3,home,0-3,3
2024-03-12,Islanders,Kings,0,3,home,0-3,3
2024-03-12,Red Wings,Sabres,3,7,home,3-7,10
2024-03-12,Rangers,Hurricanes,1,0,away,1-0,1
2024-03-12,Blue Jackets,Canadiens,0,3,home,0-3,3
2024-03-12,Penguins,Senators,1,2,home,1-2,3
2024-03-12,Sharks,Flyers,2,3,home,2-3,5
2024-03-13,Panthers,Stars,4,3,away,4-3,7
2024-03-13,Coyotes,Wild,1,4,home,1-4,5
2024-03-13,Ducks,Blackhawks,2,7,home,2-7,9
2024-03-13,Avalanche,Flames,6,2,away,6-2,8
2024-03-13,Golden Knights,Kraken,5,4,away,5-4,9
2024-03-13,Kings,Blues,1,3,home,1-3,4
2024-03-13,Predators,Jets,4,2,away,4-2,6
2024-03-14,Capitals,Oilers,2,7,home,2-7,9
2024-03-14,Avalanche,Canucks,4,3,away,4-3,7
2024-03-14,Islanders,Sabres,0,4,home,0-4,4
2024-03-14,Panthers,Hurricanes,0,4,home,0-4,4
2024-03-14,Senators,Blue Jackets,3,2,away,3-2,5
2024-03-14,Coyotes,Red Wings,4,1,away,4-1,5
2024-03-14,Bruins,Canadiens,2,1,away,2-1,3
2024-03-14,Sharks,Penguins,3,6,home,3-6,9
2024-03-14,Rangers,Lightning,3,6,home,3-6,9
2024-03-14,Maple Leafs,Flyers,6,2,away,6-2,8
2024-03-15,Devils,Stars,6,2,away,6-2,8
2024-03-15,Ducks,Wild,0,2,home,0-2,2
2024-03-15,Golden Knights,Flames,1,4,home,1-4,5
2024-03-15,Capitals,Kraken,2,1,away,2-1,3
2024-03-09,Oilers,Sabres,2,3,home,2-3,5
2024-03-09,Predators,Blue Jackets,2,1,away,2-1,3
2024-03-09,Hurricanes,Devils,4,2,away,4-2,6
2024-03-09,Penguins,Bruins,1,5,home,1-5,6
2024-03-09,Flames,Panthers,1,5,home,1-5,6
2024-03-10,Maple Leafs,Canadiens,3,2,away,3-2,5
2024-03-10,Senators,Sharks,1,2,home,1-2,3
2024-03-10,Flyers,Lightning,0,7,home,0-7,7
2024-03-10,Blackhawks,Capitals,1,4,home,1-4,5
2024-03-10,Blues,Rangers,0,4,home,0-4,4
2024-03-10,Jets,Canucks,0,5,home,0-5,5
2024-03-10,Red Wings,Golden Knights,3,5,home,3-5,8
2024-03-10,Stars,Kings,4,1,away,4-1,5
2024-03-10,Oilers,Penguins,4,0,away,4-0,4
2024-03-10,Predators,Wild,3,4,home,3-4,7
2024-03-10,Flames,Hurricanes,2,7,home,2-7,9
2024-03-10,Coyotes,Blackhawks,4,7,home,4-7,11
2024-03-11,Islanders,Ducks,6,1,away,6-1,7
2024-03-11,Blues,Bruins,5,1,away,5-1,6
2024-03-11,Devils,Rangers,1,3,home,1-3,4
2024-03-11,Capitals,Jets,0,3,home,0-3,3
2024-03-12,Islanders,Kings,0,3,home,0-3,3
2024-03-12,Red Wings,Sabres,3,7,home,3-7,10
2024-03-12,Rangers,Hurricanes,1,0,away,1-0,1
2024-03-12,Blue Jackets,Canadiens,0,3,home,0-3,3
2024-03-12,Penguins,Senators,1,2,home,1-2,3
2024-03-12,Sharks,Flyers,2,3,home,2-3,5
2024-03-13,Panthers,Stars,4,3,away,4-3,7
2024-03-13,Coyotes,Wild,1,4,home,1-4,5
2024-03-13,Ducks,Blackhawks,2,7,home,2-7,9
2024-03-13,Avalanche,Flames,6,2,away,6-2,8
2024-03-13,Golden Knights,Kraken,5,4,away,5-4,9
2024-03-13,Kings,Blues,1,3,home,1-3,4
2024-03-13,Predators,Jets,4,2,away,4-2,6
2024-03-14,Capitals,Oilers,2,7,home,2-7,9
2024-03-14,Avalanche,Canucks,4,3,away,4-3,7
2024-03-14,Islanders,Sabres,0,4,home,0-4,4
2024-03-14,Panthers,Hurricanes,0,4,home,0-4,4
2024-03-14,Senators,Blue Jackets,3,2,away,3-2,5
2024-03-14,Coyotes,Red Wings,4,1,away,4-1,5
2024-03-14,Bruins,Canadiens,2,1,away,2-1,3
2024-03-14,Sharks,Penguins,3,6,home,3-6,9
2024-03-14,Rangers,Lightning,3,6,home,3-6,9
2024-03-14,Maple Leafs,Flyers,6,2,away,6-2,8
2024-03-15,Devils,Stars,6,2,away,6-2,8
2024-03-15,Ducks,Wild,0,2,home,0-2,2
2024-03-15,Golden Knights,Flames,1,4,home,1-4,5
2024-03-15,Capitals,Kraken,2,1,away,2-1,3
2024-03-16,Ducks,Jets,0,6,home,0-6,6
2024-03-16,Kings,Blackhawks,5,0,away,5-0,5
2024-03-10,Oilers,Penguins,4,0,away,4-0,4
2024-03-10,Predators,Wild,3,4,home,3-4,7
2024-03-10,Flames,Hurricanes,2,7,home,2-7,9
2024-03-10,Coyotes,Blackhawks,4,7,home,4-7,11
2024-03-11,Islanders,Ducks,6,1,away,6-1,7
2024-03-11,Blues,Bruins,5,1,away,5-1,6
2024-03-11,Devils,Rangers,1,3,home,1-3,4
2024-03-11,Capitals,Jets,0,3,home,0-3,3
2024-03-12,Islanders,Kings,0,3,home,0-3,3
2024-03-12,Red Wings,Sabres,3,7,home,3-7,10
2024-03-12,Rangers,Hurricanes,1,0,away,1-0,1
2024-03-12,Blue Jackets,Canadiens,0,3,home,0-3,3
2024-03-12,Penguins,Senators,1,2,home,1-2,3
2024-03-12,Sharks,Flyers,2,3,home,2-3,5
2024-03-13,Panthers,Stars,4,3,away,4-3,7
2024-03-13,Coyotes,Wild,1,4,home,1-4,5
2024-03-13,Ducks,Blackhawks,2,7,home,2-7,9
2024-03-13,Avalanche,Flames,6,2,away,6-2,8
2024-03-13,Golden Knights,Kraken,5,4,away,5-4,9
2024-03-13,Kings,Blues,1,3,home,1-3,4
2024-03-13,Predators,Jets,4,2,away,4-2,6
2024-03-14,Capitals,Oilers,2,7,home,2-7,9
2024-03-14,Avalanche,Canucks,4,3,away,4-3,7
2024-03-14,Islanders,Sabres,0,4,home,0-4,4
2024-03-14,Panthers,Hurricanes,0,4,home,0-4,4
2024-03-14,Senators,Blue Jackets,3,2,away,3-2,5
2024-03-14,Coyotes,Red Wings,4,1,away,4-1,5
2024-03-14,Bruins,Canadiens,2,1,away,2-1,3
2024-03-14,Sharks,Penguins,3,6,home,3-6,9
2024-03-14,Rangers,Lightning,3,6,home,3-6,9
2024-03-14,Maple Leafs,Flyers,6,2,away,6-2,8
2024-03-15,Devils,Stars,6,2,away,6-2,8
2024-03-15,Ducks,Wild,0,2,home,0-2,2
2024-03-15,Golden Knights,Flames,1,4,home,1-4,5
2024-03-15,Capitals,Kraken,2,1,away,2-1,3
2024-03-16,Ducks,Jets,0,6,home,0-6,6
2024-03-16,Kings,Blackhawks,5,0,away,5-0,5
2024-03-16,Sabres,Red Wings,1,4,home,1-4,5
2024-03-16,Senators,Islanders,4,3,away,4-3,7
2024-03-16,Rangers,Penguins,7,4,away,7-4,11
2024-03-16,Devils,Coyotes,1,4,home,1-4,5
2024-03-16,Lightning,Panthers,5,3,away,5-3,8
2024-03-16,Flyers,Bruins,5,6,home,5-6,11
2024-03-16,Sharks,Blue Jackets,2,4,home,2-4,6
2024-03-16,Canadiens,Flames,2,5,home,2-5,7
2024-03-16,Hurricanes,Maple Leafs,5,4,away,5-4,9
2024-03-17,Kings,Stars,1,4,home,1-4,5
2024-03-17,Wild,Blues,2,3,home,2-3,5
2024-03-17,Avalanche,Oilers,3,2,away,3-2,5
2024-03-17,Predators,Kraken,4,1,away,4-1,5
2024-03-17,Capitals,Canucks,2,1,away,2-1,3
2024-03-11,Blues,Bruins,5,1,away,5-1,6
2024-03-11,Devils,Rangers,1,3,home,1-3,4
2024-03-11,Capitals,Jets,0,3,home,0-3,3
2024-03-12,Islanders,Kings,0,3,home,0-3,3
2024-03-12,Red Wings,Sabres,3,7,home,3-7,10
2024-03-12,Rangers,Hurricanes,1,0,away,1-0,1
2024-03-12,Blue Jackets,Canadiens,0,3,home,0-3,3
2024-03-12,Penguins,Senators,1,2,home,1-2,3
2024-03-12,Sharks,Flyers,2,3,home,2-3,5
2024-03-13,Panthers,Stars,4,3,away,4-3,7
2024-03-13,Coyotes,Wild,1,4,home,1-4,5
2024-03-13,Ducks,Blackhawks,2,7,home,2-7,9
2024-03-13,Avalanche,Flames,6,2,away,6-2,8
2024-03-13,Golden Knights,Kraken,5,4,away,5-4,9
2024-03-13,Kings,Blues,1,3,home,1-3,4
2024-03-13,Predators,Jets,4,2,away,4-2,6
2024-03-14,Capitals,Oilers,2,7,home,2-7,9
2024-03-14,Avalanche,Canucks,4,3,away,4-3,7
2024-03-14,Islanders,Sabres,0,4,home,0-4,4
2024-03-14,Panthers,Hurricanes,0,4,home,0-4,4
2024-03-14,Senators,Blue Jackets,3,2,away,3-2,5
2024-03-14,Coyotes,Red Wings,4,1,away,4-1,5
2024-03-14,Bruins,Canadiens,2,1,away,2-1,3
2024-03-14,Sharks,Penguins,3,6,home,3-6,9
2024-03-14,Rangers,Lightning,3,6,home,3-6,9
2024-03-14,Maple Leafs,Flyers,6,2,away,6-2,8
2024-03-15,Devils,Stars,6,2,away,6-2,8
2024-03-15,Ducks,Wild,0,2,home,0-2,2
2024-03-15,Golden Knights,Flames,1,4,home,1-4,5
2024-03-15,Capitals,Kraken,2,1,away,2-1,3
2024-03-16,Ducks,Jets,0,6,home,0-6,6
2024-03-16,Kings,Blackhawks,5,0,away,5-0,5
2024-03-16,Sabres,Red Wings,1,4,home,1-4,5
2024-03-16,Senators,Islanders,4,3,away,4-3,7
2024-03-16,Rangers,Penguins,7,4,away,7-4,11
2024-03-16,Devils,Coyotes,1,4,home,1-4,5
2024-03-16,Lightning,Panthers,5,3,away,5-3,8
2024-03-16,Flyers,Bruins,5,6,home,5-6,11
2024-03-16,Sharks,Blue Jackets,2,4,home,2-4,6
2024-03-16,Canadiens,Flames,2,5,home,2-5,7
2024-03-16,Hurricanes,Maple Leafs,5,4,away,5-4,9
2024-03-17,Kings,Stars,1,4,home,1-4,5
2024-03-17,Wild,Blues,2,3,home,2-3,5
2024-03-17,Avalanche,Oilers,3,2,away,3-2,5
2024-03-17,Predators,Kraken,4,1,away,4-1,5
2024-03-17,Capitals,Canucks,2,1,away,2-1,3
2024-03-17,Islanders,Rangers,2,5,home,2-5,7
2024-03-17,Devils,Golden Knights,1,3,home,1-3,4
2024-03-17,Jets,Blue Jackets,6,1,away,6-1,7
2024-03-17,Sharks,Blackhawks,2,5,home,2-5,7
2024-03-17,Hurricanes,Senators,7,2,away,7-2,9
2024-03-17,Red Wings,Penguins,3,6,home,3-6,9
2024-03-17,Ducks,Blues,2,4,home,2-4,6
2024-03-12,Red Wings,Sabres,3,7,home,3-7,10
2024-03-12,Rangers,Hurricanes,1,0,away,1-0,1
2024-03-12,Blue Jackets,Canadiens,0,3,home,0-3,3
2024-03-12,Penguins,Senators,1,2,home,1-2,3
2024-03-12,Sharks,Flyers,2,3,home,2-3,5
2024-03-13,Panthers,Stars,4,3,away,4-3,7
2024-03-13,Coyotes,Wild,1,4,home,1-4,5
2024-03-13,Ducks,Blackhawks,2,7,home,2-7,9
2024-03-13,Avalanche,Flames,6,2,away,6-2,8
2024-03-13,Golden Knights,Kraken,5,4,away,5-4,9
2024-03-13,Kings,Blues,1,3,home,1-3,4
2024-03-13,Predators,Jets,4,2,away,4-2,6
2024-03-14,Capitals,Oilers,2,7,home,2-7,9
2024-03-14,Avalanche,Canucks,4,3,away,4-3,7
2024-03-14,Islanders,Sabres,0,4,home,0-4,4
2024-03-14,Panthers,Hurricanes,0,4,home,0-4,4
2024-03-14,Senators,Blue Jackets,3,2,away,3-2,5
2024-03-14,Coyotes,Red Wings,4,1,away,4-1,5
2024-03-14,Bruins,Canadiens,2,1,away,2-1,3
2024-03-14,Sharks,Penguins,3,6,home,3-6,9
2024-03-14,Rangers,Lightning,3,6,home,3-6,9
2024-03-14,Maple Leafs,Flyers,6,2,away,6-2,8
2024-03-15,Devils,Stars,6,2,away,6-2,8
2024-03-15,Ducks,Wild,0,2,home,0-2,2
2024-03-15,Golden Knights,Flames,1,4,home,1-4,5
2024-03-15,Capitals,Kraken,2,1,away,2-1,3
2024-03-16,Ducks,Jets,0,6,home,0-6,6
2024-03-16,Kings,Blackhawks,5,0,away,5-0,5
2024-03-16,Sabres,Red Wings,1,4,home,1-4,5
2024-03-16,Senators,Islanders,4,3,away,4-3,7
2024-03-16,Rangers,Penguins,7,4,away,7-4,11
2024-03-16,Devils,Coyotes,1,4,home,1-4,5
2024-03-16,Lightning,Panthers,5,3,away,5-3,8
2024-03-16,Flyers,Bruins,5,6,home,5-6,11
2024-03-16,Sharks,Blue Jackets,2,4,home,2-4,6
2024-03-16,Canadiens,Flames,2,5,home,2-5,7
2024-03-16,Hurricanes,Maple Leafs,5,4,away,5-4,9
2024-03-17,Kings,Stars,1,4,home,1-4,5
2024-03-17,Wild,Blues,2,3,home,2-3,5
2024-03-17,Avalanche,Oilers,3,2,away,3-2,5
2024-03-17,Predators,Kraken,4,1,away,4-1,5
2024-03-17,Capitals,Canucks,2,1,away,2-1,3
2024-03-17,Islanders,Rangers,2,5,home,2-5,7
2024-03-17,Devils,Golden Knights,1,3,home,1-3,4
2024-03-17,Jets,Blue Jackets,6,1,away,6-1,7
2024-03-17,Sharks,Blackhawks,2,5,home,2-5,7
2024-03-17,Hurricanes,Senators,7,2,away,7-2,9
2024-03-17,Red Wings,Penguins,3,6,home,3-6,9
2024-03-17,Ducks,Blues,2,4,home,2-4,6
2024-03-19,Capitals,Flames,5,2,away,5-2,7
2024-03-19,Sabres,Kraken,6,2,away,6-2,8
2024-03-13,Kings,Blues,1,3,home,1-3,4
2024-03-13,Predators,Jets,4,2,away,4-2,6
2024-03-14,Capitals,Oilers,2,7,home,2-7,9
2024-03-14,Avalanche,Canucks,4,3,away,4-3,7
2024-03-14,Islanders,Sabres,0,4,home,0-4,4
2024-03-14,Panthers,Hurricanes,0,4,home,0-4,4
2024-03-14,Senators,Blue Jackets,3,2,away,3-2,5
2024-03-14,Coyotes,Red Wings,4,1,away,4-1,5
2024-03-14,Bruins,Canadiens,2,1,away,2-1,3
2024-03-14,Sharks,Penguins,3,6,home,3-6,9
2024-03-14,Rangers,Lightning,3,6,home,3-6,9
2024-03-14,Maple Leafs,Flyers,6,2,away,6-2,8
2024-03-15,Devils,Stars,6,2,away,6-2,8
2024-03-15,Ducks,Wild,0,2,home,0-2,2
2024-03-15,Golden Knights,Flames,1,4,home,1-4,5
2024-03-15,Capitals,Kraken,2,1,away,2-1,3
2024-03-16,Ducks,Jets,0,6,home,0-6,6
2024-03-16,Kings,Blackhawks,5,0,away,5-0,5
2024-03-16,Sabres,Red Wings,1,4,home,1-4,5
2024-03-16,Senators,Islanders,4,3,away,4-3,7
2024-03-16,Rangers,Penguins,7,4,away,7-4,11
2024-03-16,Devils,Coyotes,1,4,home,1-4,5
2024-03-16,Lightning,Panthers,5,3,away,5-3,8
2024-03-16,Flyers,Bruins,5,6,home,5-6,11
2024-03-16,Sharks,Blue Jackets,2,4,home,2-4,6
2024-03-16,Canadiens,Flames,2,5,home,2-5,7
2024-03-16,Hurricanes,Maple Leafs,5,4,away,5-4,9
2024-03-17,Kings,Stars,1,4,home,1-4,5
2024-03-17,Wild,Blues,2,3,home,2-3,5
2024-03-17,Avalanche,Oilers,3,2,away,3-2,5
2024-03-17,Predators,Kraken,4,1,away,4-1,5
2024-03-17,Capitals,Canucks,2,1,away,2-1,3
2024-03-17,Islanders,Rangers,2,5,home,2-5,7
2024-03-17,Devils,Golden Knights,1,3,home,1-3,4
2024-03-17,Jets,Blue Jackets,6,1,away,6-1,7
2024-03-17,Sharks,Blackhawks,2,5,home,2-5,7
2024-03-17,Hurricanes,Senators,7,2,away,7-2,9
2024-03-17,Red Wings,Penguins,3,6,home,3-6,9
2024-03-17,Ducks,Blues,2,4,home,2-4,6
2024-03-19,Capitals,Flames,5,2,away,5-2,7
2024-03-19,Sabres,Kraken,6,2,away,6-2,8
2024-03-19,Senators,Bruins,2,6,home,2-6,8
2024-03-19,Blue Jackets,Red Wings,3,4,home,3-4,7
2024-03-19,Penguins,Devils,2,5,home,2-5,7
2024-03-19,Jets,Rangers,4,2,away,4-2,6
2024-03-19,Maple Leafs,Flyers,3,4,home,3-4,7
2024-03-19,Hurricanes,Islanders,4,1,away,4-1,5
2024-03-20,Sharks,Predators,2,8,home,2-8,10
2024-03-20,Avalanche,Blues,4,3,away,4-3,7
2024-03-20,Canadiens,Oilers,2,3,home,2-3,5
2024-03-20,Wild,Ducks,4,0,away,4-0,4
2024-03-20,Blackhawks,Kings,2,6,home,2-6,8
2024-03-20,Sabres,Canucks,2,3,home,2-3,5
2024-03-20,Lightning,Golden Knights,5,3,away,5-3,8
2024-03-14,Islanders,Sabres,0,4,home,0-4,4
2024-03-14,Panthers,Hurricanes,0,4,home,0-4,4
2024-03-14,Senators,Blue Jackets,3,2,away,3-2,5
2024-03-14,Coyotes,Red Wings,4,1,away,4-1,5
2024-03-14,Bruins,Canadiens,2,1,away,2-1,3
2024-03-14,Sharks,Penguins,3,6,home,3-6,9
2024-03-14,Rangers,Lightning,3,6,home,3-6,9
2024-03-14,Maple Leafs,Flyers,6,2,away,6-2,8
2024-03-15,Devils,Stars,6,2,away,6-2,8
2024-03-15,Ducks,Wild,0,2,home,0-2,2
2024-03-15,Golden Knights,Flames,1,4,home,1-4,5
2024-03-15,Capitals,Kraken,2,1,away,2-1,3
2024-03-16,Ducks,Jets,0,6,home,0-6,6
2024-03-16,Kings,Blackhawks,5,0,away,5-0,5
2024-03-16,Sabres,Red Wings,1,4,home,1-4,5
2024-03-16,Senators,Islanders,4,3,away,4-3,7
2024-03-16,Rangers,Penguins,7,4,away,7-4,11
2024-03-16,Devils,Coyotes,1,4,home,1-4,5
2024-03-16,Lightning,Panthers,5,3,away,5-3,8
2024-03-16,Flyers,Bruins,5,6,home,5-6,11
2024-03-16,Sharks,Blue Jackets,2,4,home,2-4,6
2024-03-16,Canadiens,Flames,2,5,home,2-5,7
2024-03-16,Hurricanes,Maple Leafs,5,4,away,5-4,9
2024-03-17,Kings,Stars,1,4,home,1-4,5
2024-03-17,Wild,Blues,2,3,home,2-3,5
2024-03-17,Avalanche,Oilers,3,2,away,3-2,5
2024-03-17,Predators,Kraken,4,1,away,4-1,5
2024-03-17,Capitals,Canucks,2,1,away,2-1,3
2024-03-17,Islanders,Rangers,2,5,home,2-5,7
2024-03-17,Devils,Golden Knights,1,3,home,1-3,4
2024-03-17,Jets,Blue Jackets,6,1,away,6-1,7
2024-03-17,Sharks,Blackhawks,2,5,home,2-5,7
2024-03-17,Hurricanes,Senators,7,2,away,7-2,9
2024-03-17,Red Wings,Penguins,3,6,home,3-6,9
2024-03-17,Ducks,Blues,2,4,home,2-4,6
2024-03-19,Capitals,Flames,5,2,away,5-2,7
2024-03-19,Sabres,Kraken,6,2,away,6-2,8
2024-03-19,Senators,Bruins,2,6,home,2-6,8
2024-03-19,Blue Jackets,Red Wings,3,4,home,3-4,7
2024-03-19,Penguins,Devils,2,5,home,2-5,7
2024-03-19,Jets,Rangers,4,2,away,4-2,6
2024-03-19,Maple Leafs,Flyers,3,4,home,3-4,7
2024-03-19,Hurricanes,Islanders,4,1,away,4-1,5
2024-03-20,Sharks,Predators,2,8,home,2-8,10
2024-03-20,Avalanche,Blues,4,3,away,4-3,7
2024-03-20,Canadiens,Oilers,2,3,home,2-3,5
2024-03-20,Wild,Ducks,4,0,away,4-0,4
2024-03-20,Blackhawks,Kings,2,6,home,2-6,8
2024-03-20,Sabres,Canucks,2,3,home,2-3,5
2024-03-20,Lightning,Golden Knights,5,3,away,5-3,8
2024-03-20,Maple Leafs,Capitals,7,3,away,7-3,10
2024-03-21,Coyotes,Stars,2,5,home,2-5,7
2024-03-21,Wild,Kings,0,6,home,0-6,6
2024-03-16,Ducks,Jets,0,6,home,0-6,6
2024-03-16,Kings,Blackhawks,5,0,away,5-0,5
2024-03-16,Sabres,Red Wings,1,4,home,1-4,5
2024-03-16,Senators,Islanders,4,3,away,4-3,7
2024-03-16,Rangers,Penguins,7,4,away,7-4,11
2024-03-16,Devils,Coyotes,1,4,home,1-4,5
2024-03-16,Lightning,Panthers,5,3,away,5-3,8
2024-03-16,Flyers,Bruins,5,6,home,5-6,11
2024-03-16,Sharks,Blue Jackets,2,4,home,2-4,6
2024-03-16,Canadiens,Flames,2,5,home,2-5,7
2024-03-16,Hurricanes,Maple Leafs,5,4,away,5-4,9
2024-03-17,Kings,Stars,1,4,home,1-4,5
2024-03-17,Wild,Blues,2,3,home,2-3,5
2024-03-17,Avalanche,Oilers,3,2,away,3-2,5
2024-03-17,Predators,Kraken,4,1,away,4-1,5
2024-03-17,Capitals,Canucks,2,1,away,2-1,3
2024-03-17,Islanders,Rangers,2,5,home,2-5,7
2024-03-17,Devils,Golden Knights,1,3,home,1-3,4
2024-03-17,Jets,Blue Jackets,6,1,away,6-1,7
2024-03-17,Sharks,Blackhawks,2,5,home,2-5,7
2024-03-17,Hurricanes,Senators,7,2,away,7-2,9
2024-03-17,Red Wings,Penguins,3,6,home,3-6,9
2024-03-17,Ducks,Blues,2,4,home,2-4,6
2024-03-19,Capitals,Flames,5,2,away,5-2,7
2024-03-19,Sabres,Kraken,6,2,away,6-2,8
2024-03-19,Senators,Bruins,2,6,home,2-6,8
2024-03-19,Blue Jackets,Red Wings,3,4,home,3-4,7
2024-03-19,Penguins,Devils,2,5,home,2-5,7
2024-03-19,Jets,Rangers,4,2,away,4-2,6
2024-03-19,Maple Leafs,Flyers,3,4,home,3-4,7
2024-03-19,Hurricanes,Islanders,4,1,away,4-1,5
2024-03-20,Sharks,Predators,2,8,home,2-8,10
2024-03-20,Avalanche,Blues,4,3,away,4-3,7
2024-03-20,Canadiens,Oilers,2,3,home,2-3,5
2024-03-20,Wild,Ducks,4,0,away,4-0,4
2024-03-20,Blackhawks,Kings,2,6,home,2-6,8
2024-03-20,Sabres,Canucks,2,3,home,2-3,5
2024-03-20,Lightning,Golden Knights,5,3,away,5-3,8
2024-03-20,Maple Leafs,Capitals,7,3,away,7-3,10
2024-03-21,Coyotes,Stars,2,5,home,2-5,7
2024-03-21,Wild,Kings,0,6,home,0-6,6
2024-03-21,Rangers,Bruins,5,2,away,5-2,7
2024-03-21,Flyers,Hurricanes,2,3,home,2-3,5
2024-03-21,Islanders,Red Wings,3,6,home,3-6,9
2024-03-21,Jets,Devils,1,4,home,1-4,5
2024-03-21,Blues,Senators,5,2,away,5-2,7
2024-03-21,Predators,Panthers,3,0,away,3-0,3
2024-03-22,Sabres,Oilers,3,8,home,3-8,11
2024-03-22,Blackhawks,Ducks,0,4,home,0-4,4
2024-03-22,Canadiens,Canucks,1,4,home,1-4,5
2024-03-22,Kraken,Golden Knights,1,3,home,1-3,4
2024-03-22,Lightning,Sharks,4,1,away,4-1,5
2024-03-16,Sabres,Red Wings,1,4,home,1-4,5
2024-03-16,Senators,Islanders,4,3,away,4-3,7
2024-03-16,Rangers,Penguins,7,4,away,7-4,11
2024-03-16,Devils,Coyotes,1,4,home,1-4,5
2024-03-16,Lightning,Panthers,5,3,away,5-3,8
2024-03-16,Flyers,Bruins,5,6,home,5-6,11
2024-03-16,Sharks,Blue Jackets,2,4,home,2-4,6
2024-03-16,Canadiens,Flames,2,5,home,2-5,7
2024-03-16,Hurricanes,Maple Leafs,5,4,away,5-4,9
2024-03-17,Kings,Stars,1,4,home,1-4,5
2024-03-17,Wild,Blues,2,3,home,2-3,5
2024-03-17,Avalanche,Oilers,3,2,away,3-2,5
2024-03-17,Predators,Kraken,4,1,away,4-1,5
2024-03-17,Capitals,Canucks,2,1,away,2-1,3
2024-03-17,Islanders,Rangers,2,5,home,2-5,7
2024-03-17,Devils,Golden Knights,1,3,home,1-3,4
2024-03-17,Jets,Blue Jackets,6,1,away,6-1,7
2024-03-17,Sharks,Blackhawks,2,5,home,2-5,7
2024-03-17,Hurricanes,Senators,7,2,away,7-2,9
2024-03-17,Red Wings,Penguins,3,6,home,3-6,9
2024-03-17,Ducks,Blues,2,4,home,2-4,6
2024-03-19,Capitals,Flames,5,2,away,5-2,7
2024-03-19,Sabres,Kraken,6,2,away,6-2,8
2024-03-19,Senators,Bruins,2,6,home,2-6,8
2024-03-19,Blue Jackets,Red Wings,3,4,home,3-4,7
2024-03-19,Penguins,Devils,2,5,home,2-5,7
2024-03-19,Jets,Rangers,4,2,away,4-2,6
2024-03-19,Maple Leafs,Flyers,3,4,home,3-4,7
2024-03-19,Hurricanes,Islanders,4,1,away,4-1,5
2024-03-20,Sharks,Predators,2,8,home,2-8,10
2024-03-20,Avalanche,Blues,4,3,away,4-3,7
2024-03-20,Canadiens,Oilers,2,3,home,2-3,5
2024-03-20,Wild,Ducks,4,0,away,4-0,4
2024-03-20,Blackhawks,Kings,2,6,home,2-6,8
2024-03-20,Sabres,Canucks,2,3,home,2-3,5
2024-03-20,Lightning,Golden Knights,5,3,away,5-3,8
2024-03-20,Maple Leafs,Capitals,7,3,away,7-3,10
2024-03-21,Coyotes,Stars,2,5,home,2-5,7
2024-03-21,Wild,Kings,0,6,home,0-6,6
2024-03-21,Rangers,Bruins,5,2,away,5-2,7
2024-03-21,Flyers,Hurricanes,2,3,home,2-3,5
2024-03-21,Islanders,Red Wings,3,6,home,3-6,9
2024-03-21,Jets,Devils,1,4,home,1-4,5
2024-03-21,Blues,Senators,5,2,away,5-2,7
2024-03-21,Predators,Panthers,3,0,away,3-0,3
2024-03-22,Sabres,Oilers,3,8,home,3-8,11
2024-03-22,Blackhawks,Ducks,0,4,home,0-4,4
2024-03-22,Canadiens,Canucks,1,4,home,1-4,5
2024-03-22,Kraken,Golden Knights,1,3,home,1-3,4
2024-03-22,Lightning,Sharks,4,1,away,4-1,5
2024-03-22,Hurricanes,Capitals,6,7,home,6-7,13
2024-03-23,Penguins,Stars,2,4,home,2-4,6
2024-03-23,Blue Jackets,Avalanche,1,6,home,1-6,7
2024-03-23,Kraken,Coyotes,1,2,home,1-2,3
2024-03-17,Islanders,Rangers,2,5,home,2-5,7
2024-03-17,Devils,Golden Knights,1,3,home,1-3,4
2024-03-17,Jets,Blue Jackets,6,1,away,6-1,7
2024-03-17,Sharks,Blackhawks,2,5,home,2-5,7
2024-03-17,Hurricanes,Senators,7,2,away,7-2,9
2024-03-17,Red Wings,Penguins,3,6,home,3-6,9
2024-03-17,Ducks,Blues,2,4,home,2-4,6
2024-03-19,Capitals,Flames,5,2,away,5-2,7
2024-03-19,Sabres,Kraken,6,2,away,6-2,8
2024-03-19,Senators,Bruins,2,6,home,2-6,8
2024-03-19,Blue Jackets,Red Wings,3,4,home,3-4,7
2024-03-19,Penguins,Devils,2,5,home,2-5,7
2024-03-19,Jets,Rangers,4,2,away,4-2,6
2024-03-19,Maple Leafs,Flyers,3,4,home,3-4,7
2024-03-19,Hurricanes,Islanders,4,1,away,4-1,5
2024-03-20,Sharks,Predators,2,8,home,2-8,10
2024-03-20,Avalanche,Blues,4,3,away,4-3,7
2024-03-20,Canadiens,Oilers,2,3,home,2-3,5
2024-03-20,Wild,Ducks,4,0,away,4-0,4
2024-03-20,Blackhawks,Kings,2,6,home,2-6,8
2024-03-20,Sabres,Canucks,2,3,home,2-3,5
2024-03-20,Lightning,Golden Knights,5,3,away,5-3,8
2024-03-20,Maple Leafs,Capitals,7,3,away,7-3,10
2024-03-21,Coyotes,Stars,2,5,home,2-5,7
2024-03-21,Wild,Kings,0,6,home,0-6,6
2024-03-21,Rangers,Bruins,5,2,away,5-2,7
2024-03-21,Flyers,Hurricanes,2,3,home,2-3,5
2024-03-21,Islanders,Red Wings,3,6,home,3-6,9
2024-03-21,Jets,Devils,1,4,home,1-4,5
2024-03-21,Blues,Senators,5,2,away,5-2,7
2024-03-21,Predators,Panthers,3,0,away,3-0,3
2024-03-22,Sabres,Oilers,3,8,home,3-8,11
2024-03-22,Blackhawks,Ducks,0,4,home,0-4,4
2024-03-22,Canadiens,Canucks,1,4,home,1-4,5
2024-03-22,Kraken,Golden Knights,1,3,home,1-3,4
2024-03-22,Lightning,Sharks,4,1,away,4-1,5
2024-03-22,Hurricanes,Capitals,6,7,home,6-7,13
2024-03-23,Penguins,Stars,2,4,home,2-4,6
2024-03-23,Blue Jackets,Avalanche,1,6,home,1-6,7
2024-03-23,Kraken,Coyotes,1,2,home,1-2,3
2024-03-23,Jets,Islanders,3,6,home,3-6,9
2024-03-23,Bruins,Flyers,2,3,home,2-3,5
2024-03-23,Blues,Wild,5,4,away,5-4,9
2024-03-23,Red Wings,Predators,0,1,home,0-1,1
2024-03-23,Senators,Devils,5,2,away,5-2,7
2024-03-23,Oilers,Maple Leafs,3,6,home,3-6,9
2024-03-24,Panthers,Rangers,3,4,home,3-4,7
2024-03-24,Flames,Canucks,2,4,home,2-4,6
2024-03-24,Lightning,Kings,3,4,home,3-4,7
2024-03-24,Blackhawks,Sharks,5,4,away,5-4,9
2024-03-24,Blue Jackets,Golden Knights,2,4,home,2-4,6
2024-03-19,Capitals,Flames,5,2,away,5-2,7
2024-03-19,Sabres,Kraken,6,2,away,6-2,8
2024-03-19,Senators,Bruins,2,6,home,2-6,8
2024-03-19,Blue Jackets,Red Wings,3,4,home,3-4,7
2024-03-19,Penguins,Devils,2,5,home,2-5,7
2024-03-19,Jets,Rangers,4,2,away,4-2,6
2024-03-19,Maple Leafs,Flyers,3,4,home,3-4,7
2024-03-19,Hurricanes,Islanders,4,1,away,4-1,5
2024-03-20,Sharks,Predators,2,8,home,2-8,10
2024-03-20,Avalanche,Blues,4,3,away,4-3,7
2024-03-20,Canadiens,Oilers,2,3,home,2-3,5
2024-03-20,Wild,Ducks,4,0,away,4-0,4
2024-03-20,Blackhawks,Kings,2,6,home,2-6,8
2024-03-20,Sabres,Canucks,2,3,home,2-3,5
2024-03-20,Lightning,Golden Knights,5,3,away,5-3,8
2024-03-20,Maple Leafs,Capitals,7,3,away,7-3,10
2024-03-21,Coyotes,Stars,2,5,home,2-5,7
2024-03-21,Wild,Kings,0,6,home,0-6,6
2024-03-21,Rangers,Bruins,5,2,away,5-2,7
2024-03-21,Flyers,Hurricanes,2,3,home,2-3,5
2024-03-21,Islanders,Red Wings,3,6,home,3-6,9
2024-03-21,Jets,Devils,1,4,home,1-4,5
2024-03-21,Blues,Senators,5,2,away,5-2,7
2024-03-21,Predators,Panthers,3,0,away,3-0,3
2024-03-22,Sabres,Oilers,3,8,home,3-8,11
2024-03-22,Blackhawks,Ducks,0,4,home,0-4,4
2024-03-22,Canadiens,Canucks,1,4,home,1-4,5
2024-03-22,Kraken,Golden Knights,1,3,home,1-3,4
2024-03-22,Lightning,Sharks,4,1,away,4-1,5
2024-03-22,Hurricanes,Capitals,6,7,home,6-7,13
2024-03-23,Penguins,Stars,2,4,home,2-4,6
2024-03-23,Blue Jackets,Avalanche,1,6,home,1-6,7
2024-03-23,Kraken,Coyotes,1,2,home,1-2,3
2024-03-23,Jets,Islanders,3,6,home,3-6,9
2024-03-23,Bruins,Flyers,2,3,home,2-3,5
2024-03-23,Blues,Wild,5,4,away,5-4,9
2024-03-23,Red Wings,Predators,0,1,home,0-1,1
2024-03-23,Senators,Devils,5,2,away,5-2,7
2024-03-23,Oilers,Maple Leafs,3,6,home,3-6,9
2024-03-24,Panthers,Rangers,3,4,home,3-4,7
2024-03-24,Flames,Canucks,2,4,home,2-4,6
2024-03-24,Lightning,Kings,3,4,home,3-4,7
2024-03-24,Blackhawks,Sharks,5,4,away,5-4,9
2024-03-24,Blue Jackets,Golden Knights,2,4,home,2-4,6
2024-03-24,Jets,Capitals,0,3,home,0-3,3
2024-03-24,Penguins,Avalanche,4,5,home,4-5,9
2024-03-24,Devils,Islanders,4,0,away,4-0,4
2024-03-24,Maple Leafs,Hurricanes,1,2,home,1-2,3
2024-03-24,Oilers,Senators,3,5,home,3-5,8
2024-03-24,Panthers,Flyers,4,1,away,4-1,5
2024-03-25,Stars,Coyotes,4,2,away,4-2,6
2024-03-25,Lightning,Ducks,3,2,away,3-2,5
2024-03-25,Sabres,Flames,4,1,away,4-1,5
2024-03-25,Canadiens,Kraken,5,1,away,5-1,6
2024-03-19,Senators,Bruins,2,6,home,2-6,8
2024-03-19,Blue Jackets,Red Wings,3,4,home,3-4,7
2024-03-19,Penguins,Devils,2,5,home,2-5,7
2024-03-19,Jets,Rangers,4,2,away,4-2,6
2024-03-19,Maple Leafs,Flyers,3,4,home,3-4,7
2024-03-19,Hurricanes,Islanders,4,1,away,4-1,5
2024-03-20,Sharks,Predators,2,8,home,2-8,10
2024-03-20,Avalanche,Blues,4,3,away,4-3,7
2024-03-20,Canadiens,Oilers,2,3,home,2-3,5
2024-03-20,Wild,Ducks,4,0,away,4-0,4
2024-03-20,Blackhawks,Kings,2,6,home,2-6,8
2024-03-20,Sabres,Canucks,2,3,home,2-3,5
2024-03-20,Lightning,Golden Knights,5,3,away,5-3,8
2024-03-20,Maple Leafs,Capitals,7,3,away,7-3,10
2024-03-21,Coyotes,Stars,2,5,home,2-5,7
2024-03-21,Wild,Kings,0,6,home,0-6,6
2024-03-21,Rangers,Bruins,5,2,away,5-2,7
2024-03-21,Flyers,Hurricanes,2,3,home,2-3,5
2024-03-21,Islanders,Red Wings,3,6,home,3-6,9
2024-03-21,Jets,Devils,1,4,home,1-4,5
2024-03-21,Blues,Senators,5,2,away,5-2,7
2024-03-21,Predators,Panthers,3,0,away,3-0,3
2024-03-22,Sabres,Oilers,3,8,home,3-8,11
2024-03-22,Blackhawks,Ducks,0,4,home,0-4,4
2024-03-22,Canadiens,Canucks,1,4,home,1-4,5
2024-03-22,Kraken,Golden Knights,1,3,home,1-3,4
2024-03-22,Lightning,Sharks,4,1,away,4-1,5
2024-03-22,Hurricanes,Capitals,6,7,home,6-7,13
2024-03-23,Penguins,Stars,2,4,home,2-4,6
2024-03-23,Blue Jackets,Avalanche,1,6,home,1-6,7
2024-03-23,Kraken,Coyotes,1,2,home,1-2,3
2024-03-23,Jets,Islanders,3,6,home,3-6,9
2024-03-23,Bruins,Flyers,2,3,home,2-3,5
2024-03-23,Blues,Wild,5,4,away,5-4,9
2024-03-23,Red Wings,Predators,0,1,home,0-1,1
2024-03-23,Senators,Devils,5,2,away,5-2,7
2024-03-23,Oilers,Maple Leafs,3,6,home,3-6,9
2024-03-24,Panthers,Rangers,3,4,home,3-4,7
2024-03-24,Flames,Canucks,2,4,home,2-4,6
2024-03-24,Lightning,Kings,3,4,home,3-4,7
2024-03-24,Blackhawks,Sharks,5,4,away,5-4,9
2024-03-24,Blue Jackets,Golden Knights,2,4,home,2-4,6
2024-03-24,Jets,Capitals,0,3,home,0-3,3
2024-03-24,Penguins,Avalanche,4,5,home,4-5,9
2024-03-24,Devils,Islanders,4,0,away,4-0,4
2024-03-24,Maple Leafs,Hurricanes,1,2,home,1-2,3
2024-03-24,Oilers,Senators,3,5,home,3-5,8
2024-03-24,Panthers,Flyers,4,1,away,4-1,5
2024-03-25,Stars,Coyotes,4,2,away,4-2,6
2024-03-25,Lightning,Ducks,3,2,away,3-2,5
2024-03-25,Sabres,Flames,4,1,away,4-1,5
2024-03-25,Canadiens,Kraken,5,1,away,5-1,6
2024-03-26,Golden Knights,Blues,2,1,away,2-1,3
2024-03-26,Kings,Canucks,3,2,away,3-2,5
2024-03-20,Maple Leafs,Capitals,7,3,away,7-3,10
2024-03-21,Coyotes,Stars,2,5,home,2-5,7
2024-03-21,Wild,Kings,0,6,home,0-6,6
2024-03-21,Rangers,Bruins,5,2,away,5-2,7
2024-03-21,Flyers,Hurricanes,2,3,home,2-3,5
2024-03-21,Islanders,Red Wings,3,6,home,3-6,9
2024-03-21,Jets,Devils,1,4,home,1-4,5
2024-03-21,Blues,Senators,5,2,away,5-2,7
2024-03-21,Predators,Panthers,3,0,away,3-0,3
2024-03-22,Sabres,Oilers,3,8,home,3-8,11
2024-03-22,Blackhawks,Ducks,0,4,home,0-4,4
2024-03-22,Canadiens,Canucks,1,4,home,1-4,5
2024-03-22,Kraken,Golden Knights,1,3,home,1-3,4
2024-03-22,Lightning,Sharks,4,1,away,4-1,5
2024-03-22,Hurricanes,Capitals,6,7,home,6-7,13
2024-03-23,Penguins,Stars,2,4,home,2-4,6
2024-03-23,Blue Jackets,Avalanche,1,6,home,1-6,7
2024-03-23,Kraken,Coyotes,1,2,home,1-2,3
2024-03-23,Jets,Islanders,3,6,home,3-6,9
2024-03-23,Bruins,Flyers,2,3,home,2-3,5
2024-03-23,Blues,Wild,5,4,away,5-4,9
2024-03-23,Red Wings,Predators,0,1,home,0-1,1
2024-03-23,Senators,Devils,5,2,away,5-2,7
2024-03-23,Oilers,Maple Leafs,3,6,home,3-6,9
2024-03-24,Panthers,Rangers,3,4,home,3-4,7
2024-03-24,Flames,Canucks,2,4,home,2-4,6
2024-03-24,Lightning,Kings,3,4,home,3-4,7
2024-03-24,Blackhawks,Sharks,5,4,away,5-4,9
2024-03-24,Blue Jackets,Golden Knights,2,4,home,2-4,6
2024-03-24,Jets,Capitals,0,3,home,0-3,3
2024-03-24,Penguins,Avalanche,4,5,home,4-5,9
2024-03-24,Devils,Islanders,4,0,away,4-0,4
2024-03-24,Maple Leafs,Hurricanes,1,2,home,1-2,3
2024-03-24,Oilers,Senators,3,5,home,3-5,8
2024-03-24,Panthers,Flyers,4,1,away,4-1,5
2024-03-25,Stars,Coyotes,4,2,away,4-2,6
2024-03-25,Lightning,Ducks,3,2,away,3-2,5
2024-03-25,Sabres,Flames,4,1,away,4-1,5
2024-03-25,Canadiens,Kraken,5,1,away,5-1,6
2024-03-26,Golden Knights,Blues,2,1,away,2-1,3
2024-03-26,Kings,Canucks,3,2,away,3-2,5
2024-03-26,Bruins,Panthers,4,3,away,4-3,7
2024-03-26,Flyers,Rangers,5,6,home,5-6,11
2024-03-26,Hurricanes,Penguins,1,4,home,1-4,5
2024-03-26,Red Wings,Capitals,3,4,home,3-4,7
2024-03-26,Devils,Maple Leafs,6,3,away,6-3,9
2024-03-27,Golden Knights,Predators,4,5,home,4-5,9
2024-03-27,Oilers,Jets,4,3,away,4-3,7
2024-03-27,Flames,Blackhawks,1,3,home,1-3,4
2024-03-27,Canadiens,Avalanche,2,1,away,2-1,3
2024-03-27,Blue Jackets,Coyotes,2,6,home,2-6,8
2024-03-27,Ducks,Kraken,0,4,home,0-4,4
2024-03-27,Stars,Sharks,6,3,away,6-3,9
2024-03-21,Rangers,Bruins,5,2,away,5-2,7
2024-03-21,Flyers,Hurricanes,2,3,home,2-3,5
2024-03-21,Islanders,Red Wings,3,6,home,3-6,9
2024-03-21,Jets,Devils,1,4,home,1-4,5
2024-03-21,Blues,Senators,5,2,away,5-2,7
2024-03-21,Predators,Panthers,3,0,away,3-0,3
2024-03-22,Sabres,Oilers,3,8,home,3-8,11
2024-03-22,Blackhawks,Ducks,0,4,home,0-4,4
2024-03-22,Canadiens,Canucks,1,4,home,1-4,5
2024-03-22,Kraken,Golden Knights,1,3,home,1-3,4
2024-03-22,Lightning,Sharks,4,1,away,4-1,5
2024-03-22,Hurricanes,Capitals,6,7,home,6-7,13
2024-03-23,Penguins,Stars,2,4,home,2-4,6
2024-03-23,Blue Jackets,Avalanche,1,6,home,1-6,7
2024-03-23,Kraken,Coyotes,1,2,home,1-2,3
2024-03-23,Jets,Islanders,3,6,home,3-6,9
2024-03-23,Bruins,Flyers,2,3,home,2-3,5
2024-03-23,Blues,Wild,5,4,away,5-4,9
2024-03-23,Red Wings,Predators,0,1,home,0-1,1
2024-03-23,Senators,Devils,5,2,away,5-2,7
2024-03-23,Oilers,Maple Leafs,3,6,home,3-6,9
2024-03-24,Panthers,Rangers,3,4,home,3-4,7
2024-03-24,Flames,Canucks,2,4,home,2-4,6
2024-03-24,Lightning,Kings,3,4,home,3-4,7
2024-03-24,Blackhawks,Sharks,5,4,away,5-4,9
2024-03-24,Blue Jackets,Golden Knights,2,4,home,2-4,6
2024-03-24,Jets,Capitals,0,3,home,0-3,3
2024-03-24,Penguins,Avalanche,4,5,home,4-5,9
2024-03-24,Devils,Islanders,4,0,away,4-0,4
2024-03-24,Maple Leafs,Hurricanes,1,2,home,1-2,3
2024-03-24,Oilers,Senators,3,5,home,3-5,8
2024-03-24,Panthers,Flyers,4,1,away,4-1,5
2024-03-25,Stars,Coyotes,4,2,away,4-2,6
2024-03-25,Lightning,Ducks,3,2,away,3-2,5
2024-03-25,Sabres,Flames,4,1,away,4-1,5
2024-03-25,Canadiens,Kraken,5,1,away,5-1,6
2024-03-26,Golden Knights,Blues,2,1,away,2-1,3
2024-03-26,Kings,Canucks,3,2,away,3-2,5
2024-03-26,Bruins,Panthers,4,3,away,4-3,7
2024-03-26,Flyers,Rangers,5,6,home,5-6,11
2024-03-26,Hurricanes,Penguins,1,4,home,1-4,5
2024-03-26,Red Wings,Capitals,3,4,home,3-4,7
2024-03-26,Devils,Maple Leafs,6,3,away,6-3,9
2024-03-27,Golden Knights,Predators,4,5,home,4-5,9
2024-03-27,Oilers,Jets,4,3,away,4-3,7
2024-03-27,Flames,Blackhawks,1,3,home,1-3,4
2024-03-27,Canadiens,Avalanche,2,1,away,2-1,3
2024-03-27,Blue Jackets,Coyotes,2,6,home,2-6,8
2024-03-27,Ducks,Kraken,0,4,home,0-4,4
2024-03-27,Stars,Sharks,6,3,away,6-3,9
2024-03-27,Senators,Sabres,6,2,away,6-2,8
2024-03-27,Bruins,Lightning,1,3,home,1-3,4
2024-03-22,Hurricanes,Capitals,6,7,home,6-7,13
2024-03-23,Penguins,Stars,2,4,home,2-4,6
2024-03-23,Blue Jackets,Avalanche,1,6,home,1-6,7
2024-03-23,Kraken,Coyotes,1,2,home,1-2,3
2024-03-23,Jets,Islanders,3,6,home,3-6,9
2024-03-23,Bruins,Flyers,2,3,home,2-3,5
2024-03-23,Blues,Wild,5,4,away,5-4,9
2024-03-23,Red Wings,Predators,0,1,home,0-1,1
2024-03-23,Senators,Devils,5,2,away,5-2,7
2024-03-23,Oilers,Maple Leafs,3,6,home,3-6,9
2024-03-24,Panthers,Rangers,3,4,home,3-4,7
2024-03-24,Flames,Canucks,2,4,home,2-4,6
2024-03-24,Lightning,Kings,3,4,home,3-4,7
2024-03-24,Blackhawks,Sharks,5,4,away,5-4,9
2024-03-24,Blue Jackets,Golden Knights,2,4,home,2-4,6
2024-03-24,Jets,Capitals,0,3,home,0-3,3
2024-03-24,Penguins,Avalanche,4,5,home,4-5,9
2024-03-24,Devils,Islanders,4,0,away,4-0,4
2024-03-24,Maple Leafs,Hurricanes,1,2,home,1-2,3
2024-03-24,Oilers,Senators,3,5,home,3-5,8
2024-03-24,Panthers,Flyers,4,1,away,4-1,5
2024-03-25,Stars,Coyotes,4,2,away,4-2,6
2024-03-25,Lightning,Ducks,3,2,away,3-2,5
2024-03-25,Sabres,Flames,4,1,away,4-1,5
2024-03-25,Canadiens,Kraken,5,1,away,5-1,6
2024-03-26,Golden Knights,Blues,2,1,away,2-1,3
2024-03-26,Kings,Canucks,3,2,away,3-2,5
2024-03-26,Bruins,Panthers,4,3,away,4-3,7
2024-03-26,Flyers,Rangers,5,6,home,5-6,11
2024-03-26,Hurricanes,Penguins,1,4,home,1-4,5
2024-03-26,Red Wings,Capitals,3,4,home,3-4,7
2024-03-26,Devils,Maple Leafs,6,3,away,6-3,9
2024-03-27,Golden Knights,Predators,4,5,home,4-5,9
2024-03-27,Oilers,Jets,4,3,away,4-3,7
2024-03-27,Flames,Blackhawks,1,3,home,1-3,4
2024-03-27,Canadiens,Avalanche,2,1,away,2-1,3
2024-03-27,Blue Jackets,Coyotes,2,6,home,2-6,8
2024-03-27,Ducks,Kraken,0,4,home,0-4,4
2024-03-27,Stars,Sharks,6,3,away,6-3,9
2024-03-27,Senators,Sabres,6,2,away,6-2,8
2024-03-27,Bruins,Lightning,1,3,home,1-3,4
2024-03-28,Islanders,Panthers,3,2,away,3-2,5
2024-03-28,Flyers,Canadiens,1,4,home,1-4,5
2024-03-28,Blackhawks,Senators,0,2,home,0-2,2
2024-03-28,Blue Jackets,Penguins,2,3,home,2-3,5
2024-03-28,Capitals,Maple Leafs,1,5,home,1-5,6
2024-03-28,Red Wings,Hurricanes,0,4,home,0-4,4
2024-03-29,Sharks,Wild,1,3,home,1-3,4
2024-03-29,Flames,Blues,3,5,home,3-5,8
2024-03-29,Golden Knights,Jets,4,1,away,4-1,5
2024-03-29,Rangers,Avalanche,3,2,away,3-2,5
2024-03-29,Kings,Oilers,1,4,home,1-4,5
2024-03-29,Predators,Coyotes,4,8,home,4-8,12
2024-03-29,Ducks,Kraken,2,4,home,2-4,6
2024-03-29,Stars,Canucks,3,1,away,3-1,4
2024-03-23,Jets,Islanders,3,6,home,3-6,9
2024-03-23,Bruins,Flyers,2,3,home,2-3,5
2024-03-23,Blues,Wild,5,4,away,5-4,9
2024-03-23,Red Wings,Predators,0,1,home,0-1,1
2024-03-23,Senators,Devils,5,2,away,5-2,7
2024-03-23,Oilers,Maple Leafs,3,6,home,3-6,9
2024-03-24,Panthers,Rangers,3,4,home,3-4,7
2024-03-24,Flames,Canucks,2,4,home,2-4,6
2024-03-24,Lightning,Kings,3,4,home,3-4,7
2024-03-24,Blackhawks,Sharks,5,4,away,5-4,9
2024-03-24,Blue Jackets,Golden Knights,2,4,home,2-4,6
2024-03-24,Jets,Capitals,0,3,home,0-3,3
2024-03-24,Penguins,Avalanche,4,5,home,4-5,9
2024-03-24,Devils,Islanders,4,0,away,4-0,4
2024-03-24,Maple Leafs,Hurricanes,1,2,home,1-2,3
2024-03-24,Oilers,Senators,3,5,home,3-5,8
2024-03-24,Panthers,Flyers,4,1,away,4-1,5
2024-03-25,Stars,Coyotes,4,2,away,4-2,6
2024-03-25,Lightning,Ducks,3,2,away,3-2,5
2024-03-25,Sabres,Flames,4,1,away,4-1,5
2024-03-25,Canadiens,Kraken,5,1,away,5-1,6
2024-03-26,Golden Knights,Blues,2,1,away,2-1,3
2024-03-26,Kings,Canucks,3,2,away,3-2,5
2024-03-26,Bruins,Panthers,4,3,away,4-3,7
2024-03-26,Flyers,Rangers,5,6,home,5-6,11
2024-03-26,Hurricanes,Penguins,1,4,home,1-4,5
2024-03-26,Red Wings,Capitals,3,4,home,3-4,7
2024-03-26,Devils,Maple Leafs,6,3,away,6-3,9
2024-03-27,Golden Knights,Predators,4,5,home,4-5,9
2024-03-27,Oilers,Jets,4,3,away,4-3,7
2024-03-27,Flames,Blackhawks,1,3,home,1-3,4
2024-03-27,Canadiens,Avalanche,2,1,away,2-1,3
2024-03-27,Blue Jackets,Coyotes,2,6,home,2-6,8
2024-03-27,Ducks,Kraken,0,4,home,0-4,4
2024-03-27,Stars,Sharks,6,3,away,6-3,9
2024-03-27,Senators,Sabres,6,2,away,6-2,8
2024-03-27,Bruins,Lightning,1,3,home,1-3,4
2024-03-28,Islanders,Panthers,3,2,away,3-2,5
2024-03-28,Flyers,Canadiens,1,4,home,1-4,5
2024-03-28,Blackhawks,Senators,0,2,home,0-2,2
2024-03-28,Blue Jackets,Penguins,2,3,home,2-3,5
2024-03-28,Capitals,Maple Leafs,1,5,home,1-5,6
2024-03-28,Red Wings,Hurricanes,0,4,home,0-4,4
2024-03-29,Sharks,Wild,1,3,home,1-3,4
2024-03-29,Flames,Blues,3,5,home,3-5,8
2024-03-29,Golden Knights,Jets,4,1,away,4-1,5
2024-03-29,Rangers,Avalanche,3,2,away,3-2,5
2024-03-29,Kings,Oilers,1,4,home,1-4,5
2024-03-29,Predators,Coyotes,4,8,home,4-8,12
2024-03-29,Ducks,Kraken,2,4,home,2-4,6
2024-03-29,Stars,Canucks,3,1,away,3-1,4
2024-03-29,Devils,Sabres,2,5,home,2-5,7
2024-03-24,Jets,Capitals,0,3,home,0-3,3
2024-03-24,Penguins,Avalanche,4,5,home,4-5,9
2024-03-24,Devils,Islanders,4,0,away,4-0,4
2024-03-24,Maple Leafs,Hurricanes,1,2,home,1-2,3
2024-03-24,Oilers,Senators,3,5,home,3-5,8
2024-03-24,Panthers,Flyers,4,1,away,4-1,5
2024-03-25,Stars,Coyotes,4,2,away,4-2,6
2024-03-25,Lightning,Ducks,3,2,away,3-2,5
2024-03-25,Sabres,Flames,4,1,away,4-1,5
2024-03-25,Canadiens,Kraken,5,1,away,5-1,6
2024-03-26,Golden Knights,Blues,2,1,away,2-1,3
2024-03-26,Kings,Canucks,3,2,away,3-2,5
2024-03-26,Bruins,Panthers,4,3,away,4-3,7
2024-03-26,Flyers,Rangers,5,6,home,5-6,11
2024-03-26,Hurricanes,Penguins,1,4,home,1-4,5
2024-03-26,Red Wings,Capitals,3,4,home,3-4,7
2024-03-26,Devils,Maple Leafs,6,3,away,6-3,9
2024-03-27,Golden Knights,Predators,4,5,home,4-5,9
2024-03-27,Oilers,Jets,4,3,away,4-3,7
2024-03-27,Flames,Blackhawks,1,3,home,1-3,4
2024-03-27,Canadiens,Avalanche,2,1,away,2-1,3
2024-03-27,Blue Jackets,Coyotes,2,6,home,2-6,8
2024-03-27,Ducks,Kraken,0,4,home,0-4,4
2024-03-27,Stars,Sharks,6,3,away,6-3,9
2024-03-27,Senators,Sabres,6,2,away,6-2,8
2024-03-27,Bruins,Lightning,1,3,home,1-3,4
2024-03-28,Islanders,Panthers,3,2,away,3-2,5
2024-03-28,Flyers,Canadiens,1,4,home,1-4,5
2024-03-28,Blackhawks,Senators,0,2,home,0-2,2
2024-03-28,Blue Jackets,Penguins,2,3,home,2-3,5
2024-03-28,Capitals,Maple Leafs,1,5,home,1-5,6
2024-03-28,Red Wings,Hurricanes,0,4,home,0-4,4
2024-03-29,Sharks,Wild,1,3,home,1-3,4
2024-03-29,Flames,Blues,3,5,home,3-5,8
2024-03-29,Golden Knights,Jets,4,1,away,4-1,5
2024-03-29,Rangers,Avalanche,3,2,away,3-2,5
2024-03-29,Kings,Oilers,1,4,home,1-4,5
2024-03-29,Predators,Coyotes,4,8,home,4-8,12
2024-03-29,Ducks,Kraken,2,4,home,2-4,6
2024-03-29,Stars,Canucks,3,1,away,3-1,4
2024-03-29,Devils,Sabres,2,5,home,2-5,7
2024-03-30,Red Wings,Panthers,2,3,home,2-3,5
2024-03-30,Golden Knights,Wild,2,1,away,2-1,3
2024-03-30,Ducks,Oilers,1,6,home,1-6,7
2024-03-30,Rangers,Coyotes,8,5,away,8-5,13
2024-03-30,Predators,Avalanche,4,7,home,4-7,11
2024-03-30,Maple Leafs,Sabres,3,0,away,3-0,3
2024-03-30,Penguins,Blue Jackets,3,4,home,3-4,7
2024-03-30,Hurricanes,Canadiens,3,0,away,3-0,3
2024-03-30,Blackhawks,Flyers,5,1,away,5-1,6
2024-03-30,Islanders,Lightning,1,4,home,1-4,5
2024-03-30,Senators,Jets,3,2,away,3-2,5
2024-03-30,Bruins,Capitals,3,2,away,3-2,5
2024-03-31,Sharks,Blues,4,0,away,4-0,4
2024-03-31,Kings,Flames,2,4,home,2-4,6
2024-03-31,Stars,Kraken,3,0,away,3-0,3
2024-03-26,Golden Knights,Blues,2,1,away,2-1,3
2024-03-26,Kings,Canucks,3,2,away,3-2,5
2024-03-26,Bruins,Panthers,4,3,away,4-3,7
2024-03-26,Flyers,Rangers,5,6,home,5-6,11
2024-03-26,Hurricanes,Penguins,1,4,home,1-4,5
2024-03-26,Red Wings,Capitals,3,4,home,3-4,7
2024-03-26,Devils,Maple Leafs,6,3,away,6-3,9
2024-03-27,Golden Knights,Predators,4,5,home,4-5,9
2024-03-27,Oilers,Jets,4,3,away,4-3,7
2024-03-27,Flames,Blackhawks,1,3,home,1-3,4
2024-03-27,Canadiens,Avalanche,2,1,away,2-1,3
2024-03-27,Blue Jackets,Coyotes,2,6,home,2-6,8
2024-03-27,Ducks,Kraken,0,4,home,0-4,4
2024-03-27,Stars,Sharks,6,3,away,6-3,9
2024-03-27,Senators,Sabres,6,2,away,6-2,8
2024-03-27,Bruins,Lightning,1,3,home,1-3,4
2024-03-28,Islanders,Panthers,3,2,away,3-2,5
2024-03-28,Flyers,Canadiens,1,4,home,1-4,5
2024-03-28,Blackhawks,Senators,0,2,home,0-2,2
2024-03-28,Blue Jackets,Penguins,2,3,home,2-3,5
2024-03-28,Capitals,Maple Leafs,1,5,home,1-5,6
2024-03-28,Red Wings,Hurricanes,0,4,home,0-4,4
2024-03-29,Sharks,Wild,1,3,home,1-3,4
2024-03-29,Flames,Blues,3,5,home,3-5,8
2024-03-29,Golden Knights,Jets,4,1,away,4-1,5
2024-03-29,Rangers,Avalanche,3,2,away,3-2,5
2024-03-29,Kings,Oilers,1,4,home,1-4,5
2024-03-29,Predators,Coyotes,4,8,home,4-8,12
2024-03-29,Ducks,Kraken,2,4,home,2-4,6
2024-03-29,Stars,Canucks,3,1,away,3-1,4
2024-03-29,Devils,Sabres,2,5,home,2-5,7
2024-03-30,Red Wings,Panthers,2,3,home,2-3,5
2024-03-30,Golden Knights,Wild,2,1,away,2-1,3
2024-03-30,Ducks,Oilers,1,6,home,1-6,7
2024-03-30,Rangers,Coyotes,8,5,away,8-5,13
2024-03-30,Predators,Avalanche,4,7,home,4-7,11
2024-03-30,Maple Leafs,Sabres,3,0,away,3-0,3
2024-03-30,Penguins,Blue Jackets,3,4,home,3-4,7
2024-03-30,Hurricanes,Canadiens,3,0,away,3-0,3
2024-03-30,Blackhawks,Flyers,5,1,away,5-1,6
2024-03-30,Islanders,Lightning,1,4,home,1-4,5
2024-03-30,Senators,Jets,3,2,away,3-2,5
2024-03-30,Bruins,Capitals,3,2,away,3-2,5
2024-03-31,Sharks,Blues,4,0,away,4-0,4
2024-03-31,Kings,Flames,2,4,home,2-4,6
2024-03-31,Stars,Kraken,3,0,away,3-0,3
2024-03-31,Ducks,Canucks,2,3,home,2-3,5
2024-03-26,Bruins,Panthers,4,3,away,4-3,7
2024-03-26,Flyers,Rangers,5,6,home,5-6,11
2024-03-26,Hurricanes,Penguins,1,4,home,1-4,5
2024-03-26,Red Wings,Capitals,3,4,home,3-4,7
2024-03-26,Devils,Maple Leafs,6,3,away,6-3,9
2024-03-27,Golden Knights,Predators,4,5,home,4-5,9
2024-03-27,Oilers,Jets,4,3,away,4-3,7
2024-03-27,Flames,Blackhawks,1,3,home,1-3,4
2024-03-27,Canadiens,Avalanche,2,1,away,2-1,3
2024-03-27,Blue Jackets,Coyotes,2,6,home,2-6,8
2024-03-27,Ducks,Kraken,0,4,home,0-4,4
2024-03-27,Stars,Sharks,6,3,away,6-3,9
2024-03-27,Senators,Sabres,6,2,away,6-2,8
2024-03-27,Bruins,Lightning,1,3,home,1-3,4
2024-03-28,Islanders,Panthers,3,2,away,3-2,5
2024-03-28,Flyers,Canadiens,1,4,home,1-4,5
2024-03-28,Blackhawks,Senators,0,2,home,0-2,2
2024-03-28,Blue Jackets,Penguins,2,3,home,2-3,5
2024-03-28,Capitals,Maple Leafs,1,5,home,1-5,6
2024-03-28,Red Wings,Hurricanes,0,4,home,0-4,4
2024-03-29,Sharks,Wild,1,3,home,1-3,4
2024-03-29,Flames,Blues,3,5,home,3-5,8
2024-03-29,Golden Knights,Jets,4,1,away,4-1,5
2024-03-29,Rangers,Avalanche,3,2,away,3-2,5
2024-03-29,Kings,Oilers,1,4,home,1-4,5
2024-03-29,Predators,Coyotes,4,8,home,4-8,12
2024-03-29,Ducks,Kraken,2,4,home,2-4,6
2024-03-29,Stars,Canucks,3,1,away,3-1,4
2024-03-29,Devils,Sabres,2,5,home,2-5,7
2024-03-30,Red Wings,Panthers,2,3,home,2-3,5
2024-03-30,Golden Knights,Wild,2,1,away,2-1,3
2024-03-30,Ducks,Oilers,1,6,home,1-6,7
2024-03-30,Rangers,Coyotes,8,5,away,8-5,13
2024-03-30,Predators,Avalanche,4,7,home,4-7,11
2024-03-30,Maple Leafs,Sabres,3,0,away,3-0,3
2024-03-30,Penguins,Blue Jackets,3,4,home,3-4,7
2024-03-30,Hurricanes,Canadiens,3,0,away,3-0,3
2024-03-30,Blackhawks,Flyers,5,1,away,5-1,6
2024-03-30,Islanders,Lightning,1,4,home,1-4,5
2024-03-30,Senators,Jets,3,2,away,3-2,5
2024-03-30,Bruins,Capitals,3,2,away,3-2,5
2024-03-31,Sharks,Blues,4,0,away,4-0,4
2024-03-31,Kings,Flames,2,4,home,2-4,6
2024-03-31,Stars,Kraken,3,0,away,3-0,3
2024-03-31,Ducks,Canucks,2,3,home,2-3,5
2024-04-01,Avalanche,Blue Jackets,1,4,home,1-4,5
2024-04-01,Penguins,Rangers,5,2,away,5-2,7
2024-04-01,Islanders,Flyers,4,3,away,4-3,7
2024-04-01,Red Wings,Lightning,4,2,away,4-2,6
2024-04-01,Panthers,Maple Leafs,4,6,home,4-6,10
2024-04-02,Oilers,Blues,2,3,home,2-3,5
2024-04-02,Kings,Jets,3,4,home,3-4,7
2024-04-02,Kraken,Sharks,4,2,away,4-2,6
2024-03-27,Senators,Sabres,6,2,away,6-2,8
2024-03-27,Bruins,Lightning,1,3,home,1-3,4
2024-03-28,Islanders,Panthers,3,2,away,3-2,5
2024-03-28,Flyers,Canadiens,1,4,home,1-4,5
2024-03-28,Blackhawks,Senators,0,2,home,0-2,2
2024-03-28,Blue Jackets,Penguins,2,3,home,2-3,5
2024-03-28,Capitals,Maple Leafs,1,5,home,1-5,6
2024-03-28,Red Wings,Hurricanes,0,4,home,0-4,4
2024-03-29,Sharks,Wild,1,3,home,1-3,4
2024-03-29,Flames,Blues,3,5,home,3-5,8
2024-03-29,Golden Knights,Jets,4,1,away,4-1,5
2024-03-29,Rangers,Avalanche,3,2,away,3-2,5
2024-03-29,Kings,Oilers,1,4,home,1-4,5
2024-03-29,Predators,Coyotes,4,8,home,4-8,12
2024-03-29,Ducks,Kraken,2,4,home,2-4,6
2024-03-29,Stars,Canucks,3,1,away,3-1,4
2024-03-29,Devils,Sabres,2,5,home,2-5,7
2024-03-30,Red Wings,Panthers,2,3,home,2-3,5
2024-03-30,Golden Knights,Wild,2,1,away,2-1,3
2024-03-30,Ducks,Oilers,1,6,home,1-6,7
2024-03-30,Rangers,Coyotes,8,5,away,8-5,13
2024-03-30,Predators,Avalanche,4,7,home,4-7,11
2024-03-30,Maple Leafs,Sabres,3,0,away,3-0,3
2024-03-30,Penguins,Blue Jackets,3,4,home,3-4,7
2024-03-30,Hurricanes,Canadiens,3,0,away,3-0,3
2024-03-30,Blackhawks,Flyers,5,1,away,5-1,6
2024-03-30,Islanders,Lightning,1,4,home,1-4,5
2024-03-30,Senators,Jets,3,2,away,3-2,5
2024-03-30,Bruins,Capitals,3,2,away,3-2,5
2024-03-31,Sharks,Blues,4,0,away,4-0,4
2024-03-31,Kings,Flames,2,4,home,2-4,6
2024-03-31,Stars,Kraken,3,0,away,3-0,3
2024-03-31,Ducks,Canucks,2,3,home,2-3,5
2024-04-01,Avalanche,Blue Jackets,1,4,home,1-4,5
2024-04-01,Penguins,Rangers,5,2,away,5-2,7
2024-04-01,Islanders,Flyers,4,3,away,4-3,7
2024-04-01,Red Wings,Lightning,4,2,away,4-2,6
2024-04-01,Panthers,Maple Leafs,4,6,home,4-6,10
2024-04-02,Oilers,Blues,2,3,home,2-3,5
2024-04-02,Kings,Jets,3,4,home,3-4,7
2024-04-02,Kraken,Sharks,4,2,away,4-2,6
2024-04-02,Capitals,Sabres,2,6,home,2-6,8
2024-04-02,Panthers,Canadiens,3,5,home,3-5,8
2024-04-02,Penguins,Devils,6,3,away,6-3,9
2024-04-02,Blackhawks,Islanders,1,2,home,1-2,3
2024-04-03,Senators,Wild,2,3,home,2-3,5
2024-04-03,Bruins,Predators,3,0,away,3-0,3
2024-04-03,Ducks,Flames,5,3,away,5-3,8
2024-04-03,Canucks,Golden Knights,3,6,home,3-6,9
2024-03-28,Islanders,Panthers,3,2,away,3-2,5
2024-03-28,Flyers,Canadiens,1,4,home,1-4,5
2024-03-28,Blackhawks,Senators,0,2,home,0-2,2
2024-03-28,Blue Jackets,Penguins,2,3,home,2-3,5
2024-03-28,Capitals,Maple Leafs,1,5,home,1-5,6
2024-03-28,Red Wings,Hurricanes,0,4,home,0-4,4
2024-03-29,Sharks,Wild,1,3,home,1-3,4
2024-03-29,Flames,Blues,3,5,home,3-5,8
2024-03-29,Golden Knights,Jets,4,1,away,4-1,5
2024-03-29,Rangers,Avalanche,3,2,away,3-2,5
2024-03-29,Kings,Oilers,1,4,home,1-4,5
2024-03-29,Predators,Coyotes,4,8,home,4-8,12
2024-03-29,Ducks,Kraken,2,4,home,2-4,6
2024-03-29,Stars,Canucks,3,1,away,3-1,4
2024-03-29,Devils,Sabres,2,5,home,2-5,7
2024-03-30,Red Wings,Panthers,2,3,home,2-3,5
2024-03-30,Golden Knights,Wild,2,1,away,2-1,3
2024-03-30,Ducks,Oilers,1,6,home,1-6,7
2024-03-30,Rangers,Coyotes,8,5,away,8-5,13
2024-03-30,Predators,Avalanche,4,7,home,4-7,11
2024-03-30,Maple Leafs,Sabres,3,0,away,3-0,3
2024-03-30,Penguins,Blue Jackets,3,4,home,3-4,7
2024-03-30,Hurricanes,Canadiens,3,0,away,3-0,3
2024-03-30,Blackhawks,Flyers,5,1,away,5-1,6
2024-03-30,Islanders,Lightning,1,4,home,1-4,5
2024-03-30,Senators,Jets,3,2,away,3-2,5
2024-03-30,Bruins,Capitals,3,2,away,3-2,5
2024-03-31,Sharks,Blues,4,0,away,4-0,4
2024-03-31,Kings,Flames,2,4,home,2-4,6
2024-03-31,Stars,Kraken,3,0,away,3-0,3
2024-03-31,Ducks,Canucks,2,3,home,2-3,5
2024-04-01,Avalanche,Blue Jackets,1,4,home,1-4,5
2024-04-01,Penguins,Rangers,5,2,away,5-2,7
2024-04-01,Islanders,Flyers,4,3,away,4-3,7
2024-04-01,Red Wings,Lightning,4,2,away,4-2,6
2024-04-01,Panthers,Maple Leafs,4,6,home,4-6,10
2024-04-02,Oilers,Blues,2,3,home,2-3,5
2024-04-02,Kings,Jets,3,4,home,3-4,7
2024-04-02,Kraken,Sharks,4,2,away,4-2,6
2024-04-02,Capitals,Sabres,2,6,home,2-6,8
2024-04-02,Panthers,Canadiens,3,5,home,3-5,8
2024-04-02,Penguins,Devils,6,3,away,6-3,9
2024-04-02,Blackhawks,Islanders,1,2,home,1-2,3
2024-04-03,Senators,Wild,2,3,home,2-3,5
2024-04-03,Bruins,Predators,3,0,away,3-0,3
2024-04-03,Ducks,Flames,5,3,away,5-3,8
2024-04-03,Canucks,Golden Knights,3,6,home,3-6,9
2024-04-03,Lightning,Maple Leafs,4,1,away,4-1,5
2024-04-03,Devils,Rangers,3,4,home,3-4,7
2024-04-04,Oilers,Stars,0,5,home,0-5,5
2024-04-04,Kraken,Kings,2,5,home,2-5,7
2024-04-04,Canucks,Coyotes,2,1,away,2-1,3
2024-03-29,Devils,Sabres,2,5,home,2-5,7
2024-03-30,Red Wings,Panthers,2,3,home,2-3,5
2024-03-30,Golden Knights,Wild,2,1,away,2-1,3
2024-03-30,Ducks,Oilers,1,6,home,1-6,7
2024-03-30,Rangers,Coyotes,8,5,away,8-5,13
2024-03-30,Predators,Avalanche,4,7,home,4-7,11
2024-03-30,Maple Leafs,Sabres,3,0,away,3-0,3
2024-03-30,Penguins,Blue Jackets,3,4,home,3-4,7
2024-03-30,Hurricanes,Canadiens,3,0,away,3-0,3
2024-03-30,Blackhawks,Flyers,5,1,away,5-1,6
2024-03-30,Islanders,Lightning,1,4,home,1-4,5
2024-03-30,Senators,Jets,3,2,away,3-2,5
2024-03-30,Bruins,Capitals,3,2,away,3-2,5
2024-03-31,Sharks,Blues,4,0,away,4-0,4
2024-03-31,Kings,Flames,2,4,home,2-4,6
2024-03-31,Stars,Kraken,3,0,away,3-0,3
2024-03-31,Ducks,Canucks,2,3,home,2-3,5
2024-04-01,Avalanche,Blue Jackets,1,4,home,1-4,5
2024-04-01,Penguins,Rangers,5,2,away,5-2,7
2024-04-01,Islanders,Flyers,4,3,away,4-3,7
2024-04-01,Red Wings,Lightning,4,2,away,4-2,6
2024-04-01,Panthers,Maple Leafs,4,6,home,4-6,10
2024-04-02,Oilers,Blues,2,3,home,2-3,5
2024-04-02,Kings,Jets,3,4,home,3-4,7
2024-04-02,Kraken,Sharks,4,2,away,4-2,6
2024-04-02,Capitals,Sabres,2,6,home,2-6,8
2024-04-02,Panthers,Canadiens,3,5,home,3-5,8
2024-04-02,Penguins,Devils,6,3,away,6-3,9
2024-04-02,Blackhawks,Islanders,1,2,home,1-2,3
2024-04-03,Senators,Wild,2,3,home,2-3,5
2024-04-03,Bruins,Predators,3,0,away,3-0,3
2024-04-03,Ducks,Flames,5,3,away,5-3,8
2024-04-03,Canucks,Golden Knights,3,6,home,3-6,9
2024-04-03,Lightning,Maple Leafs,4,1,away,4-1,5
2024-04-03,Devils,Rangers,3,4,home,3-4,7
2024-04-04,Oilers,Stars,0,5,home,0-5,5
2024-04-04,Kraken,Kings,2,5,home,2-5,7
2024-04-04,Canucks,Coyotes,2,1,away,2-1,3
2024-04-04,Bruins,Hurricanes,4,1,away,4-1,5
2024-04-04,Islanders,Blue Jackets,4,2,away,4-2,6
2024-04-04,Lightning,Canadiens,7,4,away,7-4,11
2024-04-04,Panthers,Senators,6,0,away,6-0,6
2024-04-04,Penguins,Capitals,4,1,away,4-1,5
2024-04-05,Avalanche,Wild,5,2,away,5-2,7
2024-04-05,Blues,Predators,3,6,home,3-6,9
2024-04-05,Flames,Jets,2,5,home,2-5,7
2024-04-05,Kings,Sharks,2,1,away,2-1,3
2024-03-30,Red Wings,Panthers,2,3,home,2-3,5
2024-03-30,Golden Knights,Wild,2,1,away,2-1,3
2024-03-30,Ducks,Oilers,1,6,home,1-6,7
2024-03-30,Rangers,Coyotes,8,5,away,8-5,13
2024-03-30,Predators,Avalanche,4,7,home,4-7,11
2024-03-30,Maple Leafs,Sabres,3,0,away,3-0,3
2024-03-30,Penguins,Blue Jackets,3,4,home,3-4,7
2024-03-30,Hurricanes,Canadiens,3,0,away,3-0,3
2024-03-30,Blackhawks,Flyers,5,1,away,5-1,6
2024-03-30,Islanders,Lightning,1,4,home,1-4,5
2024-03-30,Senators,Jets,3,2,away,3-2,5
2024-03-30,Bruins,Capitals,3,2,away,3-2,5
2024-03-31,Sharks,Blues,4,0,away,4-0,4
2024-03-31,Kings,Flames,2,4,home,2-4,6
2024-03-31,Stars,Kraken,3,0,away,3-0,3
2024-03-31,Ducks,Canucks,2,3,home,2-3,5
2024-04-01,Avalanche,Blue Jackets,1,4,home,1-4,5
2024-04-01,Penguins,Rangers,5,2,away,5-2,7
2024-04-01,Islanders,Flyers,4,3,away,4-3,7
2024-04-01,Red Wings,Lightning,4,2,away,4-2,6
2024-04-01,Panthers,Maple Leafs,4,6,home,4-6,10
2024-04-02,Oilers,Blues,2,3,home,2-3,5
2024-04-02,Kings,Jets,3,4,home,3-4,7
2024-04-02,Kraken,Sharks,4,2,away,4-2,6
2024-04-02,Capitals,Sabres,2,6,home,2-6,8
2024-04-02,Panthers,Canadiens,3,5,home,3-5,8
2024-04-02,Penguins,Devils,6,3,away,6-3,9
2024-04-02,Blackhawks,Islanders,1,2,home,1-2,3
2024-04-03,Senators,Wild,2,3,home,2-3,5
2024-04-03,Bruins,Predators,3,0,away,3-0,3
2024-04-03,Ducks,Flames,5,3,away,5-3,8
2024-04-03,Canucks,Golden Knights,3,6,home,3-6,9
2024-04-03,Lightning,Maple Leafs,4,1,away,4-1,5
2024-04-03,Devils,Rangers,3,4,home,3-4,7
2024-04-04,Oilers,Stars,0,5,home,0-5,5
2024-04-04,Kraken,Kings,2,5,home,2-5,7
2024-04-04,Canucks,Coyotes,2,1,away,2-1,3
2024-04-04,Bruins,Hurricanes,4,1,away,4-1,5
2024-04-04,Islanders,Blue Jackets,4,2,away,4-2,6
2024-04-04,Lightning,Canadiens,7,4,away,7-4,11
2024-04-04,Panthers,Senators,6,0,away,6-0,6
2024-04-04,Penguins,Capitals,4,1,away,4-1,5
2024-04-05,Avalanche,Wild,5,2,away,5-2,7
2024-04-05,Blues,Predators,3,6,home,3-6,9
2024-04-05,Flames,Jets,2,5,home,2-5,7
2024-04-05,Kings,Sharks,2,1,away,2-1,3
2024-04-05,Flyers,Sabres,2,4,home,2-4,6
2024-04-05,Capitals,Hurricanes,2,4,home,2-4,6
2024-04-05,Rangers,Red Wings,4,3,away,4-3,7
2024-04-06,Avalanche,Oilers,2,6,home,2-6,8
2024-04-06,Kraken,Ducks,3,1,away,3-1,4
2024-04-06,Golden Knights,Coyotes,4,7,home,4-7,11
2024-03-31,Ducks,Canucks,2,3,home,2-3,5
2024-04-01,Avalanche,Blue Jackets,1,4,home,1-4,5
2024-04-01,Penguins,Rangers,5,2,away,5-2,7
2024-04-01,Islanders,Flyers,4,3,away,4-3,7
2024-04-01,Red Wings,Lightning,4,2,away,4-2,6
2024-04-01,Panthers,Maple Leafs,4,6,home,4-6,10
2024-04-02,Oilers,Blues,2,3,home,2-3,5
2024-04-02,Kings,Jets,3,4,home,3-4,7
2024-04-02,Kraken,Sharks,4,2,away,4-2,6
2024-04-02,Capitals,Sabres,2,6,home,2-6,8
2024-04-02,Panthers,Canadiens,3,5,home,3-5,8
2024-04-02,Penguins,Devils,6,3,away,6-3,9
2024-04-02,Blackhawks,Islanders,1,2,home,1-2,3
2024-04-03,Senators,Wild,2,3,home,2-3,5
2024-04-03,Bruins,Predators,3,0,away,3-0,3
2024-04-03,Ducks,Flames,5,3,away,5-3,8
2024-04-03,Canucks,Golden Knights,3,6,home,3-6,9
2024-04-03,Lightning,Maple Leafs,4,1,away,4-1,5
2024-04-03,Devils,Rangers,3,4,home,3-4,7
2024-04-04,Oilers,Stars,0,5,home,0-5,5
2024-04-04,Kraken,Kings,2,5,home,2-5,7
2024-04-04,Canucks,Coyotes,2,1,away,2-1,3
2024-04-04,Bruins,Hurricanes,4,1,away,4-1,5
2024-04-04,Islanders,Blue Jackets,4,2,away,4-2,6
2024-04-04,Lightning,Canadiens,7,4,away,7-4,11
2024-04-04,Panthers,Senators,6,0,away,6-0,6
2024-04-04,Penguins,Capitals,4,1,away,4-1,5
2024-04-05,Avalanche,Wild,5,2,away,5-2,7
2024-04-05,Blues,Predators,3,6,home,3-6,9
2024-04-05,Flames,Jets,2,5,home,2-5,7
2024-04-05,Kings,Sharks,2,1,away,2-1,3
2024-04-05,Flyers,Sabres,2,4,home,2-4,6
2024-04-05,Capitals,Hurricanes,2,4,home,2-4,6
2024-04-05,Rangers,Red Wings,4,3,away,4-3,7
2024-04-06,Avalanche,Oilers,2,6,home,2-6,8
2024-04-06,Kraken,Ducks,3,1,away,3-1,4
2024-04-06,Golden Knights,Coyotes,4,7,home,4-7,11
2024-04-06,Lightning,Penguins,4,5,home,4-5,9
2024-04-06,Panthers,Bruins,2,3,home,2-3,5
2024-04-06,Stars,Blackhawks,2,3,home,2-3,5
2024-04-06,Jets,Wild,4,2,away,4-2,6
2024-04-06,Blues,Sharks,2,3,home,2-3,5
2024-04-06,Flyers,Blue Jackets,2,6,home,2-6,8
2024-04-06,Maple Leafs,Canadiens,4,2,away,4-2,6
2024-04-06,Devils,Senators,4,3,away,4-3,7
2024-04-06,Predators,Islanders,0,2,home,0-2,2
2024-04-07,Oilers,Flames,4,2,away,4-2,6
2024-04-07,Canucks,Kings,3,6,home,3-6,9
2024-04-01,Avalanche,Blue Jackets,1,4,home,1-4,5
2024-04-01,Penguins,Rangers,5,2,away,5-2,7
2024-04-01,Islanders,Flyers,4,3,away,4-3,7
2024-04-01,Red Wings,Lightning,4,2,away,4-2,6
2024-04-01,Panthers,Maple Leafs,4,6,home,4-6,10
2024-04-02,Oilers,Blues,2,3,home,2-3,5
2024-04-02,Kings,Jets,3,4,home,3-4,7
2024-04-02,Kraken,Sharks,4,2,away,4-2,6
2024-04-02,Capitals,Sabres,2,6,home,2-6,8
2024-04-02,Panthers,Canadiens,3,5,home,3-5,8
2024-04-02,Penguins,Devils,6,3,away,6-3,9
2024-04-02,Blackhawks,Islanders,1,2,home,1-2,3
2024-04-03,Senators,Wild,2,3,home,2-3,5
2024-04-03,Bruins,Predators,3,0,away,3-0,3
2024-04-03,Ducks,Flames,5,3,away,5-3,8
2024-04-03,Canucks,Golden Knights,3,6,home,3-6,9
2024-04-03,Lightning,Maple Leafs,4,1,away,4-1,5
2024-04-03,Devils,Rangers,3,4,home,3-4,7
2024-04-04,Oilers,Stars,0,5,home,0-5,5
2024-04-04,Kraken,Kings,2,5,home,2-5,7
2024-04-04,Canucks,Coyotes,2,1,away,2-1,3
2024-04-04,Bruins,Hurricanes,4,1,away,4-1,5
2024-04-04,Islanders,Blue Jackets,4,2,away,4-2,6
2024-04-04,Lightning,Canadiens,7,4,away,7-4,11
2024-04-04,Panthers,Senators,6,0,away,6-0,6
2024-04-04,Penguins,Capitals,4,1,away,4-1,5
2024-04-05,Avalanche,Wild,5,2,away,5-2,7
2024-04-05,Blues,Predators,3,6,home,3-6,9
2024-04-05,Flames,Jets,2,5,home,2-5,7
2024-04-05,Kings,Sharks,2,1,away,2-1,3
2024-04-05,Flyers,Sabres,2,4,home,2-4,6
2024-04-05,Capitals,Hurricanes,2,4,home,2-4,6
2024-04-05,Rangers,Red Wings,4,3,away,4-3,7
2024-04-06,Avalanche,Oilers,2,6,home,2-6,8
2024-04-06,Kraken,Ducks,3,1,away,3-1,4
2024-04-06,Golden Knights,Coyotes,4,7,home,4-7,11
2024-04-06,Lightning,Penguins,4,5,home,4-5,9
2024-04-06,Panthers,Bruins,2,3,home,2-3,5
2024-04-06,Stars,Blackhawks,2,3,home,2-3,5
2024-04-06,Jets,Wild,4,2,away,4-2,6
2024-04-06,Blues,Sharks,2,3,home,2-3,5
2024-04-06,Flyers,Blue Jackets,2,6,home,2-6,8
2024-04-06,Maple Leafs,Canadiens,4,2,away,4-2,6
2024-04-06,Devils,Senators,4,3,away,4-3,7
2024-04-06,Predators,Islanders,0,2,home,0-2,2
2024-04-07,Oilers,Flames,4,2,away,4-2,6
2024-04-07,Canucks,Kings,3,6,home,3-6,9
2024-04-07,Sabres,Red Wings,1,3,home,1-3,4
2024-04-07,Wild,Blackhawks,4,0,away,4-0,4
2024-04-07,Blue Jackets,Hurricanes,0,3,home,0-3,3
2024-04-07,Coyotes,Sharks,5,2,away,5-2,7
2024-04-07,Senators,Capitals,3,2,away,3-2,5
2024-04-07,Predators,Devils,3,2,away,3-2,5
2024-04-07,Canadiens,Rangers,2,5,home,2-5,7
2024-04-08,Blues,Ducks,6,5,away,6-5,11
2024-04-08,Stars,Avalanche,7,4,away,7-4,11
2024-04-02,Capitals,Sabres,2,6,home,2-6,8
2024-04-02,Panthers,Canadiens,3,5,home,3-5,8
2024-04-02,Penguins,Devils,6,3,away,6-3,9
2024-04-02,Blackhawks,Islanders,1,2,home,1-2,3
2024-04-03,Senators,Wild,2,3,home,2-3,5
2024-04-03,Bruins,Predators,3,0,away,3-0,3
2024-04-03,Ducks,Flames,5,3,away,5-3,8
2024-04-03,Canucks,Golden Knights,3,6,home,3-6,9
2024-04-03,Lightning,Maple Leafs,4,1,away,4-1,5
2024-04-03,Devils,Rangers,3,4,home,3-4,7
2024-04-04,Oilers,Stars,0,5,home,0-5,5
2024-04-04,Kraken,Kings,2,5,home,2-5,7
2024-04-04,Canucks,Coyotes,2,1,away,2-1,3
2024-04-04,Bruins,Hurricanes,4,1,away,4-1,5
2024-04-04,Islanders,Blue Jackets,4,2,away,4-2,6
2024-04-04,Lightning,Canadiens,7,4,away,7-4,11
2024-04-04,Panthers,Senators,6,0,away,6-0,6
2024-04-04,Penguins,Capitals,4,1,away,4-1,5
2024-04-05,Avalanche,Wild,5,2,away,5-2,7
2024-04-05,Blues,Predators,3,6,home,3-6,9
2024-04-05,Flames,Jets,2,5,home,2-5,7
2024-04-05,Kings,Sharks,2,1,away,2-1,3
2024-04-05,Flyers,Sabres,2,4,home,2-4,6
2024-04-05,Capitals,Hurricanes,2,4,home,2-4,6
2024-04-05,Rangers,Red Wings,4,3,away,4-3,7
2024-04-06,Avalanche,Oilers,2,6,home,2-6,8
2024-04-06,Kraken,Ducks,3,1,away,3-1,4
2024-04-06,Golden Knights,Coyotes,4,7,home,4-7,11
2024-04-06,Lightning,Penguins,4,5,home,4-5,9
2024-04-06,Panthers,Bruins,2,3,home,2-3,5
2024-04-06,Stars,Blackhawks,2,3,home,2-3,5
2024-04-06,Jets,Wild,4,2,away,4-2,6
2024-04-06,Blues,Sharks,2,3,home,2-3,5
2024-04-06,Flyers,Blue Jackets,2,6,home,2-6,8
2024-04-06,Maple Leafs,Canadiens,4,2,away,4-2,6
2024-04-06,Devils,Senators,4,3,away,4-3,7
2024-04-06,Predators,Islanders,0,2,home,0-2,2
2024-04-07,Oilers,Flames,4,2,away,4-2,6
2024-04-07,Canucks,Kings,3,6,home,3-6,9
2024-04-07,Sabres,Red Wings,1,3,home,1-3,4
2024-04-07,Wild,Blackhawks,4,0,away,4-0,4
2024-04-07,Blue Jackets,Hurricanes,0,3,home,0-3,3
2024-04-07,Coyotes,Sharks,5,2,away,5-2,7
2024-04-07,Senators,Capitals,3,2,away,3-2,5
2024-04-07,Predators,Devils,3,2,away,3-2,5
2024-04-07,Canadiens,Rangers,2,5,home,2-5,7
2024-04-08,Blues,Ducks,6,5,away,6-5,11
2024-04-08,Stars,Avalanche,7,4,away,7-4,11
2024-04-08,Penguins,Maple Leafs,2,3,home,2-3,5
2024-04-09,Golden Knights,Canucks,3,4,home,3-4,7
2024-04-03,Lightning,Maple Leafs,4,1,away,4-1,5
2024-04-03,Devils,Rangers,3,4,home,3-4,7
2024-04-04,Oilers,Stars,0,5,home,0-5,5
2024-04-04,Kraken,Kings,2,5,home,2-5,7
2024-04-04,Canucks,Coyotes,2,1,away,2-1,3
2024-04-04,Bruins,Hurricanes,4,1,away,4-1,5
2024-04-04,Islanders,Blue Jackets,4,2,away,4-2,6
2024-04-04,Lightning,Canadiens,7,4,away,7-4,11
2024-04-04,Panthers,Senators,6,0,away,6-0,6
2024-04-04,Penguins,Capitals,4,1,away,4-1,5
2024-04-05,Avalanche,Wild,5,2,away,5-2,7
2024-04-05,Blues,Predators,3,6,home,3-6,9
2024-04-05,Flames,Jets,2,5,home,2-5,7
2024-04-05,Kings,Sharks,2,1,away,2-1,3
2024-04-05,Flyers,Sabres,2,4,home,2-4,6
2024-04-05,Capitals,Hurricanes,2,4,home,2-4,6
2024-04-05,Rangers,Red Wings,4,3,away,4-3,7
2024-04-06,Avalanche,Oilers,2,6,home,2-6,8
2024-04-06,Kraken,Ducks,3,1,away,3-1,4
2024-04-06,Golden Knights,Coyotes,4,7,home,4-7,11
2024-04-06,Lightning,Penguins,4,5,home,4-5,9
2024-04-06,Panthers,Bruins,2,3,home,2-3,5
2024-04-06,Stars,Blackhawks,2,3,home,2-3,5
2024-04-06,Jets,Wild,4,2,away,4-2,6
2024-04-06,Blues,Sharks,2,3,home,2-3,5
2024-04-06,Flyers,Blue Jackets,2,6,home,2-6,8
2024-04-06,Maple Leafs,Canadiens,4,2,away,4-2,6
2024-04-06,Devils,Senators,4,3,away,4-3,7
2024-04-06,Predators,Islanders,0,2,home,0-2,2
2024-04-07,Oilers,Flames,4,2,away,4-2,6
2024-04-07,Canucks,Kings,3,6,home,3-6,9
2024-04-07,Sabres,Red Wings,1,3,home,1-3,4
2024-04-07,Wild,Blackhawks,4,0,away,4-0,4
2024-04-07,Blue Jackets,Hurricanes,0,3,home,0-3,3
2024-04-07,Coyotes,Sharks,5,2,away,5-2,7
2024-04-07,Senators,Capitals,3,2,away,3-2,5
2024-04-07,Predators,Devils,3,2,away,3-2,5
2024-04-07,Canadiens,Rangers,2,5,home,2-5,7
2024-04-08,Blues,Ducks,6,5,away,6-5,11
2024-04-08,Stars,Avalanche,7,4,away,7-4,11
2024-04-08,Penguins,Maple Leafs,2,3,home,2-3,5
2024-04-09,Golden Knights,Canucks,3,4,home,3-4,7
2024-04-09,Hurricanes,Bruins,4,1,away,4-1,5
2024-04-09,Capitals,Red Wings,2,1,away,2-1,3
2024-04-09,Senators,Panthers,0,2,home,0-2,2
2024-04-09,Flyers,Canadiens,3,9,home,3-9,12
2024-04-09,Maple Leafs,Devils,5,2,away,5-2,7
2024-04-09,Rangers,Islanders,2,4,home,2-4,6
2024-04-09,Blue Jackets,Lightning,2,5,home,2-5,7
2024-04-10,Sabres,Stars,2,3,home,2-3,5
2024-04-10,Jets,Predators,4,3,away,4-3,7
2024-04-10,Wild,Avalanche,2,5,home,2-5,7
2024-04-10,Kings,Ducks,1,3,home,1-3,4
2024-04-10,Coyotes,Kraken,0,5,home,0-5,5
2024-04-10,Flames,Sharks,3,2,away,3-2,5
2024-04-04,Bruins,Hurricanes,4,1,away,4-1,5
2024-04-04,Islanders,Blue Jackets,4,2,away,4-2,6
2024-04-04,Lightning,Canadiens,7,4,away,7-4,11
2024-04-04,Panthers,Senators,6,0,away,6-0,6
2024-04-04,Penguins,Capitals,4,1,away,4-1,5
2024-04-05,Avalanche,Wild,5,2,away,5-2,7
2024-04-05,Blues,Predators,3,6,home,3-6,9
2024-04-05,Flames,Jets,2,5,home,2-5,7
2024-04-05,Kings,Sharks,2,1,away,2-1,3
2024-04-05,Flyers,Sabres,2,4,home,2-4,6
2024-04-05,Capitals,Hurricanes,2,4,home,2-4,6
2024-04-05,Rangers,Red Wings,4,3,away,4-3,7
2024-04-06,Avalanche,Oilers,2,6,home,2-6,8
2024-04-06,Kraken,Ducks,3,1,away,3-1,4
2024-04-06,Golden Knights,Coyotes,4,7,home,4-7,11
2024-04-06,Lightning,Penguins,4,5,home,4-5,9
2024-04-06,Panthers,Bruins,2,3,home,2-3,5
2024-04-06,Stars,Blackhawks,2,3,home,2-3,5
2024-04-06,Jets,Wild,4,2,away,4-2,6
2024-04-06,Blues,Sharks,2,3,home,2-3,5
2024-04-06,Flyers,Blue Jackets,2,6,home,2-6,8
2024-04-06,Maple Leafs,Canadiens,4,2,away,4-2,6
2024-04-06,Devils,Senators,4,3,away,4-3,7
2024-04-06,Predators,Islanders,0,2,home,0-2,2
2024-04-07,Oilers,Flames,4,2,away,4-2,6
2024-04-07,Canucks,Kings,3,6,home,3-6,9
2024-04-07,Sabres,Red Wings,1,3,home,1-3,4
2024-04-07,Wild,Blackhawks,4,0,away,4-0,4
2024-04-07,Blue Jackets,Hurricanes,0,3,home,0-3,3
2024-04-07,Coyotes,Sharks,5,2,away,5-2,7
2024-04-07,Senators,Capitals,3,2,away,3-2,5
2024-04-07,Predators,Devils,3,2,away,3-2,5
2024-04-07,Canadiens,Rangers,2,5,home,2-5,7
2024-04-08,Blues,Ducks,6,5,away,6-5,11
2024-04-08,Stars,Avalanche,7,4,away,7-4,11
2024-04-08,Penguins,Maple Leafs,2,3,home,2-3,5
2024-04-09,Golden Knights,Canucks,3,4,home,3-4,7
2024-04-09,Hurricanes,Bruins,4,1,away,4-1,5
2024-04-09,Capitals,Red Wings,2,1,away,2-1,3
2024-04-09,Senators,Panthers,0,2,home,0-2,2
2024-04-09,Flyers,Canadiens,3,9,home,3-9,12
2024-04-09,Maple Leafs,Devils,5,2,away,5-2,7
2024-04-09,Rangers,Islanders,2,4,home,2-4,6
2024-04-09,Blue Jackets,Lightning,2,5,home,2-5,7
2024-04-10,Sabres,Stars,2,3,home,2-3,5
2024-04-10,Jets,Predators,4,3,away,4-3,7
2024-04-10,Wild,Avalanche,2,5,home,2-5,7
2024-04-10,Kings,Ducks,1,3,home,1-3,4
2024-04-10,Coyotes,Kraken,0,5,home,0-5,5
2024-04-10,Flames,Sharks,3,2,away,3-2,5
2024-04-11,Blackhawks,Blues,2,5,home,2-5,7
2024-04-11,Golden Knights,Oilers,1,5,home,1-5,6
2024-04-11,Coyotes,Canucks,4,3,away,4-3,7
2024-04-05,Flyers,Sabres,2,4,home,2-4,6
2024-04-05,Capitals,Hurricanes,2,4,home,2-4,6
2024-04-05,Rangers,Red Wings,4,3,away,4-3,7
2024-04-06,Avalanche,Oilers,2,6,home,2-6,8
2024-04-06,Kraken,Ducks,3,1,away,3-1,4
2024-04-06,Golden Knights,Coyotes,4,7,home,4-7,11
2024-04-06,Lightning,Penguins,4,5,home,4-5,9
2024-04-06,Panthers,Bruins,2,3,home,2-3,5
2024-04-06,Stars,Blackhawks,2,3,home,2-3,5
2024-04-06,Jets,Wild,4,2,away,4-2,6
2024-04-06,Blues,Sharks,2,3,home,2-3,5
2024-04-06,Flyers,Blue Jackets,2,6,home,2-6,8
2024-04-06,Maple Leafs,Canadiens,4,2,away,4-2,6
2024-04-06,Devils,Senators,4,3,away,4-3,7
2024-04-06,Predators,Islanders,0,2,home,0-2,2
2024-04-07,Oilers,Flames,4,2,away,4-2,6
2024-04-07,Canucks,Kings,3,6,home,3-6,9
2024-04-07,Sabres,Red Wings,1,3,home,1-3,4
2024-04-07,Wild,Blackhawks,4,0,away,4-0,4
2024-04-07,Blue Jackets,Hurricanes,0,3,home,0-3,3
2024-04-07,Coyotes,Sharks,5,2,away,5-2,7
2024-04-07,Senators,Capitals,3,2,away,3-2,5
2024-04-07,Predators,Devils,3,2,away,3-2,5
2024-04-07,Canadiens,Rangers,2,5,home,2-5,7
2024-04-08,Blues,Ducks,6,5,away,6-5,11
2024-04-08,Stars,Avalanche,7,4,away,7-4,11
2024-04-08,Penguins,Maple Leafs,2,3,home,2-3,5
2024-04-09,Golden Knights,Canucks,3,4,home,3-4,7
2024-04-09,Hurricanes,Bruins,4,1,away,4-1,5
2024-04-09,Capitals,Red Wings,2,1,away,2-1,3
2024-04-09,Senators,Panthers,0,2,home,0-2,2
2024-04-09,Flyers,Canadiens,3,9,home,3-9,12
2024-04-09,Maple Leafs,Devils,5,2,away,5-2,7
2024-04-09,Rangers,Islanders,2,4,home,2-4,6
2024-04-09,Blue Jackets,Lightning,2,5,home,2-5,7
2024-04-10,Sabres,Stars,2,3,home,2-3,5
2024-04-10,Jets,Predators,4,3,away,4-3,7
2024-04-10,Wild,Avalanche,2,5,home,2-5,7
2024-04-10,Kings,Ducks,1,3,home,1-3,4
2024-04-10,Coyotes,Kraken,0,5,home,0-5,5
2024-04-10,Flames,Sharks,3,2,away,3-2,5
2024-04-11,Blackhawks,Blues,2,5,home,2-5,7
2024-04-11,Golden Knights,Oilers,1,5,home,1-5,6
2024-04-11,Coyotes,Canucks,4,3,away,4-3,7
2024-04-11,Capitals,Sabres,2,4,home,2-4,6
2024-04-11,Blue Jackets,Panthers,0,4,home,0-4,4
2024-04-11,Flyers,Rangers,4,1,away,4-1,5
2024-04-11,Red Wings,Penguins,5,6,home,5-6,11
2024-04-11,Senators,Lightning,3,2,away,3-2,5
2024-04-11,Devils,Maple Leafs,6,5,away,6-5,11
2024-04-11,Canadiens,Islanders,2,3,home,2-3,5
2024-04-12,Jets,Stars,3,0,away,3-0,3
2024-04-12,Sharks,Kraken,3,1,away,3-1,4
2024-04-12,Flames,Kings,1,4,home,1-4,5
2024-04-06,Lightning,Penguins,4,5,home,4-5,9
2024-04-06,Panthers,Bruins,2,3,home,2-3,5
2024-04-06,Stars,Blackhawks,2,3,home,2-3,5
2024-04-06,Jets,Wild,4,2,away,4-2,6
2024-04-06,Blues,Sharks,2,3,home,2-3,5
2024-04-06,Flyers,Blue Jackets,2,6,home,2-6,8
2024-04-06,Maple Leafs,Canadiens,4,2,away,4-2,6
2024-04-06,Devils,Senators,4,3,away,4-3,7
2024-04-06,Predators,Islanders,0,2,home,0-2,2
2024-04-07,Oilers,Flames,4,2,away,4-2,6
2024-04-07,Canucks,Kings,3,6,home,3-6,9
2024-04-07,Sabres,Red Wings,1,3,home,1-3,4
2024-04-07,Wild,Blackhawks,4,0,away,4-0,4
2024-04-07,Blue Jackets,Hurricanes,0,3,home,0-3,3
2024-04-07,Coyotes,Sharks,5,2,away,5-2,7
2024-04-07,Senators,Capitals,3,2,away,3-2,5
2024-04-07,Predators,Devils,3,2,away,3-2,5
2024-04-07,Canadiens,Rangers,2,5,home,2-5,7
2024-04-08,Blues,Ducks,6,5,away,6-5,11
2024-04-08,Stars,Avalanche,7,4,away,7-4,11
2024-04-08,Penguins,Maple Leafs,2,3,home,2-3,5
2024-04-09,Golden Knights,Canucks,3,4,home,3-4,7
2024-04-09,Hurricanes,Bruins,4,1,away,4-1,5
2024-04-09,Capitals,Red Wings,2,1,away,2-1,3
2024-04-09,Senators,Panthers,0,2,home,0-2,2
2024-04-09,Flyers,Canadiens,3,9,home,3-9,12
2024-04-09,Maple Leafs,Devils,5,2,away,5-2,7
2024-04-09,Rangers,Islanders,2,4,home,2-4,6
2024-04-09,Blue Jackets,Lightning,2,5,home,2-5,7
2024-04-10,Sabres,Stars,2,3,home,2-3,5
2024-04-10,Jets,Predators,4,3,away,4-3,7
2024-04-10,Wild,Avalanche,2,5,home,2-5,7
2024-04-10,Kings,Ducks,1,3,home,1-3,4
2024-04-10,Coyotes,Kraken,0,5,home,0-5,5
2024-04-10,Flames,Sharks,3,2,away,3-2,5
2024-04-11,Blackhawks,Blues,2,5,home,2-5,7
2024-04-11,Golden Knights,Oilers,1,5,home,1-5,6
2024-04-11,Coyotes,Canucks,4,3,away,4-3,7
2024-04-11,Capitals,Sabres,2,4,home,2-4,6
2024-04-11,Blue Jackets,Panthers,0,4,home,0-4,4
2024-04-11,Flyers,Rangers,4,1,away,4-1,5
2024-04-11,Red Wings,Penguins,5,6,home,5-6,11
2024-04-11,Senators,Lightning,3,2,away,3-2,5
2024-04-11,Devils,Maple Leafs,6,5,away,6-5,11
2024-04-11,Canadiens,Islanders,2,3,home,2-3,5
2024-04-12,Jets,Stars,3,0,away,3-0,3
2024-04-12,Sharks,Kraken,3,1,away,3-1,4
2024-04-12,Flames,Kings,1,4,home,1-4,5
2024-04-13,Hurricanes,Blues,5,2,away,5-2,7
2024-04-13,Predators,Blackhawks,5,1,away,5-1,6
2024-04-13,Coyotes,Oilers,3,2,away,3-2,5
2024-04-13,Flames,Ducks,6,3,away,6-3,9
2024-04-13,Wild,Golden Knights,2,7,home,2-7,9
2024-04-07,Sabres,Red Wings,1,3,home,1-3,4
2024-04-07,Wild,Blackhawks,4,0,away,4-0,4
2024-04-07,Blue Jackets,Hurricanes,0,3,home,0-3,3
2024-04-07,Coyotes,Sharks,5,2,away,5-2,7
2024-04-07,Senators,Capitals,3,2,away,3-2,5
2024-04-07,Predators,Devils,3,2,away,3-2,5
2024-04-07,Canadiens,Rangers,2,5,home,2-5,7
2024-04-08,Blues,Ducks,6,5,away,6-5,11
2024-04-08,Stars,Avalanche,7,4,away,7-4,11
2024-04-08,Penguins,Maple Leafs,2,3,home,2-3,5
2024-04-09,Golden Knights,Canucks,3,4,home,3-4,7
2024-04-09,Hurricanes,Bruins,4,1,away,4-1,5
2024-04-09,Capitals,Red Wings,2,1,away,2-1,3
2024-04-09,Senators,Panthers,0,2,home,0-2,2
2024-04-09,Flyers,Canadiens,3,9,home,3-9,12
2024-04-09,Maple Leafs,Devils,5,2,away,5-2,7
2024-04-09,Rangers,Islanders,2,4,home,2-4,6
2024-04-09,Blue Jackets,Lightning,2,5,home,2-5,7
2024-04-10,Sabres,Stars,2,3,home,2-3,5
2024-04-10,Jets,Predators,4,3,away,4-3,7
2024-04-10,Wild,Avalanche,2,5,home,2-5,7
2024-04-10,Kings,Ducks,1,3,home,1-3,4
2024-04-10,Coyotes,Kraken,0,5,home,0-5,5
2024-04-10,Flames,Sharks,3,2,away,3-2,5
2024-04-11,Blackhawks,Blues,2,5,home,2-5,7
2024-04-11,Golden Knights,Oilers,1,5,home,1-5,6
2024-04-11,Coyotes,Canucks,4,3,away,4-3,7
2024-04-11,Capitals,Sabres,2,4,home,2-4,6
2024-04-11,Blue Jackets,Panthers,0,4,home,0-4,4
2024-04-11,Flyers,Rangers,4,1,away,4-1,5
2024-04-11,Red Wings,Penguins,5,6,home,5-6,11
2024-04-11,Senators,Lightning,3,2,away,3-2,5
2024-04-11,Devils,Maple Leafs,6,5,away,6-5,11
2024-04-11,Canadiens,Islanders,2,3,home,2-3,5
2024-04-12,Jets,Stars,3,0,away,3-0,3
2024-04-12,Sharks,Kraken,3,1,away,3-1,4
2024-04-12,Flames,Kings,1,4,home,1-4,5
2024-04-13,Hurricanes,Blues,5,2,away,5-2,7
2024-04-13,Predators,Blackhawks,5,1,away,5-1,6
2024-04-13,Coyotes,Oilers,3,2,away,3-2,5
2024-04-13,Flames,Ducks,6,3,away,6-3,9
2024-04-13,Wild,Golden Knights,2,7,home,2-7,9
2024-04-13,Islanders,Rangers,2,3,home,2-3,5
2024-04-13,Kraken,Stars,1,3,home,1-3,4
2024-04-13,Jets,Avalanche,7,0,away,7-0,7
2024-04-13,Sabres,Panthers,2,3,home,2-3,5
2024-04-13,Devils,Flyers,0,1,home,0-1,1
2024-04-13,Lightning,Capitals,2,4,home,2-4,6
2024-04-13,Canadiens,Senators,4,5,home,4-5,9
2024-04-13,Red Wings,Maple Leafs,5,4,away,5-4,9
2024-04-14,Blue Jackets,Predators,4,6,home,4-6,10
2024-04-14,Bruins,Penguins,6,4,away,6-4,10
2024-04-14,Canucks,Oilers,3,1,away,3-1,4
2024-04-14,Ducks,Kings,1,3,home,1-3,4
2024-04-14,Wild,Sharks,6,2,away,6-2,8
2024-04-08,Penguins,Maple Leafs,2,3,home,2-3,5
2024-04-09,Golden Knights,Canucks,3,4,home,3-4,7
2024-04-09,Hurricanes,Bruins,4,1,away,4-1,5
2024-04-09,Capitals,Red Wings,2,1,away,2-1,3
2024-04-09,Senators,Panthers,0,2,home,0-2,2
2024-04-09,Flyers,Canadiens,3,9,home,3-9,12
2024-04-09,Maple Leafs,Devils,5,2,away,5-2,7
2024-04-09,Rangers,Islanders,2,4,home,2-4,6
2024-04-09,Blue Jackets,Lightning,2,5,home,2-5,7
2024-04-10,Sabres,Stars,2,3,home,2-3,5
2024-04-10,Jets,Predators,4,3,away,4-3,7
2024-04-10,Wild,Avalanche,2,5,home,2-5,7
2024-04-10,Kings,Ducks,1,3,home,1-3,4
2024-04-10,Coyotes,Kraken,0,5,home,0-5,5
2024-04-10,Flames,Sharks,3,2,away,3-2,5
2024-04-11,Blackhawks,Blues,2,5,home,2-5,7
2024-04-11,Golden Knights,Oilers,1,5,home,1-5,6
2024-04-11,Coyotes,Canucks,4,3,away,4-3,7
2024-04-11,Capitals,Sabres,2,4,home,2-4,6
2024-04-11,Blue Jackets,Panthers,0,4,home,0-4,4
2024-04-11,Flyers,Rangers,4,1,away,4-1,5
2024-04-11,Red Wings,Penguins,5,6,home,5-6,11
2024-04-11,Senators,Lightning,3,2,away,3-2,5
2024-04-11,Devils,Maple Leafs,6,5,away,6-5,11
2024-04-11,Canadiens,Islanders,2,3,home,2-3,5
2024-04-12,Jets,Stars,3,0,away,3-0,3
2024-04-12,Sharks,Kraken,3,1,away,3-1,4
2024-04-12,Flames,Kings,1,4,home,1-4,5
2024-04-13,Hurricanes,Blues,5,2,away,5-2,7
2024-04-13,Predators,Blackhawks,5,1,away,5-1,6
2024-04-13,Coyotes,Oilers,3,2,away,3-2,5
2024-04-13,Flames,Ducks,6,3,away,6-3,9
2024-04-13,Wild,Golden Knights,2,7,home,2-7,9
2024-04-13,Islanders,Rangers,2,3,home,2-3,5
2024-04-13,Kraken,Stars,1,3,home,1-3,4
2024-04-13,Jets,Avalanche,7,0,away,7-0,7
2024-04-13,Sabres,Panthers,2,3,home,2-3,5
2024-04-13,Devils,Flyers,0,1,home,0-1,1
2024-04-13,Lightning,Capitals,2,4,home,2-4,6
2024-04-13,Canadiens,Senators,4,5,home,4-5,9
2024-04-13,Red Wings,Maple Leafs,5,4,away,5-4,9
2024-04-14,Blue Jackets,Predators,4,6,home,4-6,10
2024-04-14,Bruins,Penguins,6,4,away,6-4,10
2024-04-14,Canucks,Oilers,3,1,away,3-1,4
2024-04-14,Ducks,Kings,1,3,home,1-3,4
2024-04-14,Wild,Sharks,6,2,away,6-2,8
2024-04-14,Kraken,Blues,1,4,home,1-4,5
2024-04-14,Avalanche,Golden Knights,3,4,home,3-4,7
2024-04-14,Hurricanes,Blackhawks,4,2,away,4-2,6
2024-04-15,Coyotes,Flames,5,6,home,5-6,11
2024-04-09,Hurricanes,Bruins,4,1,away,4-1,5
2024-04-09,Capitals,Red Wings,2,1,away,2-1,3
2024-04-09,Senators,Panthers,0,2,home,0-2,2
2024-04-09,Flyers,Canadiens,3,9,home,3-9,12
2024-04-09,Maple Leafs,Devils,5,2,away,5-2,7
2024-04-09,Rangers,Islanders,2,4,home,2-4,6
2024-04-09,Blue Jackets,Lightning,2,5,home,2-5,7
2024-04-10,Sabres,Stars,2,3,home,2-3,5
2024-04-10,Jets,Predators,4,3,away,4-3,7
2024-04-10,Wild,Avalanche,2,5,home,2-5,7
2024-04-10,Kings,Ducks,1,3,home,1-3,4
2024-04-10,Coyotes,Kraken,0,5,home,0-5,5
2024-04-10,Flames,Sharks,3,2,away,3-2,5
2024-04-11,Blackhawks,Blues,2,5,home,2-5,7
2024-04-11,Golden Knights,Oilers,1,5,home,1-5,6
2024-04-11,Coyotes,Canucks,4,3,away,4-3,7
2024-04-11,Capitals,Sabres,2,4,home,2-4,6
2024-04-11,Blue Jackets,Panthers,0,4,home,0-4,4
2024-04-11,Flyers,Rangers,4,1,away,4-1,5
2024-04-11,Red Wings,Penguins,5,6,home,5-6,11
2024-04-11,Senators,Lightning,3,2,away,3-2,5
2024-04-11,Devils,Maple Leafs,6,5,away,6-5,11
2024-04-11,Canadiens,Islanders,2,3,home,2-3,5
2024-04-12,Jets,Stars,3,0,away,3-0,3
2024-04-12,Sharks,Kraken,3,1,away,3-1,4
2024-04-12,Flames,Kings,1,4,home,1-4,5
2024-04-13,Hurricanes,Blues,5,2,away,5-2,7
2024-04-13,Predators,Blackhawks,5,1,away,5-1,6
2024-04-13,Coyotes,Oilers,3,2,away,3-2,5
2024-04-13,Flames,Ducks,6,3,away,6-3,9
2024-04-13,Wild,Golden Knights,2,7,home,2-7,9
2024-04-13,Islanders,Rangers,2,3,home,2-3,5
2024-04-13,Kraken,Stars,1,3,home,1-3,4
2024-04-13,Jets,Avalanche,7,0,away,7-0,7
2024-04-13,Sabres,Panthers,2,3,home,2-3,5
2024-04-13,Devils,Flyers,0,1,home,0-1,1
2024-04-13,Lightning,Capitals,2,4,home,2-4,6
2024-04-13,Canadiens,Senators,4,5,home,4-5,9
2024-04-13,Red Wings,Maple Leafs,5,4,away,5-4,9
2024-04-14,Blue Jackets,Predators,4,6,home,4-6,10
2024-04-14,Bruins,Penguins,6,4,away,6-4,10
2024-04-14,Canucks,Oilers,3,1,away,3-1,4
2024-04-14,Ducks,Kings,1,3,home,1-3,4
2024-04-14,Wild,Sharks,6,2,away,6-2,8
2024-04-14,Kraken,Blues,1,4,home,1-4,5
2024-04-14,Avalanche,Golden Knights,3,4,home,3-4,7
2024-04-14,Hurricanes,Blackhawks,4,2,away,4-2,6
2024-04-15,Coyotes,Flames,5,6,home,5-6,11
2024-04-15,Canadiens,Red Wings,4,5,home,4-5,9
2024-04-15,Islanders,Devils,4,1,away,4-1,5
2024-04-15,Predators,Penguins,2,4,home,2-4,6
2024-04-15,Sabres,Lightning,4,2,away,4-2,6
2024-04-15,Bruins,Capitals,0,2,home,0-2,2
2024-04-15,Senators,Rangers,0,4,home,0-4,4
2024-04-16,Sharks,Oilers,2,9,home,2-9,11
2024-04-16,Wild,Kings,3,1,away,3-1,4
2024-04-11,Blackhawks,Blues,2,5,home,2-5,7
2024-04-11,Golden Knights,Oilers,1,5,home,1-5,6
2024-04-11,Coyotes,Canucks,4,3,away,4-3,7
2024-04-11,Capitals,Sabres,2,4,home,2-4,6
2024-04-11,Blue Jackets,Panthers,0,4,home,0-4,4
2024-04-11,Flyers,Rangers,4,1,away,4-1,5
2024-04-11,Red Wings,Penguins,5,6,home,5-6,11
2024-04-11,Senators,Lightning,3,2,away,3-2,5
2024-04-11,Devils,Maple Leafs,6,5,away,6-5,11
2024-04-11,Canadiens,Islanders,2,3,home,2-3,5
2024-04-12,Jets,Stars,3,0,away,3-0,3
2024-04-12,Sharks,Kraken,3,1,away,3-1,4
2024-04-12,Flames,Kings,1,4,home,1-4,5
2024-04-13,Hurricanes,Blues,5,2,away,5-2,7
2024-04-13,Predators,Blackhawks,5,1,away,5-1,6
2024-04-13,Coyotes,Oilers,3,2,away,3-2,5
2024-04-13,Flames,Ducks,6,3,away,6-3,9
2024-04-13,Wild,Golden Knights,2,7,home,2-7,9
2024-04-13,Islanders,Rangers,2,3,home,2-3,5
2024-04-13,Kraken,Stars,1,3,home,1-3,4
2024-04-13,Jets,Avalanche,7,0,away,7-0,7
2024-04-13,Sabres,Panthers,2,3,home,2-3,5
2024-04-13,Devils,Flyers,0,1,home,0-1,1
2024-04-13,Lightning,Capitals,2,4,home,2-4,6
2024-04-13,Canadiens,Senators,4,5,home,4-5,9
2024-04-13,Red Wings,Maple Leafs,5,4,away,5-4,9
2024-04-14,Blue Jackets,Predators,4,6,home,4-6,10
2024-04-14,Bruins,Penguins,6,4,away,6-4,10
2024-04-14,Canucks,Oilers,3,1,away,3-1,4
2024-04-14,Ducks,Kings,1,3,home,1-3,4
2024-04-14,Wild,Sharks,6,2,away,6-2,8
2024-04-14,Kraken,Blues,1,4,home,1-4,5
2024-04-14,Avalanche,Golden Knights,3,4,home,3-4,7
2024-04-14,Hurricanes,Blackhawks,4,2,away,4-2,6
2024-04-15,Coyotes,Flames,5,6,home,5-6,11
2024-04-15,Canadiens,Red Wings,4,5,home,4-5,9
2024-04-15,Islanders,Devils,4,1,away,4-1,5
2024-04-15,Predators,Penguins,2,4,home,2-4,6
2024-04-15,Sabres,Lightning,4,2,away,4-2,6
2024-04-15,Bruins,Capitals,0,2,home,0-2,2
2024-04-15,Senators,Rangers,0,4,home,0-4,4
2024-04-16,Sharks,Oilers,2,9,home,2-9,11
2024-04-16,Wild,Kings,3,1,away,3-1,4
2024-04-16,Senators,Bruins,3,1,away,3-1,4
2024-04-16,Hurricanes,Blue Jackets,3,6,home,3-6,9
2024-04-16,Red Wings,Canadiens,5,4,away,5-4,9
2024-04-16,Capitals,Flyers,2,1,away,2-1,3
2024-04-16,Maple Leafs,Panthers,2,5,home,2-5,7
2024-04-17,Kraken,Jets,3,4,home,3-4,7
2024-04-17,Blackhawks,Golden Knights,1,3,home,1-3,4
2024-04-17,Flames,Canucks,1,4,home,1-4,5
2024-04-11,Capitals,Sabres,2,4,home,2-4,6
2024-04-11,Blue Jackets,Panthers,0,4,home,0-4,4
2024-04-11,Flyers,Rangers,4,1,away,4-1,5
2024-04-11,Red Wings,Penguins,5,6,home,5-6,11
2024-04-11,Senators,Lightning,3,2,away,3-2,5
2024-04-11,Devils,Maple Leafs,6,5,away,6-5,11
2024-04-11,Canadiens,Islanders,2,3,home,2-3,5
2024-04-12,Jets,Stars,3,0,away,3-0,3
2024-04-12,Sharks,Kraken,3,1,away,3-1,4
2024-04-12,Flames,Kings,1,4,home,1-4,5
2024-04-13,Hurricanes,Blues,5,2,away,5-2,7
2024-04-13,Predators,Blackhawks,5,1,away,5-1,6
2024-04-13,Coyotes,Oilers,3,2,away,3-2,5
2024-04-13,Flames,Ducks,6,3,away,6-3,9
2024-04-13,Wild,Golden Knights,2,7,home,2-7,9
2024-04-13,Islanders,Rangers,2,3,home,2-3,5
2024-04-13,Kraken,Stars,1,3,home,1-3,4
2024-04-13,Jets,Avalanche,7,0,away,7-0,7
2024-04-13,Sabres,Panthers,2,3,home,2-3,5
2024-04-13,Devils,Flyers,0,1,home,0-1,1
2024-04-13,Lightning,Capitals,2,4,home,2-4,6
2024-04-13,Canadiens,Senators,4,5,home,4-5,9
2024-04-13,Red Wings,Maple Leafs,5,4,away,5-4,9
2024-04-14,Blue Jackets,Predators,4,6,home,4-6,10
2024-04-14,Bruins,Penguins,6,4,away,6-4,10
2024-04-14,Canucks,Oilers,3,1,away,3-1,4
2024-04-14,Ducks,Kings,1,3,home,1-3,4
2024-04-14,Wild,Sharks,6,2,away,6-2,8
2024-04-14,Kraken,Blues,1,4,home,1-4,5
2024-04-14,Avalanche,Golden Knights,3,4,home,3-4,7
2024-04-14,Hurricanes,Blackhawks,4,2,away,4-2,6
2024-04-15,Coyotes,Flames,5,6,home,5-6,11
2024-04-15,Canadiens,Red Wings,4,5,home,4-5,9
2024-04-15,Islanders,Devils,4,1,away,4-1,5
2024-04-15,Predators,Penguins,2,4,home,2-4,6
2024-04-15,Sabres,Lightning,4,2,away,4-2,6
2024-04-15,Bruins,Capitals,0,2,home,0-2,2
2024-04-15,Senators,Rangers,0,4,home,0-4,4
2024-04-16,Sharks,Oilers,2,9,home,2-9,11
2024-04-16,Wild,Kings,3,1,away,3-1,4
2024-04-16,Senators,Bruins,3,1,away,3-1,4
2024-04-16,Hurricanes,Blue Jackets,3,6,home,3-6,9
2024-04-16,Red Wings,Canadiens,5,4,away,5-4,9
2024-04-16,Capitals,Flyers,2,1,away,2-1,3
2024-04-16,Maple Leafs,Panthers,2,5,home,2-5,7
2024-04-17,Kraken,Jets,3,4,home,3-4,7
2024-04-17,Blackhawks,Golden Knights,1,3,home,1-3,4
2024-04-17,Flames,Canucks,1,4,home,1-4,5
2024-04-17,Penguins,Islanders,4,5,home,4-5,9
2024-04-17,Maple Leafs,Lightning,4,6,home,4-6,10
2024-04-18,Blues,Stars,1,2,home,1-2,3
2024-04-18,Oilers,Coyotes,2,5,home,2-5,7
2024-04-13,Hurricanes,Blues,5,2,away,5-2,7
2024-04-13,Predators,Blackhawks,5,1,away,5-1,6
2024-04-13,Coyotes,Oilers,3,2,away,3-2,5
2024-04-13,Flames,Ducks,6,3,away,6-3,9
2024-04-13,Wild,Golden Knights,2,7,home,2-7,9
2024-04-13,Islanders,Rangers,2,3,home,2-3,5
2024-04-13,Kraken,Stars,1,3,home,1-3,4
2024-04-13,Jets,Avalanche,7,0,away,7-0,7
2024-04-13,Sabres,Panthers,2,3,home,2-3,5
2024-04-13,Devils,Flyers,0,1,home,0-1,1
2024-04-13,Lightning,Capitals,2,4,home,2-4,6
2024-04-13,Canadiens,Senators,4,5,home,4-5,9
2024-04-13,Red Wings,Maple Leafs,5,4,away,5-4,9
2024-04-14,Blue Jackets,Predators,4,6,home,4-6,10
2024-04-14,Bruins,Penguins,6,4,away,6-4,10
2024-04-14,Canucks,Oilers,3,1,away,3-1,4
2024-04-14,Ducks,Kings,1,3,home,1-3,4
2024-04-14,Wild,Sharks,6,2,away,6-2,8
2024-04-14,Kraken,Blues,1,4,home,1-4,5
2024-04-14,Avalanche,Golden Knights,3,4,home,3-4,7
2024-04-14,Hurricanes,Blackhawks,4,2,away,4-2,6
2024-04-15,Coyotes,Flames,5,6,home,5-6,11
2024-04-15,Canadiens,Red Wings,4,5,home,4-5,9
2024-04-15,Islanders,Devils,4,1,away,4-1,5
2024-04-15,Predators,Penguins,2,4,home,2-4,6
2024-04-15,Sabres,Lightning,4,2,away,4-2,6
2024-04-15,Bruins,Capitals,0,2,home,0-2,2
2024-04-15,Senators,Rangers,0,4,home,0-4,4
2024-04-16,Sharks,Oilers,2,9,home,2-9,11
2024-04-16,Wild,Kings,3,1,away,3-1,4
2024-04-16,Senators,Bruins,3,1,away,3-1,4
2024-04-16,Hurricanes,Blue Jackets,3,6,home,3-6,9
2024-04-16,Red Wings,Canadiens,5,4,away,5-4,9
2024-04-16,Capitals,Flyers,2,1,away,2-1,3
2024-04-16,Maple Leafs,Panthers,2,5,home,2-5,7
2024-04-17,Kraken,Jets,3,4,home,3-4,7
2024-04-17,Blackhawks,Golden Knights,1,3,home,1-3,4
2024-04-17,Flames,Canucks,1,4,home,1-4,5
2024-04-17,Penguins,Islanders,4,5,home,4-5,9
2024-04-17,Maple Leafs,Lightning,4,6,home,4-6,10
2024-04-18,Blues,Stars,1,2,home,1-2,3
2024-04-18,Oilers,Coyotes,2,5,home,2-5,7
2024-04-18,Kraken,Wild,4,3,away,4-3,7
2024-04-19,Canucks,Jets,2,4,home,2-4,6
2024-04-19,Sharks,Flames,1,5,home,1-5,6
2024-04-19,Oilers,Avalanche,1,5,home,1-5,6
2024-04-19,Ducks,Golden Knights,4,1,away,4-1,5
2024-04-19,Blackhawks,Kings,4,5,home,4-5,9
2024-04-13,Islanders,Rangers,2,3,home,2-3,5
2024-04-13,Kraken,Stars,1,3,home,1-3,4
2024-04-13,Jets,Avalanche,7,0,away,7-0,7
2024-04-13,Sabres,Panthers,2,3,home,2-3,5
2024-04-13,Devils,Flyers,0,1,home,0-1,1
2024-04-13,Lightning,Capitals,2,4,home,2-4,6
2024-04-13,Canadiens,Senators,4,5,home,4-5,9
2024-04-13,Red Wings,Maple Leafs,5,4,away,5-4,9
2024-04-14,Blue Jackets,Predators,4,6,home,4-6,10
2024-04-14,Bruins,Penguins,6,4,away,6-4,10
2024-04-14,Canucks,Oilers,3,1,away,3-1,4
2024-04-14,Ducks,Kings,1,3,home,1-3,4
2024-04-14,Wild,Sharks,6,2,away,6-2,8
2024-04-14,Kraken,Blues,1,4,home,1-4,5
2024-04-14,Avalanche,Golden Knights,3,4,home,3-4,7
2024-04-14,Hurricanes,Blackhawks,4,2,away,4-2,6
2024-04-15,Coyotes,Flames,5,6,home,5-6,11
2024-04-15,Canadiens,Red Wings,4,5,home,4-5,9
2024-04-15,Islanders,Devils,4,1,away,4-1,5
2024-04-15,Predators,Penguins,2,4,home,2-4,6
2024-04-15,Sabres,Lightning,4,2,away,4-2,6
2024-04-15,Bruins,Capitals,0,2,home,0-2,2
2024-04-15,Senators,Rangers,0,4,home,0-4,4
2024-04-16,Sharks,Oilers,2,9,home,2-9,11
2024-04-16,Wild,Kings,3,1,away,3-1,4
2024-04-16,Senators,Bruins,3,1,away,3-1,4
2024-04-16,Hurricanes,Blue Jackets,3,6,home,3-6,9
2024-04-16,Red Wings,Canadiens,5,4,away,5-4,9
2024-04-16,Capitals,Flyers,2,1,away,2-1,3
2024-04-16,Maple Leafs,Panthers,2,5,home,2-5,7
2024-04-17,Kraken,Jets,3,4,home,3-4,7
2024-04-17,Blackhawks,Golden Knights,1,3,home,1-3,4
2024-04-17,Flames,Canucks,1,4,home,1-4,5
2024-04-17,Penguins,Islanders,4,5,home,4-5,9
2024-04-17,Maple Leafs,Lightning,4,6,home,4-6,10
2024-04-18,Blues,Stars,1,2,home,1-2,3
2024-04-18,Oilers,Coyotes,2,5,home,2-5,7
2024-04-18,Kraken,Wild,4,3,away,4-3,7
2024-04-19,Canucks,Jets,2,4,home,2-4,6
2024-04-19,Sharks,Flames,1,5,home,1-5,6
2024-04-19,Oilers,Avalanche,1,5,home,1-5,6
2024-04-19,Ducks,Golden Knights,4,1,away,4-1,5
2024-04-19,Blackhawks,Kings,4,5,home,4-5,9
2024-04-14,Kraken,Blues,1,4,home,1-4,5
2024-04-14,Avalanche,Golden Knights,3,4,home,3-4,7
2024-04-14,Hurricanes,Blackhawks,4,2,away,4-2,6
2024-04-15,Coyotes,Flames,5,6,home,5-6,11
2024-04-15,Canadiens,Red Wings,4,5,home,4-5,9
2024-04-15,Islanders,Devils,4,1,away,4-1,5
2024-04-15,Predators,Penguins,2,4,home,2-4,6
2024-04-15,Sabres,Lightning,4,2,away,4-2,6
2024-04-15,Bruins,Capitals,0,2,home,0-2,2
2024-04-15,Senators,Rangers,0,4,home,0-4,4
2024-04-16,Sharks,Oilers,2,9,home,2-9,11
2024-04-16,Wild,Kings,3,1,away,3-1,4
2024-04-16,Senators,Bruins,3,1,away,3-1,4
2024-04-16,Hurricanes,Blue Jackets,3,6,home,3-6,9
2024-04-16,Red Wings,Canadiens,5,4,away,5-4,9
2024-04-16,Capitals,Flyers,2,1,away,2-1,3
2024-04-16,Maple Leafs,Panthers,2,5,home,2-5,7
2024-04-17,Kraken,Jets,3,4,home,3-4,7
2024-04-17,Blackhawks,Golden Knights,1,3,home,1-3,4
2024-04-17,Flames,Canucks,1,4,home,1-4,5
2024-04-17,Penguins,Islanders,4,5,home,4-5,9
2024-04-17,Maple Leafs,Lightning,4,6,home,4-6,10
2024-04-18,Blues,Stars,1,2,home,1-2,3
2024-04-18,Oilers,Coyotes,2,5,home,2-5,7
2024-04-18,Kraken,Wild,4,3,away,4-3,7
2024-04-19,Canucks,Jets,2,4,home,2-4,6
2024-04-19,Sharks,Flames,1,5,home,1-5,6
2024-04-19,Oilers,Avalanche,1,5,home,1-5,6
2024-04-19,Ducks,Golden Knights,4,1,away,4-1,5
2024-04-19,Blackhawks,Kings,4,5,home,4-5,9
2024-04-20,Islanders,Hurricanes,1,3,home,1-3,4
2024-04-21,Maple Leafs,Bruins,1,5,home,1-5,6
2024-04-15,Canadiens,Red Wings,4,5,home,4-5,9
2024-04-15,Islanders,Devils,4,1,away,4-1,5
2024-04-15,Predators,Penguins,2,4,home,2-4,6
2024-04-15,Sabres,Lightning,4,2,away,4-2,6
2024-04-15,Bruins,Capitals,0,2,home,0-2,2
2024-04-15,Senators,Rangers,0,4,home,0-4,4
2024-04-16,Sharks,Oilers,2,9,home,2-9,11
2024-04-16,Wild,Kings,3,1,away,3-1,4
2024-04-16,Senators,Bruins,3,1,away,3-1,4
2024-04-16,Hurricanes,Blue Jackets,3,6,home,3-6,9
2024-04-16,Red Wings,Canadiens,5,4,away,5-4,9
2024-04-16,Capitals,Flyers,2,1,away,2-1,3
2024-04-16,Maple Leafs,Panthers,2,5,home,2-5,7
2024-04-17,Kraken,Jets,3,4,home,3-4,7
2024-04-17,Blackhawks,Golden Knights,1,3,home,1-3,4
2024-04-17,Flames,Canucks,1,4,home,1-4,5
2024-04-17,Penguins,Islanders,4,5,home,4-5,9
2024-04-17,Maple Leafs,Lightning,4,6,home,4-6,10
2024-04-18,Blues,Stars,1,2,home,1-2,3
2024-04-18,Oilers,Coyotes,2,5,home,2-5,7
2024-04-18,Kraken,Wild,4,3,away,4-3,7
2024-04-19,Canucks,Jets,2,4,home,2-4,6
2024-04-19,Sharks,Flames,1,5,home,1-5,6
2024-04-19,Oilers,Avalanche,1,5,home,1-5,6
2024-04-19,Ducks,Golden Knights,4,1,away,4-1,5
2024-04-19,Blackhawks,Kings,4,5,home,4-5,9
2024-04-20,Islanders,Hurricanes,1,3,home,1-3,4
2024-04-21,Maple Leafs,Bruins,1,5,home,1-5,6
2024-04-21,Lightning,Panthers,2,3,home,2-3,5
2024-04-21,Capitals,Rangers,1,4,home,1-4,5
2024-04-21,Avalanche,Jets,6,7,home,6-7,13
2024-04-22,Predators,Canucks,2,4,home,2-4,6
2024-04-16,Senators,Bruins,3,1,away,3-1,4
2024-04-16,Hurricanes,Blue Jackets,3,6,home,3-6,9
2024-04-16,Red Wings,Canadiens,5,4,away,5-4,9
2024-04-16,Capitals,Flyers,2,1,away,2-1,3
2024-04-16,Maple Leafs,Panthers,2,5,home,2-5,7
2024-04-17,Kraken,Jets,3,4,home,3-4,7
2024-04-17,Blackhawks,Golden Knights,1,3,home,1-3,4
2024-04-17,Flames,Canucks,1,4,home,1-4,5
2024-04-17,Penguins,Islanders,4,5,home,4-5,9
2024-04-17,Maple Leafs,Lightning,4,6,home,4-6,10
2024-04-18,Blues,Stars,1,2,home,1-2,3
2024-04-18,Oilers,Coyotes,2,5,home,2-5,7
2024-04-18,Kraken,Wild,4,3,away,4-3,7
2024-04-19,Canucks,Jets,2,4,home,2-4,6
2024-04-19,Sharks,Flames,1,5,home,1-5,6
2024-04-19,Oilers,Avalanche,1,5,home,1-5,6
2024-04-19,Ducks,Golden Knights,4,1,away,4-1,5
2024-04-19,Blackhawks,Kings,4,5,home,4-5,9
2024-04-20,Islanders,Hurricanes,1,3,home,1-3,4
2024-04-21,Maple Leafs,Bruins,1,5,home,1-5,6
2024-04-21,Lightning,Panthers,2,3,home,2-3,5
2024-04-21,Capitals,Rangers,1,4,home,1-4,5
2024-04-21,Avalanche,Jets,6,7,home,6-7,13
2024-04-22,Predators,Canucks,2,4,home,2-4,6
2024-04-22,Maple Leafs,Bruins,3,2,away,3-2,5
2024-04-22,Islanders,Hurricanes,3,5,home,3-5,8
2024-04-23,Golden Knights,Stars,4,3,away,4-3,7
2024-04-23,Kings,Oilers,4,7,home,4-7,11
2024-04-17,Penguins,Islanders,4,5,home,4-5,9
2024-04-17,Maple Leafs,Lightning,4,6,home,4-6,10
2024-04-18,Blues,Stars,1,2,home,1-2,3
2024-04-18,Oilers,Coyotes,2,5,home,2-5,7
2024-04-18,Kraken,Wild,4,3,away,4-3,7
2024-04-19,Canucks,Jets,2,4,home,2-4,6
2024-04-19,Sharks,Flames,1,5,home,1-5,6
2024-04-19,Oilers,Avalanche,1,5,home,1-5,6
2024-04-19,Ducks,Golden Knights,4,1,away,4-1,5
2024-04-19,Blackhawks,Kings,4,5,home,4-5,9
2024-04-20,Islanders,Hurricanes,1,3,home,1-3,4
2024-04-21,Maple Leafs,Bruins,1,5,home,1-5,6
2024-04-21,Lightning,Panthers,2,3,home,2-3,5
2024-04-21,Capitals,Rangers,1,4,home,1-4,5
2024-04-21,Avalanche,Jets,6,7,home,6-7,13
2024-04-22,Predators,Canucks,2,4,home,2-4,6
2024-04-22,Maple Leafs,Bruins,3,2,away,3-2,5
2024-04-22,Islanders,Hurricanes,3,5,home,3-5,8
2024-04-23,Golden Knights,Stars,4,3,away,4-3,7
2024-04-23,Kings,Oilers,4,7,home,4-7,11
2024-04-23,Capitals,Rangers,3,4,home,3-4,7
2024-04-23,Lightning,Panthers,2,3,home,2-3,5
2024-04-24,Avalanche,Jets,5,2,away,5-2,7
2024-04-24,Predators,Canucks,4,1,away,4-1,5
2024-04-18,Kraken,Wild,4,3,away,4-3,7
2024-04-19,Canucks,Jets,2,4,home,2-4,6
2024-04-19,Sharks,Flames,1,5,home,1-5,6
2024-04-19,Oilers,Avalanche,1,5,home,1-5,6
2024-04-19,Ducks,Golden Knights,4,1,away,4-1,5
2024-04-19,Blackhawks,Kings,4,5,home,4-5,9
2024-04-20,Islanders,Hurricanes,1,3,home,1-3,4
2024-04-21,Maple Leafs,Bruins,1,5,home,1-5,6
2024-04-21,Lightning,Panthers,2,3,home,2-3,5
2024-04-21,Capitals,Rangers,1,4,home,1-4,5
2024-04-21,Avalanche,Jets,6,7,home,6-7,13
2024-04-22,Predators,Canucks,2,4,home,2-4,6
2024-04-22,Maple Leafs,Bruins,3,2,away,3-2,5
2024-04-22,Islanders,Hurricanes,3,5,home,3-5,8
2024-04-23,Golden Knights,Stars,4,3,away,4-3,7
2024-04-23,Kings,Oilers,4,7,home,4-7,11
2024-04-23,Capitals,Rangers,3,4,home,3-4,7
2024-04-23,Lightning,Panthers,2,3,home,2-3,5
2024-04-24,Avalanche,Jets,5,2,away,5-2,7
2024-04-24,Predators,Canucks,4,1,away,4-1,5
2024-04-24,Bruins,Maple Leafs,4,2,away,4-2,6
2024-04-25,Golden Knights,Stars,3,1,away,3-1,4
2024-04-25,Kings,Oilers,5,4,away,5-4,9
2024-04-20,Islanders,Hurricanes,1,3,home,1-3,4
2024-04-21,Maple Leafs,Bruins,1,5,home,1-5,6
2024-04-21,Lightning,Panthers,2,3,home,2-3,5
2024-04-21,Capitals,Rangers,1,4,home,1-4,5
2024-04-21,Avalanche,Jets,6,7,home,6-7,13
2024-04-22,Predators,Canucks,2,4,home,2-4,6
2024-04-22,Maple Leafs,Bruins,3,2,away,3-2,5
2024-04-22,Islanders,Hurricanes,3,5,home,3-5,8
2024-04-23,Golden Knights,Stars,4,3,away,4-3,7
2024-04-23,Kings,Oilers,4,7,home,4-7,11
2024-04-23,Capitals,Rangers,3,4,home,3-4,7
2024-04-23,Lightning,Panthers,2,3,home,2-3,5
2024-04-24,Avalanche,Jets,5,2,away,5-2,7
2024-04-24,Predators,Canucks,4,1,away,4-1,5
2024-04-24,Bruins,Maple Leafs,4,2,away,4-2,6
2024-04-25,Golden Knights,Stars,3,1,away,3-1,4
2024-04-25,Kings,Oilers,5,4,away,5-4,9
2024-04-25,Panthers,Lightning,5,3,away,5-3,8
2024-04-25,Hurricanes,Islanders,3,2,away,3-2,5
2024-04-20,Islanders,Hurricanes,1,3,home,1-3,4
2024-04-21,Maple Leafs,Bruins,1,5,home,1-5,6
2024-04-21,Lightning,Panthers,2,3,home,2-3,5
2024-04-21,Capitals,Rangers,1,4,home,1-4,5
2024-04-21,Avalanche,Jets,6,7,home,6-7,13
2024-04-22,Predators,Canucks,2,4,home,2-4,6
2024-04-22,Maple Leafs,Bruins,3,2,away,3-2,5
2024-04-22,Islanders,Hurricanes,3,5,home,3-5,8
2024-04-23,Golden Knights,Stars,4,3,away,4-3,7
2024-04-23,Kings,Oilers,4,7,home,4-7,11
2024-04-23,Capitals,Rangers,3,4,home,3-4,7
2024-04-23,Lightning,Panthers,2,3,home,2-3,5
2024-04-24,Avalanche,Jets,5,2,away,5-2,7
2024-04-24,Predators,Canucks,4,1,away,4-1,5
2024-04-24,Bruins,Maple Leafs,4,2,away,4-2,6
2024-04-25,Golden Knights,Stars,3,1,away,3-1,4
2024-04-25,Kings,Oilers,5,4,away,5-4,9
2024-04-25,Panthers,Lightning,5,3,away,5-3,8
2024-04-25,Hurricanes,Islanders,3,2,away,3-2,5
2024-04-26,Rangers,Capitals,3,1,away,3-1,4
2024-04-26,Canucks,Predators,2,1,away,2-1,3
2024-04-27,Jets,Avalanche,2,6,home,2-6,8
2024-04-27,Oilers,Kings,6,1,away,6-1,7
2024-04-21,Lightning,Panthers,2,3,home,2-3,5
2024-04-21,Capitals,Rangers,1,4,home,1-4,5
2024-04-21,Avalanche,Jets,6,7,home,6-7,13
2024-04-22,Predators,Canucks,2,4,home,2-4,6
2024-04-22,Maple Leafs,Bruins,3,2,away,3-2,5
2024-04-22,Islanders,Hurricanes,3,5,home,3-5,8
2024-04-23,Golden Knights,Stars,4,3,away,4-3,7
2024-04-23,Kings,Oilers,4,7,home,4-7,11
2024-04-23,Capitals,Rangers,3,4,home,3-4,7
2024-04-23,Lightning,Panthers,2,3,home,2-3,5
2024-04-24,Avalanche,Jets,5,2,away,5-2,7
2024-04-24,Predators,Canucks,4,1,away,4-1,5
2024-04-24,Bruins,Maple Leafs,4,2,away,4-2,6
2024-04-25,Golden Knights,Stars,3,1,away,3-1,4
2024-04-25,Kings,Oilers,5,4,away,5-4,9
2024-04-25,Panthers,Lightning,5,3,away,5-3,8
2024-04-25,Hurricanes,Islanders,3,2,away,3-2,5
2024-04-26,Rangers,Capitals,3,1,away,3-1,4
2024-04-26,Canucks,Predators,2,1,away,2-1,3
2024-04-27,Jets,Avalanche,2,6,home,2-6,8
2024-04-27,Oilers,Kings,6,1,away,6-1,7
2024-04-27,Hurricanes,Islanders,2,3,home,2-3,5
2024-04-27,Panthers,Lightning,3,6,home,3-6,9
2024-04-28,Bruins,Maple Leafs,3,1,away,3-1,4
2024-04-28,Stars,Golden Knights,3,2,away,3-2,5
2024-04-22,Maple Leafs,Bruins,3,2,away,3-2,5
2024-04-22,Islanders,Hurricanes,3,5,home,3-5,8
2024-04-23,Golden Knights,Stars,4,3,away,4-3,7
2024-04-23,Kings,Oilers,4,7,home,4-7,11
2024-04-23,Capitals,Rangers,3,4,home,3-4,7
2024-04-23,Lightning,Panthers,2,3,home,2-3,5
2024-04-24,Avalanche,Jets,5,2,away,5-2,7
2024-04-24,Predators,Canucks,4,1,away,4-1,5
2024-04-24,Bruins,Maple Leafs,4,2,away,4-2,6
2024-04-25,Golden Knights,Stars,3,1,away,3-1,4
2024-04-25,Kings,Oilers,5,4,away,5-4,9
2024-04-25,Panthers,Lightning,5,3,away,5-3,8
2024-04-25,Hurricanes,Islanders,3,2,away,3-2,5
2024-04-26,Rangers,Capitals,3,1,away,3-1,4
2024-04-26,Canucks,Predators,2,1,away,2-1,3
2024-04-27,Jets,Avalanche,2,6,home,2-6,8
2024-04-27,Oilers,Kings,6,1,away,6-1,7
2024-04-27,Hurricanes,Islanders,2,3,home,2-3,5
2024-04-27,Panthers,Lightning,3,6,home,3-6,9
2024-04-28,Bruins,Maple Leafs,3,1,away,3-1,4
2024-04-28,Stars,Golden Knights,3,2,away,3-2,5
2024-04-28,Jets,Avalanche,1,5,home,1-5,6
2024-04-28,Canucks,Predators,4,3,away,4-3,7
2024-04-29,Rangers,Capitals,4,2,away,4-2,6
2024-04-29,Oilers,Kings,1,0,away,1-0,1
2024-04-23,Capitals,Rangers,3,4,home,3-4,7
2024-04-23,Lightning,Panthers,2,3,home,2-3,5
2024-04-24,Avalanche,Jets,5,2,away,5-2,7
2024-04-24,Predators,Canucks,4,1,away,4-1,5
2024-04-24,Bruins,Maple Leafs,4,2,away,4-2,6
2024-04-25,Golden Knights,Stars,3,1,away,3-1,4
2024-04-25,Kings,Oilers,5,4,away,5-4,9
2024-04-25,Panthers,Lightning,5,3,away,5-3,8
2024-04-25,Hurricanes,Islanders,3,2,away,3-2,5
2024-04-26,Rangers,Capitals,3,1,away,3-1,4
2024-04-26,Canucks,Predators,2,1,away,2-1,3
2024-04-27,Jets,Avalanche,2,6,home,2-6,8
2024-04-27,Oilers,Kings,6,1,away,6-1,7
2024-04-27,Hurricanes,Islanders,2,3,home,2-3,5
2024-04-27,Panthers,Lightning,3,6,home,3-6,9
2024-04-28,Bruins,Maple Leafs,3,1,away,3-1,4
2024-04-28,Stars,Golden Knights,3,2,away,3-2,5
2024-04-28,Jets,Avalanche,1,5,home,1-5,6
2024-04-28,Canucks,Predators,4,3,away,4-3,7
2024-04-29,Rangers,Capitals,4,2,away,4-2,6
2024-04-29,Oilers,Kings,1,0,away,1-0,1
2024-04-29,Lightning,Panthers,1,6,home,1-6,7
2024-04-30,Stars,Golden Knights,4,2,away,4-2,6
2024-04-24,Bruins,Maple Leafs,4,2,away,4-2,6
2024-04-25,Golden Knights,Stars,3,1,away,3-1,4
2024-04-25,Kings,Oilers,5,4,away,5-4,9
2024-04-25,Panthers,Lightning,5,3,away,5-3,8
2024-04-25,Hurricanes,Islanders,3,2,away,3-2,5
2024-04-26,Rangers,Capitals,3,1,away,3-1,4
2024-04-26,Canucks,Predators,2,1,away,2-1,3
2024-04-27,Jets,Avalanche,2,6,home,2-6,8
2024-04-27,Oilers,Kings,6,1,away,6-1,7
2024-04-27,Hurricanes,Islanders,2,3,home,2-3,5
2024-04-27,Panthers,Lightning,3,6,home,3-6,9
2024-04-28,Bruins,Maple Leafs,3,1,away,3-1,4
2024-04-28,Stars,Golden Knights,3,2,away,3-2,5
2024-04-28,Jets,Avalanche,1,5,home,1-5,6
2024-04-28,Canucks,Predators,4,3,away,4-3,7
2024-04-29,Rangers,Capitals,4,2,away,4-2,6
2024-04-29,Oilers,Kings,1,0,away,1-0,1
2024-04-29,Lightning,Panthers,1,6,home,1-6,7
2024-04-30,Stars,Golden Knights,4,2,away,4-2,6
2024-04-30,Maple Leafs,Bruins,2,1,away,2-1,3
2024-04-30,Islanders,Hurricanes,3,6,home,3-6,9
2024-05-01,Avalanche,Jets,6,3,away,6-3,9
2024-05-01,Predators,Canucks,2,1,away,2-1,3
2024-04-25,Panthers,Lightning,5,3,away,5-3,8
2024-04-25,Hurricanes,Islanders,3,2,away,3-2,5
2024-04-26,Rangers,Capitals,3,1,away,3-1,4
2024-04-26,Canucks,Predators,2,1,away,2-1,3
2024-04-27,Jets,Avalanche,2,6,home,2-6,8
2024-04-27,Oilers,Kings,6,1,away,6-1,7
2024-04-27,Hurricanes,Islanders,2,3,home,2-3,5
2024-04-27,Panthers,Lightning,3,6,home,3-6,9
2024-04-28,Bruins,Maple Leafs,3,1,away,3-1,4
2024-04-28,Stars,Golden Knights,3,2,away,3-2,5
2024-04-28,Jets,Avalanche,1,5,home,1-5,6
2024-04-28,Canucks,Predators,4,3,away,4-3,7
2024-04-29,Rangers,Capitals,4,2,away,4-2,6
2024-04-29,Oilers,Kings,1,0,away,1-0,1
2024-04-29,Lightning,Panthers,1,6,home,1-6,7
2024-04-30,Stars,Golden Knights,4,2,away,4-2,6
2024-04-30,Maple Leafs,Bruins,2,1,away,2-1,3
2024-04-30,Islanders,Hurricanes,3,6,home,3-6,9
2024-05-01,Avalanche,Jets,6,3,away,6-3,9
2024-05-01,Predators,Canucks,2,1,away,2-1,3
2024-05-01,Golden Knights,Stars,2,3,home,2-3,5
2024-05-02,Kings,Oilers,3,4,home,3-4,7
2024-04-26,Rangers,Capitals,3,1,away,3-1,4
2024-04-26,Canucks,Predators,2,1,away,2-1,3
2024-04-27,Jets,Avalanche,2,6,home,2-6,8
2024-04-27,Oilers,Kings,6,1,away,6-1,7
2024-04-27,Hurricanes,Islanders,2,3,home,2-3,5
2024-04-27,Panthers,Lightning,3,6,home,3-6,9
2024-04-28,Bruins,Maple Leafs,3,1,away,3-1,4
2024-04-28,Stars,Golden Knights,3,2,away,3-2,5
2024-04-28,Jets,Avalanche,1,5,home,1-5,6
2024-04-28,Canucks,Predators,4,3,away,4-3,7
2024-04-29,Rangers,Capitals,4,2,away,4-2,6
2024-04-29,Oilers,Kings,1,0,away,1-0,1
2024-04-29,Lightning,Panthers,1,6,home,1-6,7
2024-04-30,Stars,Golden Knights,4,2,away,4-2,6
2024-04-30,Maple Leafs,Bruins,2,1,away,2-1,3
2024-04-30,Islanders,Hurricanes,3,6,home,3-6,9
2024-05-01,Avalanche,Jets,6,3,away,6-3,9
2024-05-01,Predators,Canucks,2,1,away,2-1,3
2024-05-01,Golden Knights,Stars,2,3,home,2-3,5
2024-05-02,Kings,Oilers,3,4,home,3-4,7
2024-05-03,Bruins,Maple Leafs,1,2,home,1-2,3
2024-04-27,Hurricanes,Islanders,2,3,home,2-3,5
2024-04-27,Panthers,Lightning,3,6,home,3-6,9
2024-04-28,Bruins,Maple Leafs,3,1,away,3-1,4
2024-04-28,Stars,Golden Knights,3,2,away,3-2,5
2024-04-28,Jets,Avalanche,1,5,home,1-5,6
2024-04-28,Canucks,Predators,4,3,away,4-3,7
2024-04-29,Rangers,Capitals,4,2,away,4-2,6
2024-04-29,Oilers,Kings,1,0,away,1-0,1
2024-04-29,Lightning,Panthers,1,6,home,1-6,7
2024-04-30,Stars,Golden Knights,4,2,away,4-2,6
2024-04-30,Maple Leafs,Bruins,2,1,away,2-1,3
2024-04-30,Islanders,Hurricanes,3,6,home,3-6,9
2024-05-01,Avalanche,Jets,6,3,away,6-3,9
2024-05-01,Predators,Canucks,2,1,away,2-1,3
2024-05-01,Golden Knights,Stars,2,3,home,2-3,5
2024-05-02,Kings,Oilers,3,4,home,3-4,7
2024-05-03,Bruins,Maple Leafs,1,2,home,1-2,3
2024-05-03,Canucks,Predators,1,0,away,1-0,1
2024-05-04,Stars,Golden Knights,0,2,home,0-2,2
2024-04-28,Jets,Avalanche,1,5,home,1-5,6
2024-04-28,Canucks,Predators,4,3,away,4-3,7
2024-04-29,Rangers,Capitals,4,2,away,4-2,6
2024-04-29,Oilers,Kings,1,0,away,1-0,1
2024-04-29,Lightning,Panthers,1,6,home,1-6,7
2024-04-30,Stars,Golden Knights,4,2,away,4-2,6
2024-04-30,Maple Leafs,Bruins,2,1,away,2-1,3
2024-04-30,Islanders,Hurricanes,3,6,home,3-6,9
2024-05-01,Avalanche,Jets,6,3,away,6-3,9
2024-05-01,Predators,Canucks,2,1,away,2-1,3
2024-05-01,Golden Knights,Stars,2,3,home,2-3,5
2024-05-02,Kings,Oilers,3,4,home,3-4,7
2024-05-03,Bruins,Maple Leafs,1,2,home,1-2,3
2024-05-03,Canucks,Predators,1,0,away,1-0,1
2024-05-04,Stars,Golden Knights,0,2,home,0-2,2
2024-05-05,Maple Leafs,Bruins,1,2,home,1-2,3
2024-04-29,Lightning,Panthers,1,6,home,1-6,7
2024-04-30,Stars,Golden Knights,4,2,away,4-2,6
2024-04-30,Maple Leafs,Bruins,2,1,away,2-1,3
2024-04-30,Islanders,Hurricanes,3,6,home,3-6,9
2024-05-01,Avalanche,Jets,6,3,away,6-3,9
2024-05-01,Predators,Canucks,2,1,away,2-1,3
2024-05-01,Golden Knights,Stars,2,3,home,2-3,5
2024-05-02,Kings,Oilers,3,4,home,3-4,7
2024-05-03,Bruins,Maple Leafs,1,2,home,1-2,3
2024-05-03,Canucks,Predators,1,0,away,1-0,1
2024-05-04,Stars,Golden Knights,0,2,home,0-2,2
2024-05-05,Maple Leafs,Bruins,1,2,home,1-2,3
2024-05-05,Hurricanes,Rangers,3,4,home,3-4,7
2024-05-05,Golden Knights,Stars,1,2,home,1-2,3
2024-04-30,Maple Leafs,Bruins,2,1,away,2-1,3
2024-04-30,Islanders,Hurricanes,3,6,home,3-6,9
2024-05-01,Avalanche,Jets,6,3,away,6-3,9
2024-05-01,Predators,Canucks,2,1,away,2-1,3
2024-05-01,Golden Knights,Stars,2,3,home,2-3,5
2024-05-02,Kings,Oilers,3,4,home,3-4,7
2024-05-03,Bruins,Maple Leafs,1,2,home,1-2,3
2024-05-03,Canucks,Predators,1,0,away,1-0,1
2024-05-04,Stars,Golden Knights,0,2,home,0-2,2
2024-05-05,Maple Leafs,Bruins,1,2,home,1-2,3
2024-05-05,Hurricanes,Rangers,3,4,home,3-4,7
2024-05-05,Golden Knights,Stars,1,2,home,1-2,3
2024-05-07,Bruins,Panthers,5,1,away,5-1,6
2024-05-01,Golden Knights,Stars,2,3,home,2-3,5
2024-05-02,Kings,Oilers,3,4,home,3-4,7
2024-05-03,Bruins,Maple Leafs,1,2,home,1-2,3
2024-05-03,Canucks,Predators,1,0,away,1-0,1
2024-05-04,Stars,Golden Knights,0,2,home,0-2,2
2024-05-05,Maple Leafs,Bruins,1,2,home,1-2,3
2024-05-05,Hurricanes,Rangers,3,4,home,3-4,7
2024-05-05,Golden Knights,Stars,1,2,home,1-2,3
2024-05-07,Bruins,Panthers,5,1,away,5-1,6
2024-05-07,Hurricanes,Rangers,3,4,home,3-4,7
2024-05-08,Avalanche,Stars,4,3,away,4-3,7
2024-05-03,Bruins,Maple Leafs,1,2,home,1-2,3
2024-05-03,Canucks,Predators,1,0,away,1-0,1
2024-05-04,Stars,Golden Knights,0,2,home,0-2,2
2024-05-05,Maple Leafs,Bruins,1,2,home,1-2,3
2024-05-05,Hurricanes,Rangers,3,4,home,3-4,7
2024-05-05,Golden Knights,Stars,1,2,home,1-2,3
2024-05-07,Bruins,Panthers,5,1,away,5-1,6
2024-05-07,Hurricanes,Rangers,3,4,home,3-4,7
2024-05-08,Avalanche,Stars,4,3,away,4-3,7
2024-05-08,Bruins,Panthers,1,6,home,1-6,7
2024-05-09,Oilers,Canucks,4,5,home,4-5,9
2024-05-03,Canucks,Predators,1,0,away,1-0,1
2024-05-04,Stars,Golden Knights,0,2,home,0-2,2
2024-05-05,Maple Leafs,Bruins,1,2,home,1-2,3
2024-05-05,Hurricanes,Rangers,3,4,home,3-4,7
2024-05-05,Golden Knights,Stars,1,2,home,1-2,3
2024-05-07,Bruins,Panthers,5,1,away,5-1,6
2024-05-07,Hurricanes,Rangers,3,4,home,3-4,7
2024-05-08,Avalanche,Stars,4,3,away,4-3,7
2024-05-08,Bruins,Panthers,1,6,home,1-6,7
2024-05-09,Oilers,Canucks,4,5,home,4-5,9
2024-05-09,Rangers,Hurricanes,3,2,away,3-2,5
2024-05-10,Avalanche,Stars,3,5,home,3-5,8
2024-05-05,Maple Leafs,Bruins,1,2,home,1-2,3
2024-05-05,Hurricanes,Rangers,3,4,home,3-4,7
2024-05-05,Golden Knights,Stars,1,2,home,1-2,3
2024-05-07,Bruins,Panthers,5,1,away,5-1,6
2024-05-07,Hurricanes,Rangers,3,4,home,3-4,7
2024-05-08,Avalanche,Stars,4,3,away,4-3,7
2024-05-08,Bruins,Panthers,1,6,home,1-6,7
2024-05-09,Oilers,Canucks,4,5,home,4-5,9
2024-05-09,Rangers,Hurricanes,3,2,away,3-2,5
2024-05-10,Avalanche,Stars,3,5,home,3-5,8
2024-05-10,Panthers,Bruins,6,2,away,6-2,8
2024-05-11,Oilers,Canucks,4,3,away,4-3,7
2024-05-05,Hurricanes,Rangers,3,4,home,3-4,7
2024-05-05,Golden Knights,Stars,1,2,home,1-2,3
2024-05-07,Bruins,Panthers,5,1,away,5-1,6
2024-05-07,Hurricanes,Rangers,3,4,home,3-4,7
2024-05-08,Avalanche,Stars,4,3,away,4-3,7
2024-05-08,Bruins,Panthers,1,6,home,1-6,7
2024-05-09,Oilers,Canucks,4,5,home,4-5,9
2024-05-09,Rangers,Hurricanes,3,2,away,3-2,5
2024-05-10,Avalanche,Stars,3,5,home,3-5,8
2024-05-10,Panthers,Bruins,6,2,away,6-2,8
2024-05-11,Oilers,Canucks,4,3,away,4-3,7
2024-05-11,Rangers,Hurricanes,3,4,home,3-4,7
2024-05-12,Stars,Avalanche,4,1,away,4-1,5
2024-05-07,Bruins,Panthers,5,1,away,5-1,6
2024-05-07,Hurricanes,Rangers,3,4,home,3-4,7
2024-05-08,Avalanche,Stars,4,3,away,4-3,7
2024-05-08,Bruins,Panthers,1,6,home,1-6,7
2024-05-09,Oilers,Canucks,4,5,home,4-5,9
2024-05-09,Rangers,Hurricanes,3,2,away,3-2,5
2024-05-10,Avalanche,Stars,3,5,home,3-5,8
2024-05-10,Panthers,Bruins,6,2,away,6-2,8
2024-05-11,Oilers,Canucks,4,3,away,4-3,7
2024-05-11,Rangers,Hurricanes,3,4,home,3-4,7
2024-05-12,Stars,Avalanche,4,1,away,4-1,5
2024-05-12,Panthers,Bruins,3,2,away,3-2,5
2024-05-13,Canucks,Oilers,4,3,away,4-3,7
2024-05-07,Hurricanes,Rangers,3,4,home,3-4,7
2024-05-08,Avalanche,Stars,4,3,away,4-3,7
2024-05-08,Bruins,Panthers,1,6,home,1-6,7
2024-05-09,Oilers,Canucks,4,5,home,4-5,9
2024-05-09,Rangers,Hurricanes,3,2,away,3-2,5
2024-05-10,Avalanche,Stars,3,5,home,3-5,8
2024-05-10,Panthers,Bruins,6,2,away,6-2,8
2024-05-11,Oilers,Canucks,4,3,away,4-3,7
2024-05-11,Rangers,Hurricanes,3,4,home,3-4,7
2024-05-12,Stars,Avalanche,4,1,away,4-1,5
2024-05-12,Panthers,Bruins,3,2,away,3-2,5
2024-05-13,Canucks,Oilers,4,3,away,4-3,7
2024-05-13,Hurricanes,Rangers,4,1,away,4-1,5
2024-05-14,Stars,Avalanche,5,1,away,5-1,6
2024-05-08,Bruins,Panthers,1,6,home,1-6,7
2024-05-09,Oilers,Canucks,4,5,home,4-5,9
2024-05-09,Rangers,Hurricanes,3,2,away,3-2,5
2024-05-10,Avalanche,Stars,3,5,home,3-5,8
2024-05-10,Panthers,Bruins,6,2,away,6-2,8
2024-05-11,Oilers,Canucks,4,3,away,4-3,7
2024-05-11,Rangers,Hurricanes,3,4,home,3-4,7
2024-05-12,Stars,Avalanche,4,1,away,4-1,5
2024-05-12,Panthers,Bruins,3,2,away,3-2,5
2024-05-13,Canucks,Oilers,4,3,away,4-3,7
2024-05-13,Hurricanes,Rangers,4,1,away,4-1,5
2024-05-14,Stars,Avalanche,5,1,away,5-1,6
2024-05-14,Bruins,Panthers,2,1,away,2-1,3
2024-05-15,Canucks,Oilers,2,3,home,2-3,5
2024-05-09,Rangers,Hurricanes,3,2,away,3-2,5
2024-05-10,Avalanche,Stars,3,5,home,3-5,8
2024-05-10,Panthers,Bruins,6,2,away,6-2,8
2024-05-11,Oilers,Canucks,4,3,away,4-3,7
2024-05-11,Rangers,Hurricanes,3,4,home,3-4,7
2024-05-12,Stars,Avalanche,4,1,away,4-1,5
2024-05-12,Panthers,Bruins,3,2,away,3-2,5
2024-05-13,Canucks,Oilers,4,3,away,4-3,7
2024-05-13,Hurricanes,Rangers,4,1,away,4-1,5
2024-05-14,Stars,Avalanche,5,1,away,5-1,6
2024-05-14,Bruins,Panthers,2,1,away,2-1,3
2024-05-15,Canucks,Oilers,2,3,home,2-3,5
2024-05-16,Avalanche,Stars,5,3,away,5-3,8
2024-05-10,Panthers,Bruins,6,2,away,6-2,8
2024-05-11,Oilers,Canucks,4,3,away,4-3,7
2024-05-11,Rangers,Hurricanes,3,4,home,3-4,7
2024-05-12,Stars,Avalanche,4,1,away,4-1,5
2024-05-12,Panthers,Bruins,3,2,away,3-2,5
2024-05-13,Canucks,Oilers,4,3,away,4-3,7
2024-05-13,Hurricanes,Rangers,4,1,away,4-1,5
2024-05-14,Stars,Avalanche,5,1,away,5-1,6
2024-05-14,Bruins,Panthers,2,1,away,2-1,3
2024-05-15,Canucks,Oilers,2,3,home,2-3,5
2024-05-16,Avalanche,Stars,5,3,away,5-3,8
2024-05-16,Rangers,Hurricanes,5,3,away,5-3,8
2024-05-17,Oilers,Canucks,2,3,home,2-3,5
2024-05-11,Rangers,Hurricanes,3,4,home,3-4,7
2024-05-12,Stars,Avalanche,4,1,away,4-1,5
2024-05-12,Panthers,Bruins,3,2,away,3-2,5
2024-05-13,Canucks,Oilers,4,3,away,4-3,7
2024-05-13,Hurricanes,Rangers,4,1,away,4-1,5
2024-05-14,Stars,Avalanche,5,1,away,5-1,6
2024-05-14,Bruins,Panthers,2,1,away,2-1,3
2024-05-15,Canucks,Oilers,2,3,home,2-3,5
2024-05-16,Avalanche,Stars,5,3,away,5-3,8
2024-05-16,Rangers,Hurricanes,5,3,away,5-3,8
2024-05-17,Oilers,Canucks,2,3,home,2-3,5
2024-05-17,Panthers,Bruins,2,1,away,2-1,3
2024-05-18,Stars,Avalanche,2,1,away,2-1,3
2024-05-12,Panthers,Bruins,3,2,away,3-2,5
2024-05-13,Canucks,Oilers,4,3,away,4-3,7
2024-05-13,Hurricanes,Rangers,4,1,away,4-1,5
2024-05-14,Stars,Avalanche,5,1,away,5-1,6
2024-05-14,Bruins,Panthers,2,1,away,2-1,3
2024-05-15,Canucks,Oilers,2,3,home,2-3,5
2024-05-16,Avalanche,Stars,5,3,away,5-3,8
2024-05-16,Rangers,Hurricanes,5,3,away,5-3,8
2024-05-17,Oilers,Canucks,2,3,home,2-3,5
2024-05-17,Panthers,Bruins,2,1,away,2-1,3
2024-05-18,Stars,Avalanche,2,1,away,2-1,3
2024-05-19,Canucks,Oilers,1,5,home,1-5,6
2024-05-13,Hurricanes,Rangers,4,1,away,4-1,5
2024-05-14,Stars,Avalanche,5,1,away,5-1,6
2024-05-14,Bruins,Panthers,2,1,away,2-1,3
2024-05-15,Canucks,Oilers,2,3,home,2-3,5
2024-05-16,Avalanche,Stars,5,3,away,5-3,8
2024-05-16,Rangers,Hurricanes,5,3,away,5-3,8
2024-05-17,Oilers,Canucks,2,3,home,2-3,5
2024-05-17,Panthers,Bruins,2,1,away,2-1,3
2024-05-18,Stars,Avalanche,2,1,away,2-1,3
2024-05-19,Canucks,Oilers,1,5,home,1-5,6
2024-05-14,Bruins,Panthers,2,1,away,2-1,3
2024-05-15,Canucks,Oilers,2,3,home,2-3,5
2024-05-16,Avalanche,Stars,5,3,away,5-3,8
2024-05-16,Rangers,Hurricanes,5,3,away,5-3,8
2024-05-17,Oilers,Canucks,2,3,home,2-3,5
2024-05-17,Panthers,Bruins,2,1,away,2-1,3
2024-05-18,Stars,Avalanche,2,1,away,2-1,3
2024-05-19,Canucks,Oilers,1,5,home,1-5,6
2024-05-21,Oilers,Canucks,3,2,away,3-2,5
2024-05-16,Avalanche,Stars,5,3,away,5-3,8
2024-05-16,Rangers,Hurricanes,5,3,away,5-3,8
2024-05-17,Oilers,Canucks,2,3,home,2-3,5
2024-05-17,Panthers,Bruins,2,1,away,2-1,3
2024-05-18,Stars,Avalanche,2,1,away,2-1,3
2024-05-19,Canucks,Oilers,1,5,home,1-5,6
2024-05-21,Oilers,Canucks,3,2,away,3-2,5
2024-05-16,Rangers,Hurricanes,5,3,away,5-3,8
2024-05-17,Oilers,Canucks,2,3,home,2-3,5
2024-05-17,Panthers,Bruins,2,1,away,2-1,3
2024-05-18,Stars,Avalanche,2,1,away,2-1,3
2024-05-19,Canucks,Oilers,1,5,home,1-5,6
2024-05-21,Oilers,Canucks,3,2,away,3-2,5
2024-05-23,Panthers,Rangers,3,0,away,3-0,3
2024-05-17,Panthers,Bruins,2,1,away,2-1,3
2024-05-18,Stars,Avalanche,2,1,away,2-1,3
2024-05-19,Canucks,Oilers,1,5,home,1-5,6
2024-05-21,Oilers,Canucks,3,2,away,3-2,5
2024-05-23,Panthers,Rangers,3,0,away,3-0,3
2024-05-24,Oilers,Stars,3,2,away,3-2,5
2024-05-19,Canucks,Oilers,1,5,home,1-5,6
2024-05-21,Oilers,Canucks,3,2,away,3-2,5
2024-05-23,Panthers,Rangers,3,0,away,3-0,3
2024-05-24,Oilers,Stars,3,2,away,3-2,5
2024-05-25,Panthers,Rangers,1,2,home,1-2,3
2024-05-21,Oilers,Canucks,3,2,away,3-2,5
2024-05-23,Panthers,Rangers,3,0,away,3-0,3
2024-05-24,Oilers,Stars,3,2,away,3-2,5
2024-05-25,Panthers,Rangers,1,2,home,1-2,3
2024-05-26,Oilers,Stars,1,3,home,1-3,4
2024-05-21,Oilers,Canucks,3,2,away,3-2,5
2024-05-23,Panthers,Rangers,3,0,away,3-0,3
2024-05-24,Oilers,Stars,3,2,away,3-2,5
2024-05-25,Panthers,Rangers,1,2,home,1-2,3
2024-05-26,Oilers,Stars,1,3,home,1-3,4
2024-05-26,Rangers,Panthers,5,4,away,5-4,9
2024-05-23,Panthers,Rangers,3,0,away,3-0,3
2024-05-24,Oilers,Stars,3,2,away,3-2,5
2024-05-25,Panthers,Rangers,1,2,home,1-2,3
2024-05-26,Oilers,Stars,1,3,home,1-3,4
2024-05-26,Rangers,Panthers,5,4,away,5-4,9
2024-05-28,Stars,Oilers,5,3,away,5-3,8
2024-05-23,Panthers,Rangers,3,0,away,3-0,3
2024-05-24,Oilers,Stars,3,2,away,3-2,5
2024-05-25,Panthers,Rangers,1,2,home,1-2,3
2024-05-26,Oilers,Stars,1,3,home,1-3,4
2024-05-26,Rangers,Panthers,5,4,away,5-4,9
2024-05-28,Stars,Oilers,5,3,away,5-3,8
2024-05-29,Rangers,Panthers,2,3,home,2-3,5
2024-05-24,Oilers,Stars,3,2,away,3-2,5
2024-05-25,Panthers,Rangers,1,2,home,1-2,3
2024-05-26,Oilers,Stars,1,3,home,1-3,4
2024-05-26,Rangers,Panthers,5,4,away,5-4,9
2024-05-28,Stars,Oilers,5,3,away,5-3,8
2024-05-29,Rangers,Panthers,2,3,home,2-3,5
2024-05-30,Stars,Oilers,2,5,home,2-5,7
2024-05-25,Panthers,Rangers,1,2,home,1-2,3
2024-05-26,Oilers,Stars,1,3,home,1-3,4
2024-05-26,Rangers,Panthers,5,4,away,5-4,9
2024-05-28,Stars,Oilers,5,3,away,5-3,8
2024-05-29,Rangers,Panthers,2,3,home,2-3,5
2024-05-30,Stars,Oilers,2,5,home,2-5,7
2024-05-31,Panthers,Rangers,3,2,away,3-2,5
2024-05-26,Oilers,Stars,1,3,home,1-3,4
2024-05-26,Rangers,Panthers,5,4,away,5-4,9
2024-05-28,Stars,Oilers,5,3,away,5-3,8
2024-05-29,Rangers,Panthers,2,3,home,2-3,5
2024-05-30,Stars,Oilers,2,5,home,2-5,7
2024-05-31,Panthers,Rangers,3,2,away,3-2,5
2024-06-01,Oilers,Stars,3,1,away,3-1,4
2024-05-26,Rangers,Panthers,5,4,away,5-4,9
2024-05-28,Stars,Oilers,5,3,away,5-3,8
2024-05-29,Rangers,Panthers,2,3,home,2-3,5
2024-05-30,Stars,Oilers,2,5,home,2-5,7
2024-05-31,Panthers,Rangers,3,2,away,3-2,5
2024-06-01,Oilers,Stars,3,1,away,3-1,4
2024-06-02,Rangers,Panthers,1,2,home,1-2,3
2024-05-28,Stars,Oilers,5,3,away,5-3,8
2024-05-29,Rangers,Panthers,2,3,home,2-3,5
2024-05-30,Stars,Oilers,2,5,home,2-5,7
2024-05-31,Panthers,Rangers,3,2,away,3-2,5
2024-06-01,Oilers,Stars,3,1,away,3-1,4
2024-06-02,Rangers,Panthers,1,2,home,1-2,3
2024-06-03,Stars,Oilers,1,2,home,1-2,3
2024-05-29,Rangers,Panthers,2,3,home,2-3,5
2024-05-30,Stars,Oilers,2,5,home,2-5,7
2024-05-31,Panthers,Rangers,3,2,away,3-2,5
2024-06-01,Oilers,Stars,3,1,away,3-1,4
2024-06-02,Rangers,Panthers,1,2,home,1-2,3
2024-06-03,Stars,Oilers,1,2,home,1-2,3
2024-05-30,Stars,Oilers,2,5,home,2-5,7
2024-05-31,Panthers,Rangers,3,2,away,3-2,5
2024-06-01,Oilers,Stars,3,1,away,3-1,4
2024-06-02,Rangers,Panthers,1,2,home,1-2,3
2024-06-03,Stars,Oilers,1,2,home,1-2,3
2024-05-31,Panthers,Rangers,3,2,away,3-2,5
2024-06-01,Oilers,Stars,3,1,away,3-1,4
2024-06-02,Rangers,Panthers,1,2,home,1-2,3
2024-06-03,Stars,Oilers,1,2,home,1-2,3
2024-06-01,Oilers,Stars,3,1,away,3-1,4
2024-06-02,Rangers,Panthers,1,2,home,1-2,3
2024-06-03,Stars,Oilers,1,2,home,1-2,3
2024-06-02,Rangers,Panthers,1,2,home,1-2,3
2024-06-03,Stars,Oilers,1,2,home,1-2,3
2024-06-03,Stars,Oilers,1,2,home,1-2,3
2024-06-09,Oilers,Panthers,0,3,home,0-3,3
2024-06-09,Oilers,Panthers,0,3,home,0-3,3
2024-06-09,Oilers,Panthers,0,3,home,0-3,3
2024-06-11,Oilers,Panthers,1,4,home,1-4,5
2024-06-09,Oilers,Panthers,0,3,home,0-3,3
2024-06-11,Oilers,Panthers,1,4,home,1-4,5
2024-06-09,Oilers,Panthers,0,3,home,0-3,3
2024-06-11,Oilers,Panthers,1,4,home,1-4,5
2024-06-09,Oilers,Panthers,0,3,home,0-3,3
2024-06-11,Oilers,Panthers,1,4,home,1-4,5
2024-06-14,Panthers,Oilers,4,3,away,4-3,7
2024-06-09,Oilers,Panthers,0,3,home,0-3,3
2024-06-11,Oilers,Panthers,1,4,home,1-4,5
2024-06-14,Panthers,Oilers,4,3,away,4-3,7
2024-06-11,Oilers,Panthers,1,4,home,1-4,5
2024-06-14,Panthers,Oilers,4,3,away,4-3,7
2024-06-16,Panthers,Oilers,1,8,home,1-8,9
2024-06-11,Oilers,Panthers,1,4,home,1-4,5
2024-06-14,Panthers,Oilers,4,3,away,4-3,7
2024-06-16,Panthers,Oilers,1,8,home,1-8,9
2024-06-14,Panthers,Oilers,4,3,away,4-3,7
2024-06-16,Panthers,Oilers,1,8,home,1-8,9
2024-06-14,Panthers,Oilers,4,3,away,4-3,7
2024-06-16,Panthers,Oilers,1,8,home,1-8,9
2024-06-19,Oilers,Panthers,5,3,away,5-3,8
2024-06-14,Panthers,Oilers,4,3,away,4-3,7
2024-06-16,Panthers,Oilers,1,8,home,1-8,9
2024-06-19,Oilers,Panthers,5,3,away,5-3,8
2024-06-16,Panthers,Oilers,1,8,home,1-8,9
2024-06-19,Oilers,Panthers,5,3,away,5-3,8
2024-06-16,Panthers,Oilers,1,8,home,1-8,9
2024-06-19,Oilers,Panthers,5,3,away,5-3,8
2024-06-22,Panthers,Oilers,1,5,home,1-5,6
2024-06-19,Oilers,Panthers,5,3,away,5-3,8
2024-06-22,Panthers,Oilers,1,5,home,1-5,6
2024-06-19,Oilers,Panthers,5,3,away,5-3,8
2024-06-22,Panthers,Oilers,1,5,home,1-5,6
2024-06-19,Oilers,Panthers,5,3,away,5-3,8
2024-06-22,Panthers,Oilers,1,5,home,1-5,6
2024-06-25,Oilers,Panthers,1,2,home,1-2,3
2024-06-22,Panthers,Oilers,1,5,home,1-5,6
2024-06-25,Oilers,Panthers,1,2,home,1-2,3
2024-06-22,Panthers,Oilers,1,5,home,1-5,6
2024-06-25,Oilers,Panthers,1,2,home,1-2,3
2024-06-22,Panthers,Oilers,1,5,home,1-5,6
2024-06-25,Oilers,Panthers,1,2,home,1-2,3
2024-06-25,Oilers,Panthers,1,2,home,1-2,3
2024-06-25,Oilers,Panthers,1,2,home,1-2,3
2024-06-25,Oilers,Panthers,1,2,home,1-2,3
2024-10-04,Devils,Sabres,4,1,away,4-1,5
2024-10-04,Devils,Sabres,4,1,away,4-1,5
2024-10-05,Sabres,Devils,1,3,home,1-3,4
2024-10-04,Devils,Sabres,4,1,away,4-1,5
2024-10-05,Sabres,Devils,1,3,home,1-3,4
2024-10-04,Devils,Sabres,4,1,away,4-1,5
2024-10-05,Sabres,Devils,1,3,home,1-3,4
2024-10-04,Devils,Sabres,4,1,away,4-1,5
2024-10-05,Sabres,Devils,1,3,home,1-3,4
2024-10-08,Blues,Kraken,3,2,away,3-2,5
2024-10-08,Bruins,Panthers,4,6,home,4-6,10
2024-10-09,Blackhawks,Utah Hockey Club,2,5,home,2-5,7
2024-10-04,Devils,Sabres,4,1,away,4-1,5
2024-10-05,Sabres,Devils,1,3,home,1-3,4
2024-10-08,Blues,Kraken,3,2,away,3-2,5
2024-10-08,Bruins,Panthers,4,6,home,4-6,10
2024-10-09,Blackhawks,Utah Hockey Club,2,5,home,2-5,7
2024-10-09,Maple Leafs,Canadiens,0,1,home,0-1,1
2024-10-09,Rangers,Penguins,6,0,away,6-0,6
2024-10-10,Jets,Oilers,6,0,away,6-0,6
2024-10-10,Flames,Canucks,6,5,away,6-5,11
2024-10-10,Avalanche,Golden Knights,4,8,home,4-8,12
2024-10-04,Devils,Sabres,4,1,away,4-1,5
2024-10-05,Sabres,Devils,1,3,home,1-3,4
2024-10-08,Blues,Kraken,3,2,away,3-2,5
2024-10-08,Bruins,Panthers,4,6,home,4-6,10
2024-10-09,Blackhawks,Utah Hockey Club,2,5,home,2-5,7
2024-10-09,Maple Leafs,Canadiens,0,1,home,0-1,1
2024-10-09,Rangers,Penguins,6,0,away,6-0,6
2024-10-10,Jets,Oilers,6,0,away,6-0,6
2024-10-10,Flames,Canucks,6,5,away,6-5,11
2024-10-10,Avalanche,Golden Knights,4,8,home,4-8,12
2024-10-10,Canadiens,Bruins,4,6,home,4-6,10
2024-10-10,Kings,Sabres,3,1,away,3-1,4
2024-10-10,Panthers,Senators,1,3,home,1-3,4
2024-10-10,Maple Leafs,Devils,4,2,away,4-2,6
2024-10-10,Utah Hockey Club,Islanders,5,4,away,5-4,9
2024-10-11,Penguins,Red Wings,6,3,away,6-3,9
2024-10-11,Stars,Predators,4,3,away,4-3,7
2024-10-11,Blue Jackets,Wild,2,3,home,2-3,5
2024-10-11,Blues,Sharks,5,4,away,5-4,9
2024-10-05,Sabres,Devils,1,3,home,1-3,4
2024-10-08,Blues,Kraken,3,2,away,3-2,5
2024-10-08,Bruins,Panthers,4,6,home,4-6,10
2024-10-09,Blackhawks,Utah Hockey Club,2,5,home,2-5,7
2024-10-09,Maple Leafs,Canadiens,0,1,home,0-1,1
2024-10-09,Rangers,Penguins,6,0,away,6-0,6
2024-10-10,Jets,Oilers,6,0,away,6-0,6
2024-10-10,Flames,Canucks,6,5,away,6-5,11
2024-10-10,Avalanche,Golden Knights,4,8,home,4-8,12
2024-10-10,Canadiens,Bruins,4,6,home,4-6,10
2024-10-10,Kings,Sabres,3,1,away,3-1,4
2024-10-10,Panthers,Senators,1,3,home,1-3,4
2024-10-10,Maple Leafs,Devils,4,2,away,4-2,6
2024-10-10,Utah Hockey Club,Islanders,5,4,away,5-4,9
2024-10-11,Penguins,Red Wings,6,3,away,6-3,9
2024-10-11,Stars,Predators,4,3,away,4-3,7
2024-10-11,Blue Jackets,Wild,2,3,home,2-3,5
2024-10-11,Blues,Sharks,5,4,away,5-4,9
2024-10-11,Lightning,Hurricanes,4,1,away,4-1,5
2024-10-12,Blackhawks,Jets,1,2,home,1-2,3
2024-10-12,Flyers,Canucks,3,2,away,3-2,5
2024-10-12,Blues,Golden Knights,3,4,home,3-4,7
2024-10-08,Blues,Kraken,3,2,away,3-2,5
2024-10-08,Bruins,Panthers,4,6,home,4-6,10
2024-10-09,Blackhawks,Utah Hockey Club,2,5,home,2-5,7
2024-10-09,Maple Leafs,Canadiens,0,1,home,0-1,1
2024-10-09,Rangers,Penguins,6,0,away,6-0,6
2024-10-10,Jets,Oilers,6,0,away,6-0,6
2024-10-10,Flames,Canucks,6,5,away,6-5,11
2024-10-10,Avalanche,Golden Knights,4,8,home,4-8,12
2024-10-10,Canadiens,Bruins,4,6,home,4-6,10
2024-10-10,Kings,Sabres,3,1,away,3-1,4
2024-10-10,Panthers,Senators,1,3,home,1-3,4
2024-10-10,Maple Leafs,Devils,4,2,away,4-2,6
2024-10-10,Utah Hockey Club,Islanders,5,4,away,5-4,9
2024-10-11,Penguins,Red Wings,6,3,away,6-3,9
2024-10-11,Stars,Predators,4,3,away,4-3,7
2024-10-11,Blue Jackets,Wild,2,3,home,2-3,5
2024-10-11,Blues,Sharks,5,4,away,5-4,9
2024-10-11,Lightning,Hurricanes,4,1,away,4-1,5
2024-10-12,Blackhawks,Jets,1,2,home,1-2,3
2024-10-12,Flyers,Canucks,3,2,away,3-2,5
2024-10-12,Blues,Golden Knights,3,4,home,3-4,7
2024-10-12,Kings,Bruins,1,2,home,1-2,3
2024-10-12,Panthers,Sabres,2,5,home,2-5,7
2024-10-12,Penguins,Maple Leafs,2,4,home,2-4,6
2024-10-12,Senators,Canadiens,1,4,home,1-4,5
2024-10-12,Predators,Red Wings,0,3,home,0-3,3
2024-10-12,Utah Hockey Club,Rangers,6,5,away,6-5,11
2024-10-12,Devils,Capitals,5,3,away,5-3,8
2024-10-13,Islanders,Stars,0,3,home,0-3,3
2024-10-13,Kraken,Wild,5,4,away,5-4,9
2024-10-13,Blue Jackets,Avalanche,6,4,away,6-4,10
2024-10-13,Flyers,Flames,3,6,home,3-6,9
2024-10-13,Blackhawks,Oilers,5,2,away,5-2,7
2024-10-13,Ducks,Sharks,2,0,away,2-0,2
2024-10-08,Blues,Kraken,3,2,away,3-2,5
2024-10-08,Bruins,Panthers,4,6,home,4-6,10
2024-10-09,Blackhawks,Utah Hockey Club,2,5,home,2-5,7
2024-10-09,Maple Leafs,Canadiens,0,1,home,0-1,1
2024-10-09,Rangers,Penguins,6,0,away,6-0,6
2024-10-10,Jets,Oilers,6,0,away,6-0,6
2024-10-10,Flames,Canucks,6,5,away,6-5,11
2024-10-10,Avalanche,Golden Knights,4,8,home,4-8,12
2024-10-10,Canadiens,Bruins,4,6,home,4-6,10
2024-10-10,Kings,Sabres,3,1,away,3-1,4
2024-10-10,Panthers,Senators,1,3,home,1-3,4
2024-10-10,Maple Leafs,Devils,4,2,away,4-2,6
2024-10-10,Utah Hockey Club,Islanders,5,4,away,5-4,9
2024-10-11,Penguins,Red Wings,6,3,away,6-3,9
2024-10-11,Stars,Predators,4,3,away,4-3,7
2024-10-11,Blue Jackets,Wild,2,3,home,2-3,5
2024-10-11,Blues,Sharks,5,4,away,5-4,9
2024-10-11,Lightning,Hurricanes,4,1,away,4-1,5
2024-10-12,Blackhawks,Jets,1,2,home,1-2,3
2024-10-12,Flyers,Canucks,3,2,away,3-2,5
2024-10-12,Blues,Golden Knights,3,4,home,3-4,7
2024-10-12,Kings,Bruins,1,2,home,1-2,3
2024-10-12,Panthers,Sabres,2,5,home,2-5,7
2024-10-12,Penguins,Maple Leafs,2,4,home,2-4,6
2024-10-12,Senators,Canadiens,1,4,home,1-4,5
2024-10-12,Predators,Red Wings,0,3,home,0-3,3
2024-10-12,Utah Hockey Club,Rangers,6,5,away,6-5,11
2024-10-12,Devils,Capitals,5,3,away,5-3,8
2024-10-13,Islanders,Stars,0,3,home,0-3,3
2024-10-13,Kraken,Wild,5,4,away,5-4,9
2024-10-13,Blue Jackets,Avalanche,6,4,away,6-4,10
2024-10-13,Flyers,Flames,3,6,home,3-6,9
2024-10-13,Blackhawks,Oilers,5,2,away,5-2,7
2024-10-13,Ducks,Sharks,2,0,away,2-0,2
2024-10-13,Wild,Jets,1,2,home,1-2,3
2024-10-14,Kraken,Stars,0,2,home,0-2,2
2024-10-14,Flames,Oilers,4,1,away,4-1,5
2024-10-14,Ducks,Golden Knights,1,3,home,1-3,4
2024-10-08,Blues,Kraken,3,2,away,3-2,5
2024-10-08,Bruins,Panthers,4,6,home,4-6,10
2024-10-09,Blackhawks,Utah Hockey Club,2,5,home,2-5,7
2024-10-09,Maple Leafs,Canadiens,0,1,home,0-1,1
2024-10-09,Rangers,Penguins,6,0,away,6-0,6
2024-10-10,Jets,Oilers,6,0,away,6-0,6
2024-10-10,Flames,Canucks,6,5,away,6-5,11
2024-10-10,Avalanche,Golden Knights,4,8,home,4-8,12
2024-10-10,Canadiens,Bruins,4,6,home,4-6,10
2024-10-10,Kings,Sabres,3,1,away,3-1,4
2024-10-10,Panthers,Senators,1,3,home,1-3,4
2024-10-10,Maple Leafs,Devils,4,2,away,4-2,6
2024-10-10,Utah Hockey Club,Islanders,5,4,away,5-4,9
2024-10-11,Penguins,Red Wings,6,3,away,6-3,9
2024-10-11,Stars,Predators,4,3,away,4-3,7
2024-10-11,Blue Jackets,Wild,2,3,home,2-3,5
2024-10-11,Blues,Sharks,5,4,away,5-4,9
2024-10-11,Lightning,Hurricanes,4,1,away,4-1,5
2024-10-12,Blackhawks,Jets,1,2,home,1-2,3
2024-10-12,Flyers,Canucks,3,2,away,3-2,5
2024-10-12,Blues,Golden Knights,3,4,home,3-4,7
2024-10-12,Kings,Bruins,1,2,home,1-2,3
2024-10-12,Panthers,Sabres,2,5,home,2-5,7
2024-10-12,Penguins,Maple Leafs,2,4,home,2-4,6
2024-10-12,Senators,Canadiens,1,4,home,1-4,5
2024-10-12,Predators,Red Wings,0,3,home,0-3,3
2024-10-12,Utah Hockey Club,Rangers,6,5,away,6-5,11
2024-10-12,Devils,Capitals,5,3,away,5-3,8
2024-10-13,Islanders,Stars,0,3,home,0-3,3
2024-10-13,Kraken,Wild,5,4,away,5-4,9
2024-10-13,Blue Jackets,Avalanche,6,4,away,6-4,10
2024-10-13,Flyers,Flames,3,6,home,3-6,9
2024-10-13,Blackhawks,Oilers,5,2,away,5-2,7
2024-10-13,Ducks,Sharks,2,0,away,2-0,2
2024-10-13,Wild,Jets,1,2,home,1-2,3
2024-10-14,Kraken,Stars,0,2,home,0-2,2
2024-10-14,Flames,Oilers,4,1,away,4-1,5
2024-10-14,Ducks,Golden Knights,1,3,home,1-3,4
2024-10-14,Panthers,Bruins,4,3,away,4-3,7
2024-10-14,Kings,Senators,7,8,home,7-8,15
2024-10-14,Utah Hockey Club,Devils,0,3,home,0-3,3
2024-10-14,Red Wings,Rangers,1,4,home,1-4,5
2024-10-14,Penguins,Canadiens,6,3,away,6-3,9
2024-10-15,Islanders,Avalanche,6,2,away,6-2,8
2024-10-09,Maple Leafs,Canadiens,0,1,home,0-1,1
2024-10-09,Rangers,Penguins,6,0,away,6-0,6
2024-10-10,Jets,Oilers,6,0,away,6-0,6
2024-10-10,Flames,Canucks,6,5,away,6-5,11
2024-10-10,Avalanche,Golden Knights,4,8,home,4-8,12
2024-10-10,Canadiens,Bruins,4,6,home,4-6,10
2024-10-10,Kings,Sabres,3,1,away,3-1,4
2024-10-10,Panthers,Senators,1,3,home,1-3,4
2024-10-10,Maple Leafs,Devils,4,2,away,4-2,6
2024-10-10,Utah Hockey Club,Islanders,5,4,away,5-4,9
2024-10-11,Penguins,Red Wings,6,3,away,6-3,9
2024-10-11,Stars,Predators,4,3,away,4-3,7
2024-10-11,Blue Jackets,Wild,2,3,home,2-3,5
2024-10-11,Blues,Sharks,5,4,away,5-4,9
2024-10-11,Lightning,Hurricanes,4,1,away,4-1,5
2024-10-12,Blackhawks,Jets,1,2,home,1-2,3
2024-10-12,Flyers,Canucks,3,2,away,3-2,5
2024-10-12,Blues,Golden Knights,3,4,home,3-4,7
2024-10-12,Kings,Bruins,1,2,home,1-2,3
2024-10-12,Panthers,Sabres,2,5,home,2-5,7
2024-10-12,Penguins,Maple Leafs,2,4,home,2-4,6
2024-10-12,Senators,Canadiens,1,4,home,1-4,5
2024-10-12,Predators,Red Wings,0,3,home,0-3,3
2024-10-12,Utah Hockey Club,Rangers,6,5,away,6-5,11
2024-10-12,Devils,Capitals,5,3,away,5-3,8
2024-10-13,Islanders,Stars,0,3,home,0-3,3
2024-10-13,Kraken,Wild,5,4,away,5-4,9
2024-10-13,Blue Jackets,Avalanche,6,4,away,6-4,10
2024-10-13,Flyers,Flames,3,6,home,3-6,9
2024-10-13,Blackhawks,Oilers,5,2,away,5-2,7
2024-10-13,Ducks,Sharks,2,0,away,2-0,2
2024-10-13,Wild,Jets,1,2,home,1-2,3
2024-10-14,Kraken,Stars,0,2,home,0-2,2
2024-10-14,Flames,Oilers,4,1,away,4-1,5
2024-10-14,Ducks,Golden Knights,1,3,home,1-3,4
2024-10-14,Panthers,Bruins,4,3,away,4-3,7
2024-10-14,Kings,Senators,7,8,home,7-8,15
2024-10-14,Utah Hockey Club,Devils,0,3,home,0-3,3
2024-10-14,Red Wings,Rangers,1,4,home,1-4,5
2024-10-14,Penguins,Canadiens,6,3,away,6-3,9
2024-10-15,Islanders,Avalanche,6,2,away,6-2,8
2024-10-15,Canucks,Lightning,1,4,home,1-4,5
2024-10-15,Golden Knights,Capitals,2,4,home,2-4,6
2024-10-15,Devils,Hurricanes,2,4,home,2-4,6
2024-10-15,Panthers,Blue Jackets,4,3,away,4-3,7
2024-10-15,Wild,Blues,4,1,away,4-1,5
2024-10-16,Kraken,Predators,7,3,away,7-3,10
2024-10-16,Sharks,Stars,2,3,home,2-3,5
2024-10-16,Blackhawks,Flames,1,3,home,1-3,4
2024-10-16,Flyers,Oilers,3,4,home,3-4,7
2024-10-10,Canadiens,Bruins,4,6,home,4-6,10
2024-10-10,Kings,Sabres,3,1,away,3-1,4
2024-10-10,Panthers,Senators,1,3,home,1-3,4
2024-10-10,Maple Leafs,Devils,4,2,away,4-2,6
2024-10-10,Utah Hockey Club,Islanders,5,4,away,5-4,9
2024-10-11,Penguins,Red Wings,6,3,away,6-3,9
2024-10-11,Stars,Predators,4,3,away,4-3,7
2024-10-11,Blue Jackets,Wild,2,3,home,2-3,5
2024-10-11,Blues,Sharks,5,4,away,5-4,9
2024-10-11,Lightning,Hurricanes,4,1,away,4-1,5
2024-10-12,Blackhawks,Jets,1,2,home,1-2,3
2024-10-12,Flyers,Canucks,3,2,away,3-2,5
2024-10-12,Blues,Golden Knights,3,4,home,3-4,7
2024-10-12,Kings,Bruins,1,2,home,1-2,3
2024-10-12,Panthers,Sabres,2,5,home,2-5,7
2024-10-12,Penguins,Maple Leafs,2,4,home,2-4,6
2024-10-12,Senators,Canadiens,1,4,home,1-4,5
2024-10-12,Predators,Red Wings,0,3,home,0-3,3
2024-10-12,Utah Hockey Club,Rangers,6,5,away,6-5,11
2024-10-12,Devils,Capitals,5,3,away,5-3,8
2024-10-13,Islanders,Stars,0,3,home,0-3,3
2024-10-13,Kraken,Wild,5,4,away,5-4,9
2024-10-13,Blue Jackets,Avalanche,6,4,away,6-4,10
2024-10-13,Flyers,Flames,3,6,home,3-6,9
2024-10-13,Blackhawks,Oilers,5,2,away,5-2,7
2024-10-13,Ducks,Sharks,2,0,away,2-0,2
2024-10-13,Wild,Jets,1,2,home,1-2,3
2024-10-14,Kraken,Stars,0,2,home,0-2,2
2024-10-14,Flames,Oilers,4,1,away,4-1,5
2024-10-14,Ducks,Golden Knights,1,3,home,1-3,4
2024-10-14,Panthers,Bruins,4,3,away,4-3,7
2024-10-14,Kings,Senators,7,8,home,7-8,15
2024-10-14,Utah Hockey Club,Devils,0,3,home,0-3,3
2024-10-14,Red Wings,Rangers,1,4,home,1-4,5
2024-10-14,Penguins,Canadiens,6,3,away,6-3,9
2024-10-15,Islanders,Avalanche,6,2,away,6-2,8
2024-10-15,Canucks,Lightning,1,4,home,1-4,5
2024-10-15,Golden Knights,Capitals,2,4,home,2-4,6
2024-10-15,Devils,Hurricanes,2,4,home,2-4,6
2024-10-15,Panthers,Blue Jackets,4,3,away,4-3,7
2024-10-15,Wild,Blues,4,1,away,4-1,5
2024-10-16,Kraken,Predators,7,3,away,7-3,10
2024-10-16,Sharks,Stars,2,3,home,2-3,5
2024-10-16,Blackhawks,Flames,1,3,home,1-3,4
2024-10-16,Flyers,Oilers,3,4,home,3-4,7
2024-10-16,Sabres,Penguins,5,6,home,5-6,11
2024-10-16,Kings,Maple Leafs,2,6,home,2-6,8
2024-10-17,Bruins,Avalanche,5,3,away,5-3,8
2024-10-17,Utah Hockey Club,Ducks,4,5,home,4-5,9
2024-10-11,Lightning,Hurricanes,4,1,away,4-1,5
2024-10-12,Blackhawks,Jets,1,2,home,1-2,3
2024-10-12,Flyers,Canucks,3,2,away,3-2,5
2024-10-12,Blues,Golden Knights,3,4,home,3-4,7
2024-10-12,Kings,Bruins,1,2,home,1-2,3
2024-10-12,Panthers,Sabres,2,5,home,2-5,7
2024-10-12,Penguins,Maple Leafs,2,4,home,2-4,6
2024-10-12,Senators,Canadiens,1,4,home,1-4,5
2024-10-12,Predators,Red Wings,0,3,home,0-3,3
2024-10-12,Utah Hockey Club,Rangers,6,5,away,6-5,11
2024-10-12,Devils,Capitals,5,3,away,5-3,8
2024-10-13,Islanders,Stars,0,3,home,0-3,3
2024-10-13,Kraken,Wild,5,4,away,5-4,9
2024-10-13,Blue Jackets,Avalanche,6,4,away,6-4,10
2024-10-13,Flyers,Flames,3,6,home,3-6,9
2024-10-13,Blackhawks,Oilers,5,2,away,5-2,7
2024-10-13,Ducks,Sharks,2,0,away,2-0,2
2024-10-13,Wild,Jets,1,2,home,1-2,3
2024-10-14,Kraken,Stars,0,2,home,0-2,2
2024-10-14,Flames,Oilers,4,1,away,4-1,5
2024-10-14,Ducks,Golden Knights,1,3,home,1-3,4
2024-10-14,Panthers,Bruins,4,3,away,4-3,7
2024-10-14,Kings,Senators,7,8,home,7-8,15
2024-10-14,Utah Hockey Club,Devils,0,3,home,0-3,3
2024-10-14,Red Wings,Rangers,1,4,home,1-4,5
2024-10-14,Penguins,Canadiens,6,3,away,6-3,9
2024-10-15,Islanders,Avalanche,6,2,away,6-2,8
2024-10-15,Canucks,Lightning,1,4,home,1-4,5
2024-10-15,Golden Knights,Capitals,2,4,home,2-4,6
2024-10-15,Devils,Hurricanes,2,4,home,2-4,6
2024-10-15,Panthers,Blue Jackets,4,3,away,4-3,7
2024-10-15,Wild,Blues,4,1,away,4-1,5
2024-10-16,Kraken,Predators,7,3,away,7-3,10
2024-10-16,Sharks,Stars,2,3,home,2-3,5
2024-10-16,Blackhawks,Flames,1,3,home,1-3,4
2024-10-16,Flyers,Oilers,3,4,home,3-4,7
2024-10-16,Sabres,Penguins,5,6,home,5-6,11
2024-10-16,Kings,Maple Leafs,2,6,home,2-6,8
2024-10-17,Bruins,Avalanche,5,3,away,5-3,8
2024-10-17,Utah Hockey Club,Ducks,4,5,home,4-5,9
2024-10-17,Kings,Canadiens,4,1,away,4-1,5
2024-10-17,Devils,Senators,3,1,away,3-1,4
2024-10-17,Golden Knights,Lightning,3,4,home,3-4,7
2024-10-17,Canucks,Panthers,3,2,away,3-2,5
2024-10-17,Stars,Capitals,2,3,home,2-3,5
2024-10-17,Sabres,Blue Jackets,4,6,home,4-6,10
2024-10-17,Rangers,Red Wings,5,2,away,5-2,7
2024-10-18,Islanders,Blues,0,1,home,0-1,1
2024-10-18,Oilers,Predators,4,2,away,4-2,6
2024-10-18,Sharks,Blackhawks,2,4,home,2-4,6
2024-10-18,Flyers,Kraken,4,6,home,4-6,10
2024-10-12,Kings,Bruins,1,2,home,1-2,3
2024-10-12,Panthers,Sabres,2,5,home,2-5,7
2024-10-12,Penguins,Maple Leafs,2,4,home,2-4,6
2024-10-12,Senators,Canadiens,1,4,home,1-4,5
2024-10-12,Predators,Red Wings,0,3,home,0-3,3
2024-10-12,Utah Hockey Club,Rangers,6,5,away,6-5,11
2024-10-12,Devils,Capitals,5,3,away,5-3,8
2024-10-13,Islanders,Stars,0,3,home,0-3,3
2024-10-13,Kraken,Wild,5,4,away,5-4,9
2024-10-13,Blue Jackets,Avalanche,6,4,away,6-4,10
2024-10-13,Flyers,Flames,3,6,home,3-6,9
2024-10-13,Blackhawks,Oilers,5,2,away,5-2,7
2024-10-13,Ducks,Sharks,2,0,away,2-0,2
2024-10-13,Wild,Jets,1,2,home,1-2,3
2024-10-14,Kraken,Stars,0,2,home,0-2,2
2024-10-14,Flames,Oilers,4,1,away,4-1,5
2024-10-14,Ducks,Golden Knights,1,3,home,1-3,4
2024-10-14,Panthers,Bruins,4,3,away,4-3,7
2024-10-14,Kings,Senators,7,8,home,7-8,15
2024-10-14,Utah Hockey Club,Devils,0,3,home,0-3,3
2024-10-14,Red Wings,Rangers,1,4,home,1-4,5
2024-10-14,Penguins,Canadiens,6,3,away,6-3,9
2024-10-15,Islanders,Avalanche,6,2,away,6-2,8
2024-10-15,Canucks,Lightning,1,4,home,1-4,5
2024-10-15,Golden Knights,Capitals,2,4,home,2-4,6
2024-10-15,Devils,Hurricanes,2,4,home,2-4,6
2024-10-15,Panthers,Blue Jackets,4,3,away,4-3,7
2024-10-15,Wild,Blues,4,1,away,4-1,5
2024-10-16,Kraken,Predators,7,3,away,7-3,10
2024-10-16,Sharks,Stars,2,3,home,2-3,5
2024-10-16,Blackhawks,Flames,1,3,home,1-3,4
2024-10-16,Flyers,Oilers,3,4,home,3-4,7
2024-10-16,Sabres,Penguins,5,6,home,5-6,11
2024-10-16,Kings,Maple Leafs,2,6,home,2-6,8
2024-10-17,Bruins,Avalanche,5,3,away,5-3,8
2024-10-17,Utah Hockey Club,Ducks,4,5,home,4-5,9
2024-10-17,Kings,Canadiens,4,1,away,4-1,5
2024-10-17,Devils,Senators,3,1,away,3-1,4
2024-10-17,Golden Knights,Lightning,3,4,home,3-4,7
2024-10-17,Canucks,Panthers,3,2,away,3-2,5
2024-10-17,Stars,Capitals,2,3,home,2-3,5
2024-10-17,Sabres,Blue Jackets,4,6,home,4-6,10
2024-10-17,Rangers,Red Wings,5,2,away,5-2,7
2024-10-18,Islanders,Blues,0,1,home,0-1,1
2024-10-18,Oilers,Predators,4,2,away,4-2,6
2024-10-18,Sharks,Blackhawks,2,4,home,2-4,6
2024-10-18,Flyers,Kraken,4,6,home,4-6,10
2024-10-18,Hurricanes,Penguins,4,1,away,4-1,5
2024-10-19,Sharks,Jets,3,8,home,3-8,11
2024-10-19,Ducks,Avalanche,3,4,home,3-4,7
2024-10-13,Wild,Jets,1,2,home,1-2,3
2024-10-14,Kraken,Stars,0,2,home,0-2,2
2024-10-14,Flames,Oilers,4,1,away,4-1,5
2024-10-14,Ducks,Golden Knights,1,3,home,1-3,4
2024-10-14,Panthers,Bruins,4,3,away,4-3,7
2024-10-14,Kings,Senators,7,8,home,7-8,15
2024-10-14,Utah Hockey Club,Devils,0,3,home,0-3,3
2024-10-14,Red Wings,Rangers,1,4,home,1-4,5
2024-10-14,Penguins,Canadiens,6,3,away,6-3,9
2024-10-15,Islanders,Avalanche,6,2,away,6-2,8
2024-10-15,Canucks,Lightning,1,4,home,1-4,5
2024-10-15,Golden Knights,Capitals,2,4,home,2-4,6
2024-10-15,Devils,Hurricanes,2,4,home,2-4,6
2024-10-15,Panthers,Blue Jackets,4,3,away,4-3,7
2024-10-15,Wild,Blues,4,1,away,4-1,5
2024-10-16,Kraken,Predators,7,3,away,7-3,10
2024-10-16,Sharks,Stars,2,3,home,2-3,5
2024-10-16,Blackhawks,Flames,1,3,home,1-3,4
2024-10-16,Flyers,Oilers,3,4,home,3-4,7
2024-10-16,Sabres,Penguins,5,6,home,5-6,11
2024-10-16,Kings,Maple Leafs,2,6,home,2-6,8
2024-10-17,Bruins,Avalanche,5,3,away,5-3,8
2024-10-17,Utah Hockey Club,Ducks,4,5,home,4-5,9
2024-10-17,Kings,Canadiens,4,1,away,4-1,5
2024-10-17,Devils,Senators,3,1,away,3-1,4
2024-10-17,Golden Knights,Lightning,3,4,home,3-4,7
2024-10-17,Canucks,Panthers,3,2,away,3-2,5
2024-10-17,Stars,Capitals,2,3,home,2-3,5
2024-10-17,Sabres,Blue Jackets,4,6,home,4-6,10
2024-10-17,Rangers,Red Wings,5,2,away,5-2,7
2024-10-18,Islanders,Blues,0,1,home,0-1,1
2024-10-18,Oilers,Predators,4,2,away,4-2,6
2024-10-18,Sharks,Blackhawks,2,4,home,2-4,6
2024-10-18,Flyers,Kraken,4,6,home,4-6,10
2024-10-18,Hurricanes,Penguins,4,1,away,4-1,5
2024-10-19,Sharks,Jets,3,8,home,3-8,11
2024-10-19,Ducks,Avalanche,3,4,home,3-4,7
2024-10-19,Lightning,Senators,4,5,home,4-5,9
2024-10-19,Red Wings,Predators,5,2,away,5-2,7
2024-10-19,Oilers,Stars,1,4,home,1-4,5
2024-10-19,Golden Knights,Panthers,3,4,home,3-4,7
2024-10-19,Rangers,Maple Leafs,4,1,away,4-1,5
2024-10-19,Capitals,Devils,6,5,away,6-5,11
2024-10-19,Canadiens,Islanders,3,4,home,3-4,7
2024-10-19,Canucks,Flyers,3,0,away,3-0,3
2024-10-19,Wild,Blue Jackets,3,1,away,3-1,4
2024-10-19,Hurricanes,Blues,3,4,home,3-4,7
2024-10-20,Sabres,Blackhawks,4,2,away,4-2,6
2024-10-20,Bruins,Utah Hockey Club,1,2,home,1-2,3
2024-10-20,Flames,Kraken,1,2,home,1-2,3
2024-10-14,Panthers,Bruins,4,3,away,4-3,7
2024-10-14,Kings,Senators,7,8,home,7-8,15
2024-10-14,Utah Hockey Club,Devils,0,3,home,0-3,3
2024-10-14,Red Wings,Rangers,1,4,home,1-4,5
2024-10-14,Penguins,Canadiens,6,3,away,6-3,9
2024-10-15,Islanders,Avalanche,6,2,away,6-2,8
2024-10-15,Canucks,Lightning,1,4,home,1-4,5
2024-10-15,Golden Knights,Capitals,2,4,home,2-4,6
2024-10-15,Devils,Hurricanes,2,4,home,2-4,6
2024-10-15,Panthers,Blue Jackets,4,3,away,4-3,7
2024-10-15,Wild,Blues,4,1,away,4-1,5
2024-10-16,Kraken,Predators,7,3,away,7-3,10
2024-10-16,Sharks,Stars,2,3,home,2-3,5
2024-10-16,Blackhawks,Flames,1,3,home,1-3,4
2024-10-16,Flyers,Oilers,3,4,home,3-4,7
2024-10-16,Sabres,Penguins,5,6,home,5-6,11
2024-10-16,Kings,Maple Leafs,2,6,home,2-6,8
2024-10-17,Bruins,Avalanche,5,3,away,5-3,8
2024-10-17,Utah Hockey Club,Ducks,4,5,home,4-5,9
2024-10-17,Kings,Canadiens,4,1,away,4-1,5
2024-10-17,Devils,Senators,3,1,away,3-1,4
2024-10-17,Golden Knights,Lightning,3,4,home,3-4,7
2024-10-17,Canucks,Panthers,3,2,away,3-2,5
2024-10-17,Stars,Capitals,2,3,home,2-3,5
2024-10-17,Sabres,Blue Jackets,4,6,home,4-6,10
2024-10-17,Rangers,Red Wings,5,2,away,5-2,7
2024-10-18,Islanders,Blues,0,1,home,0-1,1
2024-10-18,Oilers,Predators,4,2,away,4-2,6
2024-10-18,Sharks,Blackhawks,2,4,home,2-4,6
2024-10-18,Flyers,Kraken,4,6,home,4-6,10
2024-10-18,Hurricanes,Penguins,4,1,away,4-1,5
2024-10-19,Sharks,Jets,3,8,home,3-8,11
2024-10-19,Ducks,Avalanche,3,4,home,3-4,7
2024-10-19,Lightning,Senators,4,5,home,4-5,9
2024-10-19,Red Wings,Predators,5,2,away,5-2,7
2024-10-19,Oilers,Stars,1,4,home,1-4,5
2024-10-19,Golden Knights,Panthers,3,4,home,3-4,7
2024-10-19,Rangers,Maple Leafs,4,1,away,4-1,5
2024-10-19,Capitals,Devils,6,5,away,6-5,11
2024-10-19,Canadiens,Islanders,3,4,home,3-4,7
2024-10-19,Canucks,Flyers,3,0,away,3-0,3
2024-10-19,Wild,Blue Jackets,3,1,away,3-1,4
2024-10-19,Hurricanes,Blues,3,4,home,3-4,7
2024-10-20,Sabres,Blackhawks,4,2,away,4-2,6
2024-10-20,Bruins,Utah Hockey Club,1,2,home,1-2,3
2024-10-20,Flames,Kraken,1,2,home,1-2,3
2024-10-20,Penguins,Jets,3,6,home,3-6,9
2024-10-21,Avalanche,Sharks,4,1,away,4-1,5
2024-10-21,Kings,Ducks,4,1,away,4-1,5
2024-10-15,Canucks,Lightning,1,4,home,1-4,5
2024-10-15,Golden Knights,Capitals,2,4,home,2-4,6
2024-10-15,Devils,Hurricanes,2,4,home,2-4,6
2024-10-15,Panthers,Blue Jackets,4,3,away,4-3,7
2024-10-15,Wild,Blues,4,1,away,4-1,5
2024-10-16,Kraken,Predators,7,3,away,7-3,10
2024-10-16,Sharks,Stars,2,3,home,2-3,5
2024-10-16,Blackhawks,Flames,1,3,home,1-3,4
2024-10-16,Flyers,Oilers,3,4,home,3-4,7
2024-10-16,Sabres,Penguins,5,6,home,5-6,11
2024-10-16,Kings,Maple Leafs,2,6,home,2-6,8
2024-10-17,Bruins,Avalanche,5,3,away,5-3,8
2024-10-17,Utah Hockey Club,Ducks,4,5,home,4-5,9
2024-10-17,Kings,Canadiens,4,1,away,4-1,5
2024-10-17,Devils,Senators,3,1,away,3-1,4
2024-10-17,Golden Knights,Lightning,3,4,home,3-4,7
2024-10-17,Canucks,Panthers,3,2,away,3-2,5
2024-10-17,Stars,Capitals,2,3,home,2-3,5
2024-10-17,Sabres,Blue Jackets,4,6,home,4-6,10
2024-10-17,Rangers,Red Wings,5,2,away,5-2,7
2024-10-18,Islanders,Blues,0,1,home,0-1,1
2024-10-18,Oilers,Predators,4,2,away,4-2,6
2024-10-18,Sharks,Blackhawks,2,4,home,2-4,6
2024-10-18,Flyers,Kraken,4,6,home,4-6,10
2024-10-18,Hurricanes,Penguins,4,1,away,4-1,5
2024-10-19,Sharks,Jets,3,8,home,3-8,11
2024-10-19,Ducks,Avalanche,3,4,home,3-4,7
2024-10-19,Lightning,Senators,4,5,home,4-5,9
2024-10-19,Red Wings,Predators,5,2,away,5-2,7
2024-10-19,Oilers,Stars,1,4,home,1-4,5
2024-10-19,Golden Knights,Panthers,3,4,home,3-4,7
2024-10-19,Rangers,Maple Leafs,4,1,away,4-1,5
2024-10-19,Capitals,Devils,6,5,away,6-5,11
2024-10-19,Canadiens,Islanders,3,4,home,3-4,7
2024-10-19,Canucks,Flyers,3,0,away,3-0,3
2024-10-19,Wild,Blue Jackets,3,1,away,3-1,4
2024-10-19,Hurricanes,Blues,3,4,home,3-4,7
2024-10-20,Sabres,Blackhawks,4,2,away,4-2,6
2024-10-20,Bruins,Utah Hockey Club,1,2,home,1-2,3
2024-10-20,Flames,Kraken,1,2,home,1-2,3
2024-10-20,Penguins,Jets,3,6,home,3-6,9
2024-10-21,Avalanche,Sharks,4,1,away,4-1,5
2024-10-21,Kings,Ducks,4,1,away,4-1,5
2024-10-21,Lightning,Maple Leafs,2,5,home,2-5,7
2024-10-16,Sabres,Penguins,5,6,home,5-6,11
2024-10-16,Kings,Maple Leafs,2,6,home,2-6,8
2024-10-17,Bruins,Avalanche,5,3,away,5-3,8
2024-10-17,Utah Hockey Club,Ducks,4,5,home,4-5,9
2024-10-17,Kings,Canadiens,4,1,away,4-1,5
2024-10-17,Devils,Senators,3,1,away,3-1,4
2024-10-17,Golden Knights,Lightning,3,4,home,3-4,7
2024-10-17,Canucks,Panthers,3,2,away,3-2,5
2024-10-17,Stars,Capitals,2,3,home,2-3,5
2024-10-17,Sabres,Blue Jackets,4,6,home,4-6,10
2024-10-17,Rangers,Red Wings,5,2,away,5-2,7
2024-10-18,Islanders,Blues,0,1,home,0-1,1
2024-10-18,Oilers,Predators,4,2,away,4-2,6
2024-10-18,Sharks,Blackhawks,2,4,home,2-4,6
2024-10-18,Flyers,Kraken,4,6,home,4-6,10
2024-10-18,Hurricanes,Penguins,4,1,away,4-1,5
2024-10-19,Sharks,Jets,3,8,home,3-8,11
2024-10-19,Ducks,Avalanche,3,4,home,3-4,7
2024-10-19,Lightning,Senators,4,5,home,4-5,9
2024-10-19,Red Wings,Predators,5,2,away,5-2,7
2024-10-19,Oilers,Stars,1,4,home,1-4,5
2024-10-19,Golden Knights,Panthers,3,4,home,3-4,7
2024-10-19,Rangers,Maple Leafs,4,1,away,4-1,5
2024-10-19,Capitals,Devils,6,5,away,6-5,11
2024-10-19,Canadiens,Islanders,3,4,home,3-4,7
2024-10-19,Canucks,Flyers,3,0,away,3-0,3
2024-10-19,Wild,Blue Jackets,3,1,away,3-1,4
2024-10-19,Hurricanes,Blues,3,4,home,3-4,7
2024-10-20,Sabres,Blackhawks,4,2,away,4-2,6
2024-10-20,Bruins,Utah Hockey Club,1,2,home,1-2,3
2024-10-20,Flames,Kraken,1,2,home,1-2,3
2024-10-20,Penguins,Jets,3,6,home,3-6,9
2024-10-21,Avalanche,Sharks,4,1,away,4-1,5
2024-10-21,Kings,Ducks,4,1,away,4-1,5
2024-10-21,Lightning,Maple Leafs,2,5,home,2-5,7
2024-10-22,Capitals,Flyers,4,1,away,4-1,5
2024-10-22,Wild,Panthers,5,1,away,5-1,6
2024-10-22,Lightning,Devils,8,5,away,8-5,13
2024-10-22,Stars,Sabres,2,4,home,2-4,6
2024-10-22,Rangers,Canadiens,7,2,away,7-2,9
2024-10-22,Maple Leafs,Blue Jackets,2,6,home,2-6,8
2024-10-22,Red Wings,Islanders,1,0,away,1-0,1
2024-10-23,Jets,Blues,3,2,away,3-2,5
2024-10-23,Canucks,Blackhawks,6,3,away,6-3,9
2024-10-23,Avalanche,Kraken,3,2,away,3-2,5
2024-10-23,Bruins,Predators,0,4,home,0-4,4
2024-10-23,Hurricanes,Oilers,3,2,away,3-2,5
2024-10-23,Senators,Utah Hockey Club,4,0,away,4-0,4
2024-10-23,Penguins,Flames,3,4,home,3-4,7
2024-10-23,Sharks,Ducks,1,3,home,1-3,4
2024-10-23,Kings,Golden Knights,1,6,home,1-6,7
2024-10-17,Kings,Canadiens,4,1,away,4-1,5
2024-10-17,Devils,Senators,3,1,away,3-1,4
2024-10-17,Golden Knights,Lightning,3,4,home,3-4,7
2024-10-17,Canucks,Panthers,3,2,away,3-2,5
2024-10-17,Stars,Capitals,2,3,home,2-3,5
2024-10-17,Sabres,Blue Jackets,4,6,home,4-6,10
2024-10-17,Rangers,Red Wings,5,2,away,5-2,7
2024-10-18,Islanders,Blues,0,1,home,0-1,1
2024-10-18,Oilers,Predators,4,2,away,4-2,6
2024-10-18,Sharks,Blackhawks,2,4,home,2-4,6
2024-10-18,Flyers,Kraken,4,6,home,4-6,10
2024-10-18,Hurricanes,Penguins,4,1,away,4-1,5
2024-10-19,Sharks,Jets,3,8,home,3-8,11
2024-10-19,Ducks,Avalanche,3,4,home,3-4,7
2024-10-19,Lightning,Senators,4,5,home,4-5,9
2024-10-19,Red Wings,Predators,5,2,away,5-2,7
2024-10-19,Oilers,Stars,1,4,home,1-4,5
2024-10-19,Golden Knights,Panthers,3,4,home,3-4,7
2024-10-19,Rangers,Maple Leafs,4,1,away,4-1,5
2024-10-19,Capitals,Devils,6,5,away,6-5,11
2024-10-19,Canadiens,Islanders,3,4,home,3-4,7
2024-10-19,Canucks,Flyers,3,0,away,3-0,3
2024-10-19,Wild,Blue Jackets,3,1,away,3-1,4
2024-10-19,Hurricanes,Blues,3,4,home,3-4,7
2024-10-20,Sabres,Blackhawks,4,2,away,4-2,6
2024-10-20,Bruins,Utah Hockey Club,1,2,home,1-2,3
2024-10-20,Flames,Kraken,1,2,home,1-2,3
2024-10-20,Penguins,Jets,3,6,home,3-6,9
2024-10-21,Avalanche,Sharks,4,1,away,4-1,5
2024-10-21,Kings,Ducks,4,1,away,4-1,5
2024-10-21,Lightning,Maple Leafs,2,5,home,2-5,7
2024-10-22,Capitals,Flyers,4,1,away,4-1,5
2024-10-22,Wild,Panthers,5,1,away,5-1,6
2024-10-22,Lightning,Devils,8,5,away,8-5,13
2024-10-22,Stars,Sabres,2,4,home,2-4,6
2024-10-22,Rangers,Canadiens,7,2,away,7-2,9
2024-10-22,Maple Leafs,Blue Jackets,2,6,home,2-6,8
2024-10-22,Red Wings,Islanders,1,0,away,1-0,1
2024-10-23,Jets,Blues,3,2,away,3-2,5
2024-10-23,Canucks,Blackhawks,6,3,away,6-3,9
2024-10-23,Avalanche,Kraken,3,2,away,3-2,5
2024-10-23,Bruins,Predators,0,4,home,0-4,4
2024-10-23,Hurricanes,Oilers,3,2,away,3-2,5
2024-10-23,Senators,Utah Hockey Club,4,0,away,4-0,4
2024-10-23,Penguins,Flames,3,4,home,3-4,7
2024-10-23,Sharks,Ducks,1,3,home,1-3,4
2024-10-23,Kings,Golden Knights,1,6,home,1-6,7
2024-10-23,Flyers,Capitals,3,6,home,3-6,9
2024-10-18,Hurricanes,Penguins,4,1,away,4-1,5
2024-10-19,Sharks,Jets,3,8,home,3-8,11
2024-10-19,Ducks,Avalanche,3,4,home,3-4,7
2024-10-19,Lightning,Senators,4,5,home,4-5,9
2024-10-19,Red Wings,Predators,5,2,away,5-2,7
2024-10-19,Oilers,Stars,1,4,home,1-4,5
2024-10-19,Golden Knights,Panthers,3,4,home,3-4,7
2024-10-19,Rangers,Maple Leafs,4,1,away,4-1,5
2024-10-19,Capitals,Devils,6,5,away,6-5,11
2024-10-19,Canadiens,Islanders,3,4,home,3-4,7
2024-10-19,Canucks,Flyers,3,0,away,3-0,3
2024-10-19,Wild,Blue Jackets,3,1,away,3-1,4
2024-10-19,Hurricanes,Blues,3,4,home,3-4,7
2024-10-20,Sabres,Blackhawks,4,2,away,4-2,6
2024-10-20,Bruins,Utah Hockey Club,1,2,home,1-2,3
2024-10-20,Flames,Kraken,1,2,home,1-2,3
2024-10-20,Penguins,Jets,3,6,home,3-6,9
2024-10-21,Avalanche,Sharks,4,1,away,4-1,5
2024-10-21,Kings,Ducks,4,1,away,4-1,5
2024-10-21,Lightning,Maple Leafs,2,5,home,2-5,7
2024-10-22,Capitals,Flyers,4,1,away,4-1,5
2024-10-22,Wild,Panthers,5,1,away,5-1,6
2024-10-22,Lightning,Devils,8,5,away,8-5,13
2024-10-22,Stars,Sabres,2,4,home,2-4,6
2024-10-22,Rangers,Canadiens,7,2,away,7-2,9
2024-10-22,Maple Leafs,Blue Jackets,2,6,home,2-6,8
2024-10-22,Red Wings,Islanders,1,0,away,1-0,1
2024-10-23,Jets,Blues,3,2,away,3-2,5
2024-10-23,Canucks,Blackhawks,6,3,away,6-3,9
2024-10-23,Avalanche,Kraken,3,2,away,3-2,5
2024-10-23,Bruins,Predators,0,4,home,0-4,4
2024-10-23,Hurricanes,Oilers,3,2,away,3-2,5
2024-10-23,Senators,Utah Hockey Club,4,0,away,4-0,4
2024-10-23,Penguins,Flames,3,4,home,3-4,7
2024-10-23,Sharks,Ducks,1,3,home,1-3,4
2024-10-23,Kings,Golden Knights,1,6,home,1-6,7
2024-10-23,Flyers,Capitals,3,6,home,3-6,9
2024-10-24,Stars,Bruins,5,2,away,5-2,7
2024-10-24,Blues,Maple Leafs,5,1,away,5-1,6
2024-10-24,Devils,Red Wings,3,5,home,3-5,8
2024-10-24,Wild,Lightning,4,2,away,4-2,6
2024-10-24,Panthers,Rangers,3,1,away,3-1,4
2024-10-25,Hurricanes,Flames,4,2,away,4-2,6
2024-10-25,Avalanche,Utah Hockey Club,5,1,away,5-1,6
2024-10-25,Jets,Kraken,4,3,away,4-3,7
2024-10-25,Sharks,Kings,2,3,home,2-3,5
2024-10-19,Lightning,Senators,4,5,home,4-5,9
2024-10-19,Red Wings,Predators,5,2,away,5-2,7
2024-10-19,Oilers,Stars,1,4,home,1-4,5
2024-10-19,Golden Knights,Panthers,3,4,home,3-4,7
2024-10-19,Rangers,Maple Leafs,4,1,away,4-1,5
2024-10-19,Capitals,Devils,6,5,away,6-5,11
2024-10-19,Canadiens,Islanders,3,4,home,3-4,7
2024-10-19,Canucks,Flyers,3,0,away,3-0,3
2024-10-19,Wild,Blue Jackets,3,1,away,3-1,4
2024-10-19,Hurricanes,Blues,3,4,home,3-4,7
2024-10-20,Sabres,Blackhawks,4,2,away,4-2,6
2024-10-20,Bruins,Utah Hockey Club,1,2,home,1-2,3
2024-10-20,Flames,Kraken,1,2,home,1-2,3
2024-10-20,Penguins,Jets,3,6,home,3-6,9
2024-10-21,Avalanche,Sharks,4,1,away,4-1,5
2024-10-21,Kings,Ducks,4,1,away,4-1,5
2024-10-21,Lightning,Maple Leafs,2,5,home,2-5,7
2024-10-22,Capitals,Flyers,4,1,away,4-1,5
2024-10-22,Wild,Panthers,5,1,away,5-1,6
2024-10-22,Lightning,Devils,8,5,away,8-5,13
2024-10-22,Stars,Sabres,2,4,home,2-4,6
2024-10-22,Rangers,Canadiens,7,2,away,7-2,9
2024-10-22,Maple Leafs,Blue Jackets,2,6,home,2-6,8
2024-10-22,Red Wings,Islanders,1,0,away,1-0,1
2024-10-23,Jets,Blues,3,2,away,3-2,5
2024-10-23,Canucks,Blackhawks,6,3,away,6-3,9
2024-10-23,Avalanche,Kraken,3,2,away,3-2,5
2024-10-23,Bruins,Predators,0,4,home,0-4,4
2024-10-23,Hurricanes,Oilers,3,2,away,3-2,5
2024-10-23,Senators,Utah Hockey Club,4,0,away,4-0,4
2024-10-23,Penguins,Flames,3,4,home,3-4,7
2024-10-23,Sharks,Ducks,1,3,home,1-3,4
2024-10-23,Kings,Golden Knights,1,6,home,1-6,7
2024-10-23,Flyers,Capitals,3,6,home,3-6,9
2024-10-24,Stars,Bruins,5,2,away,5-2,7
2024-10-24,Blues,Maple Leafs,5,1,away,5-1,6
2024-10-24,Devils,Red Wings,3,5,home,3-5,8
2024-10-24,Wild,Lightning,4,2,away,4-2,6
2024-10-24,Panthers,Rangers,3,1,away,3-1,4
2024-10-25,Hurricanes,Flames,4,2,away,4-2,6
2024-10-25,Avalanche,Utah Hockey Club,5,1,away,5-1,6
2024-10-25,Jets,Kraken,4,3,away,4-3,7
2024-10-25,Sharks,Kings,2,3,home,2-3,5
2024-10-25,Senators,Golden Knights,4,6,home,4-6,10
2024-10-25,Islanders,Devils,4,3,away,4-3,7
2024-10-26,Predators,Blackhawks,3,2,away,3-2,5
2024-10-26,Penguins,Oilers,0,4,home,0-4,4
2024-10-20,Penguins,Jets,3,6,home,3-6,9
2024-10-21,Avalanche,Sharks,4,1,away,4-1,5
2024-10-21,Kings,Ducks,4,1,away,4-1,5
2024-10-21,Lightning,Maple Leafs,2,5,home,2-5,7
2024-10-22,Capitals,Flyers,4,1,away,4-1,5
2024-10-22,Wild,Panthers,5,1,away,5-1,6
2024-10-22,Lightning,Devils,8,5,away,8-5,13
2024-10-22,Stars,Sabres,2,4,home,2-4,6
2024-10-22,Rangers,Canadiens,7,2,away,7-2,9
2024-10-22,Maple Leafs,Blue Jackets,2,6,home,2-6,8
2024-10-22,Red Wings,Islanders,1,0,away,1-0,1
2024-10-23,Jets,Blues,3,2,away,3-2,5
2024-10-23,Canucks,Blackhawks,6,3,away,6-3,9
2024-10-23,Avalanche,Kraken,3,2,away,3-2,5
2024-10-23,Bruins,Predators,0,4,home,0-4,4
2024-10-23,Hurricanes,Oilers,3,2,away,3-2,5
2024-10-23,Senators,Utah Hockey Club,4,0,away,4-0,4
2024-10-23,Penguins,Flames,3,4,home,3-4,7
2024-10-23,Sharks,Ducks,1,3,home,1-3,4
2024-10-23,Kings,Golden Knights,1,6,home,1-6,7
2024-10-23,Flyers,Capitals,3,6,home,3-6,9
2024-10-24,Stars,Bruins,5,2,away,5-2,7
2024-10-24,Blues,Maple Leafs,5,1,away,5-1,6
2024-10-24,Devils,Red Wings,3,5,home,3-5,8
2024-10-24,Wild,Lightning,4,2,away,4-2,6
2024-10-24,Panthers,Rangers,3,1,away,3-1,4
2024-10-25,Hurricanes,Flames,4,2,away,4-2,6
2024-10-25,Avalanche,Utah Hockey Club,5,1,away,5-1,6
2024-10-25,Jets,Kraken,4,3,away,4-3,7
2024-10-25,Sharks,Kings,2,3,home,2-3,5
2024-10-25,Senators,Golden Knights,4,6,home,4-6,10
2024-10-25,Islanders,Devils,4,3,away,4-3,7
2024-10-26,Predators,Blackhawks,3,2,away,3-2,5
2024-10-26,Penguins,Oilers,0,4,home,0-4,4
2024-10-26,Red Wings,Sabres,3,5,home,3-5,8
2024-10-26,Wild,Flyers,5,7,home,5-7,12
2024-10-26,Utah Hockey Club,Kings,2,3,home,2-3,5
2024-10-26,Maple Leafs,Bruins,3,4,home,3-4,7
2024-10-26,Blues,Canadiens,2,5,home,2-5,7
2024-10-26,Capitals,Lightning,0,3,home,0-3,3
2024-10-26,Ducks,Rangers,1,2,home,1-2,3
2024-10-26,Jets,Flames,5,3,away,5-3,8
2024-10-26,Panthers,Islanders,6,3,away,6-3,9
2024-10-27,Blue Jackets,Predators,3,4,home,3-4,7
2024-10-27,Blackhawks,Stars,2,4,home,2-4,6
2024-10-27,Penguins,Canucks,3,4,home,3-4,7
2024-10-27,Sharks,Golden Knights,3,7,home,3-7,10
2024-10-27,Hurricanes,Kraken,4,1,away,4-1,5
2024-10-21,Lightning,Maple Leafs,2,5,home,2-5,7
2024-10-22,Capitals,Flyers,4,1,away,4-1,5
2024-10-22,Wild,Panthers,5,1,away,5-1,6
2024-10-22,Lightning,Devils,8,5,away,8-5,13
2024-10-22,Stars,Sabres,2,4,home,2-4,6
2024-10-22,Rangers,Canadiens,7,2,away,7-2,9
2024-10-22,Maple Leafs,Blue Jackets,2,6,home,2-6,8
2024-10-22,Red Wings,Islanders,1,0,away,1-0,1
2024-10-23,Jets,Blues,3,2,away,3-2,5
2024-10-23,Canucks,Blackhawks,6,3,away,6-3,9
2024-10-23,Avalanche,Kraken,3,2,away,3-2,5
2024-10-23,Bruins,Predators,0,4,home,0-4,4
2024-10-23,Hurricanes,Oilers,3,2,away,3-2,5
2024-10-23,Senators,Utah Hockey Club,4,0,away,4-0,4
2024-10-23,Penguins,Flames,3,4,home,3-4,7
2024-10-23,Sharks,Ducks,1,3,home,1-3,4
2024-10-23,Kings,Golden Knights,1,6,home,1-6,7
2024-10-23,Flyers,Capitals,3,6,home,3-6,9
2024-10-24,Stars,Bruins,5,2,away,5-2,7
2024-10-24,Blues,Maple Leafs,5,1,away,5-1,6
2024-10-24,Devils,Red Wings,3,5,home,3-5,8
2024-10-24,Wild,Lightning,4,2,away,4-2,6
2024-10-24,Panthers,Rangers,3,1,away,3-1,4
2024-10-25,Hurricanes,Flames,4,2,away,4-2,6
2024-10-25,Avalanche,Utah Hockey Club,5,1,away,5-1,6
2024-10-25,Jets,Kraken,4,3,away,4-3,7
2024-10-25,Sharks,Kings,2,3,home,2-3,5
2024-10-25,Senators,Golden Knights,4,6,home,4-6,10
2024-10-25,Islanders,Devils,4,3,away,4-3,7
2024-10-26,Predators,Blackhawks,3,2,away,3-2,5
2024-10-26,Penguins,Oilers,0,4,home,0-4,4
2024-10-26,Red Wings,Sabres,3,5,home,3-5,8
2024-10-26,Wild,Flyers,5,7,home,5-7,12
2024-10-26,Utah Hockey Club,Kings,2,3,home,2-3,5
2024-10-26,Maple Leafs,Bruins,3,4,home,3-4,7
2024-10-26,Blues,Canadiens,2,5,home,2-5,7
2024-10-26,Capitals,Lightning,0,3,home,0-3,3
2024-10-26,Ducks,Rangers,1,2,home,1-2,3
2024-10-26,Jets,Flames,5,3,away,5-3,8
2024-10-26,Panthers,Islanders,6,3,away,6-3,9
2024-10-27,Blue Jackets,Predators,3,4,home,3-4,7
2024-10-27,Blackhawks,Stars,2,4,home,2-4,6
2024-10-27,Penguins,Canucks,3,4,home,3-4,7
2024-10-27,Sharks,Golden Knights,3,7,home,3-7,10
2024-10-27,Hurricanes,Kraken,4,1,away,4-1,5
2024-10-27,Oilers,Red Wings,3,2,away,3-2,5
2024-10-27,Ducks,Devils,2,6,home,2-6,8
2024-10-27,Canadiens,Flyers,4,3,away,4-3,7
2024-10-28,Senators,Avalanche,4,5,home,4-5,9
2024-10-22,Capitals,Flyers,4,1,away,4-1,5
2024-10-22,Wild,Panthers,5,1,away,5-1,6
2024-10-22,Lightning,Devils,8,5,away,8-5,13
2024-10-22,Stars,Sabres,2,4,home,2-4,6
2024-10-22,Rangers,Canadiens,7,2,away,7-2,9
2024-10-22,Maple Leafs,Blue Jackets,2,6,home,2-6,8
2024-10-22,Red Wings,Islanders,1,0,away,1-0,1
2024-10-23,Jets,Blues,3,2,away,3-2,5
2024-10-23,Canucks,Blackhawks,6,3,away,6-3,9
2024-10-23,Avalanche,Kraken,3,2,away,3-2,5
2024-10-23,Bruins,Predators,0,4,home,0-4,4
2024-10-23,Hurricanes,Oilers,3,2,away,3-2,5
2024-10-23,Senators,Utah Hockey Club,4,0,away,4-0,4
2024-10-23,Penguins,Flames,3,4,home,3-4,7
2024-10-23,Sharks,Ducks,1,3,home,1-3,4
2024-10-23,Kings,Golden Knights,1,6,home,1-6,7
2024-10-23,Flyers,Capitals,3,6,home,3-6,9
2024-10-24,Stars,Bruins,5,2,away,5-2,7
2024-10-24,Blues,Maple Leafs,5,1,away,5-1,6
2024-10-24,Devils,Red Wings,3,5,home,3-5,8
2024-10-24,Wild,Lightning,4,2,away,4-2,6
2024-10-24,Panthers,Rangers,3,1,away,3-1,4
2024-10-25,Hurricanes,Flames,4,2,away,4-2,6
2024-10-25,Avalanche,Utah Hockey Club,5,1,away,5-1,6
2024-10-25,Jets,Kraken,4,3,away,4-3,7
2024-10-25,Sharks,Kings,2,3,home,2-3,5
2024-10-25,Senators,Golden Knights,4,6,home,4-6,10
2024-10-25,Islanders,Devils,4,3,away,4-3,7
2024-10-26,Predators,Blackhawks,3,2,away,3-2,5
2024-10-26,Penguins,Oilers,0,4,home,0-4,4
2024-10-26,Red Wings,Sabres,3,5,home,3-5,8
2024-10-26,Wild,Flyers,5,7,home,5-7,12
2024-10-26,Utah Hockey Club,Kings,2,3,home,2-3,5
2024-10-26,Maple Leafs,Bruins,3,4,home,3-4,7
2024-10-26,Blues,Canadiens,2,5,home,2-5,7
2024-10-26,Capitals,Lightning,0,3,home,0-3,3
2024-10-26,Ducks,Rangers,1,2,home,1-2,3
2024-10-26,Jets,Flames,5,3,away,5-3,8
2024-10-26,Panthers,Islanders,6,3,away,6-3,9
2024-10-27,Blue Jackets,Predators,3,4,home,3-4,7
2024-10-27,Blackhawks,Stars,2,4,home,2-4,6
2024-10-27,Penguins,Canucks,3,4,home,3-4,7
2024-10-27,Sharks,Golden Knights,3,7,home,3-7,10
2024-10-27,Hurricanes,Kraken,4,1,away,4-1,5
2024-10-27,Oilers,Red Wings,3,2,away,3-2,5
2024-10-27,Ducks,Devils,2,6,home,2-6,8
2024-10-27,Canadiens,Flyers,4,3,away,4-3,7
2024-10-28,Senators,Avalanche,4,5,home,4-5,9
2024-10-28,Panthers,Sabres,5,2,away,5-2,7
2024-10-28,Oilers,Blue Jackets,1,6,home,1-6,7
2024-10-28,Predators,Lightning,2,3,home,2-3,5
2024-10-28,Maple Leafs,Jets,6,4,away,6-4,10
2024-10-29,Blackhawks,Avalanche,5,2,away,5-2,7
2024-10-29,Sharks,Utah Hockey Club,5,4,away,5-4,9
2024-10-29,Hurricanes,Canucks,4,3,away,4-3,7
2024-10-29,Flames,Golden Knights,0,5,home,0-5,5
2024-10-23,Flyers,Capitals,3,6,home,3-6,9
2024-10-24,Stars,Bruins,5,2,away,5-2,7
2024-10-24,Blues,Maple Leafs,5,1,away,5-1,6
2024-10-24,Devils,Red Wings,3,5,home,3-5,8
2024-10-24,Wild,Lightning,4,2,away,4-2,6
2024-10-24,Panthers,Rangers,3,1,away,3-1,4
2024-10-25,Hurricanes,Flames,4,2,away,4-2,6
2024-10-25,Avalanche,Utah Hockey Club,5,1,away,5-1,6
2024-10-25,Jets,Kraken,4,3,away,4-3,7
2024-10-25,Sharks,Kings,2,3,home,2-3,5
2024-10-25,Senators,Golden Knights,4,6,home,4-6,10
2024-10-25,Islanders,Devils,4,3,away,4-3,7
2024-10-26,Predators,Blackhawks,3,2,away,3-2,5
2024-10-26,Penguins,Oilers,0,4,home,0-4,4
2024-10-26,Red Wings,Sabres,3,5,home,3-5,8
2024-10-26,Wild,Flyers,5,7,home,5-7,12
2024-10-26,Utah Hockey Club,Kings,2,3,home,2-3,5
2024-10-26,Maple Leafs,Bruins,3,4,home,3-4,7
2024-10-26,Blues,Canadiens,2,5,home,2-5,7
2024-10-26,Capitals,Lightning,0,3,home,0-3,3
2024-10-26,Ducks,Rangers,1,2,home,1-2,3
2024-10-26,Jets,Flames,5,3,away,5-3,8
2024-10-26,Panthers,Islanders,6,3,away,6-3,9
2024-10-27,Blue Jackets,Predators,3,4,home,3-4,7
2024-10-27,Blackhawks,Stars,2,4,home,2-4,6
2024-10-27,Penguins,Canucks,3,4,home,3-4,7
2024-10-27,Sharks,Golden Knights,3,7,home,3-7,10
2024-10-27,Hurricanes,Kraken,4,1,away,4-1,5
2024-10-27,Oilers,Red Wings,3,2,away,3-2,5
2024-10-27,Ducks,Devils,2,6,home,2-6,8
2024-10-27,Canadiens,Flyers,4,3,away,4-3,7
2024-10-28,Senators,Avalanche,4,5,home,4-5,9
2024-10-28,Panthers,Sabres,5,2,away,5-2,7
2024-10-28,Oilers,Blue Jackets,1,6,home,1-6,7
2024-10-28,Predators,Lightning,2,3,home,2-3,5
2024-10-28,Maple Leafs,Jets,6,4,away,6-4,10
2024-10-29,Blackhawks,Avalanche,5,2,away,5-2,7
2024-10-29,Sharks,Utah Hockey Club,5,4,away,5-4,9
2024-10-29,Hurricanes,Canucks,4,3,away,4-3,7
2024-10-29,Flames,Golden Knights,0,5,home,0-5,5
2024-10-29,Flyers,Bruins,2,0,away,2-0,2
2024-10-29,Kraken,Canadiens,8,2,away,8-2,10
2024-10-29,Blues,Senators,1,8,home,1-8,9
2024-10-29,Ducks,Islanders,3,1,away,3-1,4
2024-10-29,Wild,Penguins,5,3,away,5-3,8
2024-10-29,Rangers,Capitals,3,5,home,3-5,8
2024-10-30,Kings,Sharks,2,4,home,2-4,6
2024-10-24,Stars,Bruins,5,2,away,5-2,7
2024-10-24,Blues,Maple Leafs,5,1,away,5-1,6
2024-10-24,Devils,Red Wings,3,5,home,3-5,8
2024-10-24,Wild,Lightning,4,2,away,4-2,6
2024-10-24,Panthers,Rangers,3,1,away,3-1,4
2024-10-25,Hurricanes,Flames,4,2,away,4-2,6
2024-10-25,Avalanche,Utah Hockey Club,5,1,away,5-1,6
2024-10-25,Jets,Kraken,4,3,away,4-3,7
2024-10-25,Sharks,Kings,2,3,home,2-3,5
2024-10-25,Senators,Golden Knights,4,6,home,4-6,10
2024-10-25,Islanders,Devils,4,3,away,4-3,7
2024-10-26,Predators,Blackhawks,3,2,away,3-2,5
2024-10-26,Penguins,Oilers,0,4,home,0-4,4
2024-10-26,Red Wings,Sabres,3,5,home,3-5,8
2024-10-26,Wild,Flyers,5,7,home,5-7,12
2024-10-26,Utah Hockey Club,Kings,2,3,home,2-3,5
2024-10-26,Maple Leafs,Bruins,3,4,home,3-4,7
2024-10-26,Blues,Canadiens,2,5,home,2-5,7
2024-10-26,Capitals,Lightning,0,3,home,0-3,3
2024-10-26,Ducks,Rangers,1,2,home,1-2,3
2024-10-26,Jets,Flames,5,3,away,5-3,8
2024-10-26,Panthers,Islanders,6,3,away,6-3,9
2024-10-27,Blue Jackets,Predators,3,4,home,3-4,7
2024-10-27,Blackhawks,Stars,2,4,home,2-4,6
2024-10-27,Penguins,Canucks,3,4,home,3-4,7
2024-10-27,Sharks,Golden Knights,3,7,home,3-7,10
2024-10-27,Hurricanes,Kraken,4,1,away,4-1,5
2024-10-27,Oilers,Red Wings,3,2,away,3-2,5
2024-10-27,Ducks,Devils,2,6,home,2-6,8
2024-10-27,Canadiens,Flyers,4,3,away,4-3,7
2024-10-28,Senators,Avalanche,4,5,home,4-5,9
2024-10-28,Panthers,Sabres,5,2,away,5-2,7
2024-10-28,Oilers,Blue Jackets,1,6,home,1-6,7
2024-10-28,Predators,Lightning,2,3,home,2-3,5
2024-10-28,Maple Leafs,Jets,6,4,away,6-4,10
2024-10-29,Blackhawks,Avalanche,5,2,away,5-2,7
2024-10-29,Sharks,Utah Hockey Club,5,4,away,5-4,9
2024-10-29,Hurricanes,Canucks,4,3,away,4-3,7
2024-10-29,Flames,Golden Knights,0,5,home,0-5,5
2024-10-29,Flyers,Bruins,2,0,away,2-0,2
2024-10-29,Kraken,Canadiens,8,2,away,8-2,10
2024-10-29,Blues,Senators,1,8,home,1-8,9
2024-10-29,Ducks,Islanders,3,1,away,3-1,4
2024-10-29,Wild,Penguins,5,3,away,5-3,8
2024-10-29,Rangers,Capitals,3,5,home,3-5,8
2024-10-30,Kings,Sharks,2,4,home,2-4,6
2024-10-30,Islanders,Blue Jackets,0,2,home,0-2,2
2024-10-30,Jets,Red Wings,6,2,away,6-2,8
2024-10-31,Lightning,Avalanche,5,2,away,5-2,7
2024-10-31,Flames,Utah Hockey Club,1,5,home,1-5,6
2024-10-31,Golden Knights,Kings,3,6,home,3-6,9
2024-10-31,Devils,Canucks,6,0,away,6-0,6
2024-10-25,Senators,Golden Knights,4,6,home,4-6,10
2024-10-25,Islanders,Devils,4,3,away,4-3,7
2024-10-26,Predators,Blackhawks,3,2,away,3-2,5
2024-10-26,Penguins,Oilers,0,4,home,0-4,4
2024-10-26,Red Wings,Sabres,3,5,home,3-5,8
2024-10-26,Wild,Flyers,5,7,home,5-7,12
2024-10-26,Utah Hockey Club,Kings,2,3,home,2-3,5
2024-10-26,Maple Leafs,Bruins,3,4,home,3-4,7
2024-10-26,Blues,Canadiens,2,5,home,2-5,7
2024-10-26,Capitals,Lightning,0,3,home,0-3,3
2024-10-26,Ducks,Rangers,1,2,home,1-2,3
2024-10-26,Jets,Flames,5,3,away,5-3,8
2024-10-26,Panthers,Islanders,6,3,away,6-3,9
2024-10-27,Blue Jackets,Predators,3,4,home,3-4,7
2024-10-27,Blackhawks,Stars,2,4,home,2-4,6
2024-10-27,Penguins,Canucks,3,4,home,3-4,7
2024-10-27,Sharks,Golden Knights,3,7,home,3-7,10
2024-10-27,Hurricanes,Kraken,4,1,away,4-1,5
2024-10-27,Oilers,Red Wings,3,2,away,3-2,5
2024-10-27,Ducks,Devils,2,6,home,2-6,8
2024-10-27,Canadiens,Flyers,4,3,away,4-3,7
2024-10-28,Senators,Avalanche,4,5,home,4-5,9
2024-10-28,Panthers,Sabres,5,2,away,5-2,7
2024-10-28,Oilers,Blue Jackets,1,6,home,1-6,7
2024-10-28,Predators,Lightning,2,3,home,2-3,5
2024-10-28,Maple Leafs,Jets,6,4,away,6-4,10
2024-10-29,Blackhawks,Avalanche,5,2,away,5-2,7
2024-10-29,Sharks,Utah Hockey Club,5,4,away,5-4,9
2024-10-29,Hurricanes,Canucks,4,3,away,4-3,7
2024-10-29,Flames,Golden Knights,0,5,home,0-5,5
2024-10-29,Flyers,Bruins,2,0,away,2-0,2
2024-10-29,Kraken,Canadiens,8,2,away,8-2,10
2024-10-29,Blues,Senators,1,8,home,1-8,9
2024-10-29,Ducks,Islanders,3,1,away,3-1,4
2024-10-29,Wild,Penguins,5,3,away,5-3,8
2024-10-29,Rangers,Capitals,3,5,home,3-5,8
2024-10-30,Kings,Sharks,2,4,home,2-4,6
2024-10-30,Islanders,Blue Jackets,0,2,home,0-2,2
2024-10-30,Jets,Red Wings,6,2,away,6-2,8
2024-10-31,Lightning,Avalanche,5,2,away,5-2,7
2024-10-31,Flames,Utah Hockey Club,1,5,home,1-5,6
2024-10-31,Golden Knights,Kings,3,6,home,3-6,9
2024-10-31,Devils,Canucks,6,0,away,6-0,6
2024-10-31,Kraken,Maple Leafs,1,4,home,1-4,5
2024-10-31,Blues,Flyers,1,2,home,1-2,3
2024-10-31,Ducks,Penguins,1,2,home,1-2,3
2024-10-31,Canadiens,Capitals,3,6,home,3-6,9
2024-10-31,Bruins,Hurricanes,2,8,home,2-8,10
2024-11-01,Oilers,Predators,5,1,away,5-1,6
2024-11-01,Blackhawks,Sharks,2,3,home,2-3,5
2024-10-26,Red Wings,Sabres,3,5,home,3-5,8
2024-10-26,Wild,Flyers,5,7,home,5-7,12
2024-10-26,Utah Hockey Club,Kings,2,3,home,2-3,5
2024-10-26,Maple Leafs,Bruins,3,4,home,3-4,7
2024-10-26,Blues,Canadiens,2,5,home,2-5,7
2024-10-26,Capitals,Lightning,0,3,home,0-3,3
2024-10-26,Ducks,Rangers,1,2,home,1-2,3
2024-10-26,Jets,Flames,5,3,away,5-3,8
2024-10-26,Panthers,Islanders,6,3,away,6-3,9
2024-10-27,Blue Jackets,Predators,3,4,home,3-4,7
2024-10-27,Blackhawks,Stars,2,4,home,2-4,6
2024-10-27,Penguins,Canucks,3,4,home,3-4,7
2024-10-27,Sharks,Golden Knights,3,7,home,3-7,10
2024-10-27,Hurricanes,Kraken,4,1,away,4-1,5
2024-10-27,Oilers,Red Wings,3,2,away,3-2,5
2024-10-27,Ducks,Devils,2,6,home,2-6,8
2024-10-27,Canadiens,Flyers,4,3,away,4-3,7
2024-10-28,Senators,Avalanche,4,5,home,4-5,9
2024-10-28,Panthers,Sabres,5,2,away,5-2,7
2024-10-28,Oilers,Blue Jackets,1,6,home,1-6,7
2024-10-28,Predators,Lightning,2,3,home,2-3,5
2024-10-28,Maple Leafs,Jets,6,4,away,6-4,10
2024-10-29,Blackhawks,Avalanche,5,2,away,5-2,7
2024-10-29,Sharks,Utah Hockey Club,5,4,away,5-4,9
2024-10-29,Hurricanes,Canucks,4,3,away,4-3,7
2024-10-29,Flames,Golden Knights,0,5,home,0-5,5
2024-10-29,Flyers,Bruins,2,0,away,2-0,2
2024-10-29,Kraken,Canadiens,8,2,away,8-2,10
2024-10-29,Blues,Senators,1,8,home,1-8,9
2024-10-29,Ducks,Islanders,3,1,away,3-1,4
2024-10-29,Wild,Penguins,5,3,away,5-3,8
2024-10-29,Rangers,Capitals,3,5,home,3-5,8
2024-10-30,Kings,Sharks,2,4,home,2-4,6
2024-10-30,Islanders,Blue Jackets,0,2,home,0-2,2
2024-10-30,Jets,Red Wings,6,2,away,6-2,8
2024-10-31,Lightning,Avalanche,5,2,away,5-2,7
2024-10-31,Flames,Utah Hockey Club,1,5,home,1-5,6
2024-10-31,Golden Knights,Kings,3,6,home,3-6,9
2024-10-31,Devils,Canucks,6,0,away,6-0,6
2024-10-31,Kraken,Maple Leafs,1,4,home,1-4,5
2024-10-31,Blues,Flyers,1,2,home,1-2,3
2024-10-31,Ducks,Penguins,1,2,home,1-2,3
2024-10-31,Canadiens,Capitals,3,6,home,3-6,9
2024-10-31,Bruins,Hurricanes,2,8,home,2-8,10
2024-11-01,Oilers,Predators,5,1,away,5-1,6
2024-11-01,Blackhawks,Sharks,2,3,home,2-3,5
2024-11-01,Panthers,Stars,6,4,away,6-4,10
2024-11-01,Islanders,Sabres,4,3,away,4-3,7
2024-11-01,Senators,Rangers,1,2,home,1-2,3
2024-11-01,Jets,Blue Jackets,6,2,away,6-2,8
2024-11-02,Lightning,Wild,3,5,home,3-5,8
2024-11-02,Devils,Flames,0,3,home,0-3,3
2024-10-27,Oilers,Red Wings,3,2,away,3-2,5
2024-10-27,Ducks,Devils,2,6,home,2-6,8
2024-10-27,Canadiens,Flyers,4,3,away,4-3,7
2024-10-28,Senators,Avalanche,4,5,home,4-5,9
2024-10-28,Panthers,Sabres,5,2,away,5-2,7
2024-10-28,Oilers,Blue Jackets,1,6,home,1-6,7
2024-10-28,Predators,Lightning,2,3,home,2-3,5
2024-10-28,Maple Leafs,Jets,6,4,away,6-4,10
2024-10-29,Blackhawks,Avalanche,5,2,away,5-2,7
2024-10-29,Sharks,Utah Hockey Club,5,4,away,5-4,9
2024-10-29,Hurricanes,Canucks,4,3,away,4-3,7
2024-10-29,Flames,Golden Knights,0,5,home,0-5,5
2024-10-29,Flyers,Bruins,2,0,away,2-0,2
2024-10-29,Kraken,Canadiens,8,2,away,8-2,10
2024-10-29,Blues,Senators,1,8,home,1-8,9
2024-10-29,Ducks,Islanders,3,1,away,3-1,4
2024-10-29,Wild,Penguins,5,3,away,5-3,8
2024-10-29,Rangers,Capitals,3,5,home,3-5,8
2024-10-30,Kings,Sharks,2,4,home,2-4,6
2024-10-30,Islanders,Blue Jackets,0,2,home,0-2,2
2024-10-30,Jets,Red Wings,6,2,away,6-2,8
2024-10-31,Lightning,Avalanche,5,2,away,5-2,7
2024-10-31,Flames,Utah Hockey Club,1,5,home,1-5,6
2024-10-31,Golden Knights,Kings,3,6,home,3-6,9
2024-10-31,Devils,Canucks,6,0,away,6-0,6
2024-10-31,Kraken,Maple Leafs,1,4,home,1-4,5
2024-10-31,Blues,Flyers,1,2,home,1-2,3
2024-10-31,Ducks,Penguins,1,2,home,1-2,3
2024-10-31,Canadiens,Capitals,3,6,home,3-6,9
2024-10-31,Bruins,Hurricanes,2,8,home,2-8,10
2024-11-01,Oilers,Predators,5,1,away,5-1,6
2024-11-01,Blackhawks,Sharks,2,3,home,2-3,5
2024-11-01,Panthers,Stars,6,4,away,6-4,10
2024-11-01,Islanders,Sabres,4,3,away,4-3,7
2024-11-01,Senators,Rangers,1,2,home,1-2,3
2024-11-01,Jets,Blue Jackets,6,2,away,6-2,8
2024-11-02,Lightning,Wild,3,5,home,3-5,8
2024-11-02,Devils,Flames,0,3,home,0-3,3
2024-11-02,Stars,Panthers,2,4,home,2-4,6
2024-11-02,Bruins,Flyers,3,0,away,3-0,3
2024-11-02,Blackhawks,Kings,4,3,away,4-3,7
2024-11-02,Blue Jackets,Capitals,2,7,home,2-7,9
2024-11-02,Kraken,Senators,0,3,home,0-3,3
2024-11-02,Sabres,Red Wings,1,2,home,1-2,3
2024-11-02,Canadiens,Penguins,1,3,home,1-3,4
2024-11-02,Maple Leafs,Blues,2,4,home,2-4,6
2024-11-03,Avalanche,Predators,2,5,home,2-5,7
2024-11-03,Utah Hockey Club,Golden Knights,3,4,home,3-4,7
2024-11-03,Canucks,Sharks,3,2,away,3-2,5
2024-10-28,Panthers,Sabres,5,2,away,5-2,7
2024-10-28,Oilers,Blue Jackets,1,6,home,1-6,7
2024-10-28,Predators,Lightning,2,3,home,2-3,5
2024-10-28,Maple Leafs,Jets,6,4,away,6-4,10
2024-10-29,Blackhawks,Avalanche,5,2,away,5-2,7
2024-10-29,Sharks,Utah Hockey Club,5,4,away,5-4,9
2024-10-29,Hurricanes,Canucks,4,3,away,4-3,7
2024-10-29,Flames,Golden Knights,0,5,home,0-5,5
2024-10-29,Flyers,Bruins,2,0,away,2-0,2
2024-10-29,Kraken,Canadiens,8,2,away,8-2,10
2024-10-29,Blues,Senators,1,8,home,1-8,9
2024-10-29,Ducks,Islanders,3,1,away,3-1,4
2024-10-29,Wild,Penguins,5,3,away,5-3,8
2024-10-29,Rangers,Capitals,3,5,home,3-5,8
2024-10-30,Kings,Sharks,2,4,home,2-4,6
2024-10-30,Islanders,Blue Jackets,0,2,home,0-2,2
2024-10-30,Jets,Red Wings,6,2,away,6-2,8
2024-10-31,Lightning,Avalanche,5,2,away,5-2,7
2024-10-31,Flames,Utah Hockey Club,1,5,home,1-5,6
2024-10-31,Golden Knights,Kings,3,6,home,3-6,9
2024-10-31,Devils,Canucks,6,0,away,6-0,6
2024-10-31,Kraken,Maple Leafs,1,4,home,1-4,5
2024-10-31,Blues,Flyers,1,2,home,1-2,3
2024-10-31,Ducks,Penguins,1,2,home,1-2,3
2024-10-31,Canadiens,Capitals,3,6,home,3-6,9
2024-10-31,Bruins,Hurricanes,2,8,home,2-8,10
2024-11-01,Oilers,Predators,5,1,away,5-1,6
2024-11-01,Blackhawks,Sharks,2,3,home,2-3,5
2024-11-01,Panthers,Stars,6,4,away,6-4,10
2024-11-01,Islanders,Sabres,4,3,away,4-3,7
2024-11-01,Senators,Rangers,1,2,home,1-2,3
2024-11-01,Jets,Blue Jackets,6,2,away,6-2,8
2024-11-02,Lightning,Wild,3,5,home,3-5,8
2024-11-02,Devils,Flames,0,3,home,0-3,3
2024-11-02,Stars,Panthers,2,4,home,2-4,6
2024-11-02,Bruins,Flyers,3,0,away,3-0,3
2024-11-02,Blackhawks,Kings,4,3,away,4-3,7
2024-11-02,Blue Jackets,Capitals,2,7,home,2-7,9
2024-11-02,Kraken,Senators,0,3,home,0-3,3
2024-11-02,Sabres,Red Wings,1,2,home,1-2,3
2024-11-02,Canadiens,Penguins,1,3,home,1-3,4
2024-11-02,Maple Leafs,Blues,2,4,home,2-4,6
2024-11-03,Avalanche,Predators,2,5,home,2-5,7
2024-11-03,Utah Hockey Club,Golden Knights,3,4,home,3-4,7
2024-11-03,Canucks,Sharks,3,2,away,3-2,5
2024-11-03,Islanders,Rangers,2,5,home,2-5,7
2024-11-03,Lightning,Jets,4,7,home,4-7,11
2024-11-03,Kraken,Bruins,0,2,home,0-2,2
2024-11-03,Capitals,Hurricanes,2,4,home,2-4,6
2024-11-03,Maple Leafs,Wild,1,2,home,1-2,3
2024-11-04,Oilers,Flames,4,2,away,4-2,6
2024-11-04,Blackhawks,Ducks,4,2,away,4-2,6
2024-10-29,Flyers,Bruins,2,0,away,2-0,2
2024-10-29,Kraken,Canadiens,8,2,away,8-2,10
2024-10-29,Blues,Senators,1,8,home,1-8,9
2024-10-29,Ducks,Islanders,3,1,away,3-1,4
2024-10-29,Wild,Penguins,5,3,away,5-3,8
2024-10-29,Rangers,Capitals,3,5,home,3-5,8
2024-10-30,Kings,Sharks,2,4,home,2-4,6
2024-10-30,Islanders,Blue Jackets,0,2,home,0-2,2
2024-10-30,Jets,Red Wings,6,2,away,6-2,8
2024-10-31,Lightning,Avalanche,5,2,away,5-2,7
2024-10-31,Flames,Utah Hockey Club,1,5,home,1-5,6
2024-10-31,Golden Knights,Kings,3,6,home,3-6,9
2024-10-31,Devils,Canucks,6,0,away,6-0,6
2024-10-31,Kraken,Maple Leafs,1,4,home,1-4,5
2024-10-31,Blues,Flyers,1,2,home,1-2,3
2024-10-31,Ducks,Penguins,1,2,home,1-2,3
2024-10-31,Canadiens,Capitals,3,6,home,3-6,9
2024-10-31,Bruins,Hurricanes,2,8,home,2-8,10
2024-11-01,Oilers,Predators,5,1,away,5-1,6
2024-11-01,Blackhawks,Sharks,2,3,home,2-3,5
2024-11-01,Panthers,Stars,6,4,away,6-4,10
2024-11-01,Islanders,Sabres,4,3,away,4-3,7
2024-11-01,Senators,Rangers,1,2,home,1-2,3
2024-11-01,Jets,Blue Jackets,6,2,away,6-2,8
2024-11-02,Lightning,Wild,3,5,home,3-5,8
2024-11-02,Devils,Flames,0,3,home,0-3,3
2024-11-02,Stars,Panthers,2,4,home,2-4,6
2024-11-02,Bruins,Flyers,3,0,away,3-0,3
2024-11-02,Blackhawks,Kings,4,3,away,4-3,7
2024-11-02,Blue Jackets,Capitals,2,7,home,2-7,9
2024-11-02,Kraken,Senators,0,3,home,0-3,3
2024-11-02,Sabres,Red Wings,1,2,home,1-2,3
2024-11-02,Canadiens,Penguins,1,3,home,1-3,4
2024-11-02,Maple Leafs,Blues,2,4,home,2-4,6
2024-11-03,Avalanche,Predators,2,5,home,2-5,7
2024-11-03,Utah Hockey Club,Golden Knights,3,4,home,3-4,7
2024-11-03,Canucks,Sharks,3,2,away,3-2,5
2024-11-03,Islanders,Rangers,2,5,home,2-5,7
2024-11-03,Lightning,Jets,4,7,home,4-7,11
2024-11-03,Kraken,Bruins,0,2,home,0-2,2
2024-11-03,Capitals,Hurricanes,2,4,home,2-4,6
2024-11-03,Maple Leafs,Wild,1,2,home,1-2,3
2024-11-04,Oilers,Flames,4,2,away,4-2,6
2024-11-04,Blackhawks,Ducks,4,2,away,4-2,6
2024-11-05,Kings,Predators,3,0,away,3-0,3
2024-11-05,Devils,Oilers,3,0,away,3-0,3
2024-10-30,Islanders,Blue Jackets,0,2,home,0-2,2
2024-10-30,Jets,Red Wings,6,2,away,6-2,8
2024-10-31,Lightning,Avalanche,5,2,away,5-2,7
2024-10-31,Flames,Utah Hockey Club,1,5,home,1-5,6
2024-10-31,Golden Knights,Kings,3,6,home,3-6,9
2024-10-31,Devils,Canucks,6,0,away,6-0,6
2024-10-31,Kraken,Maple Leafs,1,4,home,1-4,5
2024-10-31,Blues,Flyers,1,2,home,1-2,3
2024-10-31,Ducks,Penguins,1,2,home,1-2,3
2024-10-31,Canadiens,Capitals,3,6,home,3-6,9
2024-10-31,Bruins,Hurricanes,2,8,home,2-8,10
2024-11-01,Oilers,Predators,5,1,away,5-1,6
2024-11-01,Blackhawks,Sharks,2,3,home,2-3,5
2024-11-01,Panthers,Stars,6,4,away,6-4,10
2024-11-01,Islanders,Sabres,4,3,away,4-3,7
2024-11-01,Senators,Rangers,1,2,home,1-2,3
2024-11-01,Jets,Blue Jackets,6,2,away,6-2,8
2024-11-02,Lightning,Wild,3,5,home,3-5,8
2024-11-02,Devils,Flames,0,3,home,0-3,3
2024-11-02,Stars,Panthers,2,4,home,2-4,6
2024-11-02,Bruins,Flyers,3,0,away,3-0,3
2024-11-02,Blackhawks,Kings,4,3,away,4-3,7
2024-11-02,Blue Jackets,Capitals,2,7,home,2-7,9
2024-11-02,Kraken,Senators,0,3,home,0-3,3
2024-11-02,Sabres,Red Wings,1,2,home,1-2,3
2024-11-02,Canadiens,Penguins,1,3,home,1-3,4
2024-11-02,Maple Leafs,Blues,2,4,home,2-4,6
2024-11-03,Avalanche,Predators,2,5,home,2-5,7
2024-11-03,Utah Hockey Club,Golden Knights,3,4,home,3-4,7
2024-11-03,Canucks,Sharks,3,2,away,3-2,5
2024-11-03,Islanders,Rangers,2,5,home,2-5,7
2024-11-03,Lightning,Jets,4,7,home,4-7,11
2024-11-03,Kraken,Bruins,0,2,home,0-2,2
2024-11-03,Capitals,Hurricanes,2,4,home,2-4,6
2024-11-03,Maple Leafs,Wild,1,2,home,1-2,3
2024-11-04,Oilers,Flames,4,2,away,4-2,6
2024-11-04,Blackhawks,Ducks,4,2,away,4-2,6
2024-11-05,Kings,Predators,3,0,away,3-0,3
2024-11-05,Devils,Oilers,3,0,away,3-0,3
2024-11-06,Senators,Sabres,1,5,home,1-5,6
2024-11-06,Bruins,Maple Leafs,0,4,home,0-4,4
2024-11-06,Flames,Canadiens,3,2,away,3-2,5
2024-11-06,Flyers,Hurricanes,4,6,home,4-6,10
2024-11-06,Penguins,Islanders,3,4,home,3-4,7
2024-11-06,Lightning,Blues,2,3,home,2-3,5
2024-11-06,Kings,Wild,5,1,away,5-1,6
2024-11-06,Utah Hockey Club,Jets,0,3,home,0-3,3
2024-11-06,Kraken,Avalanche,3,6,home,3-6,9
2024-11-06,Canucks,Ducks,5,1,away,5-1,6
2024-11-06,Blue Jackets,Sharks,1,2,home,1-2,3
2024-10-31,Kraken,Maple Leafs,1,4,home,1-4,5
2024-10-31,Blues,Flyers,1,2,home,1-2,3
2024-10-31,Ducks,Penguins,1,2,home,1-2,3
2024-10-31,Canadiens,Capitals,3,6,home,3-6,9
2024-10-31,Bruins,Hurricanes,2,8,home,2-8,10
2024-11-01,Oilers,Predators,5,1,away,5-1,6
2024-11-01,Blackhawks,Sharks,2,3,home,2-3,5
2024-11-01,Panthers,Stars,6,4,away,6-4,10
2024-11-01,Islanders,Sabres,4,3,away,4-3,7
2024-11-01,Senators,Rangers,1,2,home,1-2,3
2024-11-01,Jets,Blue Jackets,6,2,away,6-2,8
2024-11-02,Lightning,Wild,3,5,home,3-5,8
2024-11-02,Devils,Flames,0,3,home,0-3,3
2024-11-02,Stars,Panthers,2,4,home,2-4,6
2024-11-02,Bruins,Flyers,3,0,away,3-0,3
2024-11-02,Blackhawks,Kings,4,3,away,4-3,7
2024-11-02,Blue Jackets,Capitals,2,7,home,2-7,9
2024-11-02,Kraken,Senators,0,3,home,0-3,3
2024-11-02,Sabres,Red Wings,1,2,home,1-2,3
2024-11-02,Canadiens,Penguins,1,3,home,1-3,4
2024-11-02,Maple Leafs,Blues,2,4,home,2-4,6
2024-11-03,Avalanche,Predators,2,5,home,2-5,7
2024-11-03,Utah Hockey Club,Golden Knights,3,4,home,3-4,7
2024-11-03,Canucks,Sharks,3,2,away,3-2,5
2024-11-03,Islanders,Rangers,2,5,home,2-5,7
2024-11-03,Lightning,Jets,4,7,home,4-7,11
2024-11-03,Kraken,Bruins,0,2,home,0-2,2
2024-11-03,Capitals,Hurricanes,2,4,home,2-4,6
2024-11-03,Maple Leafs,Wild,1,2,home,1-2,3
2024-11-04,Oilers,Flames,4,2,away,4-2,6
2024-11-04,Blackhawks,Ducks,4,2,away,4-2,6
2024-11-05,Kings,Predators,3,0,away,3-0,3
2024-11-05,Devils,Oilers,3,0,away,3-0,3
2024-11-06,Senators,Sabres,1,5,home,1-5,6
2024-11-06,Bruins,Maple Leafs,0,4,home,0-4,4
2024-11-06,Flames,Canadiens,3,2,away,3-2,5
2024-11-06,Flyers,Hurricanes,4,6,home,4-6,10
2024-11-06,Penguins,Islanders,3,4,home,3-4,7
2024-11-06,Lightning,Blues,2,3,home,2-3,5
2024-11-06,Kings,Wild,5,1,away,5-1,6
2024-11-06,Utah Hockey Club,Jets,0,3,home,0-3,3
2024-11-06,Kraken,Avalanche,3,6,home,3-6,9
2024-11-06,Canucks,Ducks,5,1,away,5-1,6
2024-11-06,Blue Jackets,Sharks,1,2,home,1-2,3
2024-11-07,Predators,Capitals,2,3,home,2-3,5
2024-11-07,Red Wings,Blackhawks,4,1,away,4-1,5
2024-11-07,Golden Knights,Oilers,4,2,away,4-2,6
2024-11-01,Panthers,Stars,6,4,away,6-4,10
2024-11-01,Islanders,Sabres,4,3,away,4-3,7
2024-11-01,Senators,Rangers,1,2,home,1-2,3
2024-11-01,Jets,Blue Jackets,6,2,away,6-2,8
2024-11-02,Lightning,Wild,3,5,home,3-5,8
2024-11-02,Devils,Flames,0,3,home,0-3,3
2024-11-02,Stars,Panthers,2,4,home,2-4,6
2024-11-02,Bruins,Flyers,3,0,away,3-0,3
2024-11-02,Blackhawks,Kings,4,3,away,4-3,7
2024-11-02,Blue Jackets,Capitals,2,7,home,2-7,9
2024-11-02,Kraken,Senators,0,3,home,0-3,3
2024-11-02,Sabres,Red Wings,1,2,home,1-2,3
2024-11-02,Canadiens,Penguins,1,3,home,1-3,4
2024-11-02,Maple Leafs,Blues,2,4,home,2-4,6
2024-11-03,Avalanche,Predators,2,5,home,2-5,7
2024-11-03,Utah Hockey Club,Golden Knights,3,4,home,3-4,7
2024-11-03,Canucks,Sharks,3,2,away,3-2,5
2024-11-03,Islanders,Rangers,2,5,home,2-5,7
2024-11-03,Lightning,Jets,4,7,home,4-7,11
2024-11-03,Kraken,Bruins,0,2,home,0-2,2
2024-11-03,Capitals,Hurricanes,2,4,home,2-4,6
2024-11-03,Maple Leafs,Wild,1,2,home,1-2,3
2024-11-04,Oilers,Flames,4,2,away,4-2,6
2024-11-04,Blackhawks,Ducks,4,2,away,4-2,6
2024-11-05,Kings,Predators,3,0,away,3-0,3
2024-11-05,Devils,Oilers,3,0,away,3-0,3
2024-11-06,Senators,Sabres,1,5,home,1-5,6
2024-11-06,Bruins,Maple Leafs,0,4,home,0-4,4
2024-11-06,Flames,Canadiens,3,2,away,3-2,5
2024-11-06,Flyers,Hurricanes,4,6,home,4-6,10
2024-11-06,Penguins,Islanders,3,4,home,3-4,7
2024-11-06,Lightning,Blues,2,3,home,2-3,5
2024-11-06,Kings,Wild,5,1,away,5-1,6
2024-11-06,Utah Hockey Club,Jets,0,3,home,0-3,3
2024-11-06,Kraken,Avalanche,3,6,home,3-6,9
2024-11-06,Canucks,Ducks,5,1,away,5-1,6
2024-11-06,Blue Jackets,Sharks,1,2,home,1-2,3
2024-11-07,Predators,Capitals,2,3,home,2-3,5
2024-11-07,Red Wings,Blackhawks,4,1,away,4-1,5
2024-11-07,Golden Knights,Oilers,4,2,away,4-2,6
2024-11-08,Flames,Bruins,3,4,home,3-4,7
2024-11-08,Islanders,Senators,4,2,away,4-2,6
2024-11-08,Predators,Panthers,2,6,home,2-6,8
2024-11-08,Canadiens,Devils,3,5,home,3-5,8
2024-11-08,Sabres,Rangers,6,1,away,6-1,7
2024-11-08,Penguins,Hurricanes,1,5,home,1-5,6
2024-11-08,Flyers,Lightning,2,1,away,2-1,3
2024-11-08,Utah Hockey Club,Blues,4,2,away,4-2,6
2024-11-08,Blackhawks,Stars,1,3,home,1-3,4
2024-11-08,Avalanche,Jets,0,1,home,0-1,1
2024-11-08,Canucks,Kings,4,2,away,4-2,6
2024-11-08,Wild,Sharks,5,2,away,5-2,7
2024-11-02,Stars,Panthers,2,4,home,2-4,6
2024-11-02,Bruins,Flyers,3,0,away,3-0,3
2024-11-02,Blackhawks,Kings,4,3,away,4-3,7
2024-11-02,Blue Jackets,Capitals,2,7,home,2-7,9
2024-11-02,Kraken,Senators,0,3,home,0-3,3
2024-11-02,Sabres,Red Wings,1,2,home,1-2,3
2024-11-02,Canadiens,Penguins,1,3,home,1-3,4
2024-11-02,Maple Leafs,Blues,2,4,home,2-4,6
2024-11-03,Avalanche,Predators,2,5,home,2-5,7
2024-11-03,Utah Hockey Club,Golden Knights,3,4,home,3-4,7
2024-11-03,Canucks,Sharks,3,2,away,3-2,5
2024-11-03,Islanders,Rangers,2,5,home,2-5,7
2024-11-03,Lightning,Jets,4,7,home,4-7,11
2024-11-03,Kraken,Bruins,0,2,home,0-2,2
2024-11-03,Capitals,Hurricanes,2,4,home,2-4,6
2024-11-03,Maple Leafs,Wild,1,2,home,1-2,3
2024-11-04,Oilers,Flames,4,2,away,4-2,6
2024-11-04,Blackhawks,Ducks,4,2,away,4-2,6
2024-11-05,Kings,Predators,3,0,away,3-0,3
2024-11-05,Devils,Oilers,3,0,away,3-0,3
2024-11-06,Senators,Sabres,1,5,home,1-5,6
2024-11-06,Bruins,Maple Leafs,0,4,home,0-4,4
2024-11-06,Flames,Canadiens,3,2,away,3-2,5
2024-11-06,Flyers,Hurricanes,4,6,home,4-6,10
2024-11-06,Penguins,Islanders,3,4,home,3-4,7
2024-11-06,Lightning,Blues,2,3,home,2-3,5
2024-11-06,Kings,Wild,5,1,away,5-1,6
2024-11-06,Utah Hockey Club,Jets,0,3,home,0-3,3
2024-11-06,Kraken,Avalanche,3,6,home,3-6,9
2024-11-06,Canucks,Ducks,5,1,away,5-1,6
2024-11-06,Blue Jackets,Sharks,1,2,home,1-2,3
2024-11-07,Predators,Capitals,2,3,home,2-3,5
2024-11-07,Red Wings,Blackhawks,4,1,away,4-1,5
2024-11-07,Golden Knights,Oilers,4,2,away,4-2,6
2024-11-08,Flames,Bruins,3,4,home,3-4,7
2024-11-08,Islanders,Senators,4,2,away,4-2,6
2024-11-08,Predators,Panthers,2,6,home,2-6,8
2024-11-08,Canadiens,Devils,3,5,home,3-5,8
2024-11-08,Sabres,Rangers,6,1,away,6-1,7
2024-11-08,Penguins,Hurricanes,1,5,home,1-5,6
2024-11-08,Flyers,Lightning,2,1,away,2-1,3
2024-11-08,Utah Hockey Club,Blues,4,2,away,4-2,6
2024-11-08,Blackhawks,Stars,1,3,home,1-3,4
2024-11-08,Avalanche,Jets,0,1,home,0-1,1
2024-11-08,Canucks,Kings,4,2,away,4-2,6
2024-11-08,Wild,Sharks,5,2,away,5-2,7
2024-11-09,Red Wings,Maple Leafs,1,3,home,1-3,4
2024-11-09,Penguins,Capitals,4,2,away,4-2,6
2024-11-09,Wild,Ducks,5,2,away,5-2,7
2024-11-09,Golden Knights,Kraken,3,4,home,3-4,7
2024-11-03,Islanders,Rangers,2,5,home,2-5,7
2024-11-03,Lightning,Jets,4,7,home,4-7,11
2024-11-03,Kraken,Bruins,0,2,home,0-2,2
2024-11-03,Capitals,Hurricanes,2,4,home,2-4,6
2024-11-03,Maple Leafs,Wild,1,2,home,1-2,3
2024-11-04,Oilers,Flames,4,2,away,4-2,6
2024-11-04,Blackhawks,Ducks,4,2,away,4-2,6
2024-11-05,Kings,Predators,3,0,away,3-0,3
2024-11-05,Devils,Oilers,3,0,away,3-0,3
2024-11-06,Senators,Sabres,1,5,home,1-5,6
2024-11-06,Bruins,Maple Leafs,0,4,home,0-4,4
2024-11-06,Flames,Canadiens,3,2,away,3-2,5
2024-11-06,Flyers,Hurricanes,4,6,home,4-6,10
2024-11-06,Penguins,Islanders,3,4,home,3-4,7
2024-11-06,Lightning,Blues,2,3,home,2-3,5
2024-11-06,Kings,Wild,5,1,away,5-1,6
2024-11-06,Utah Hockey Club,Jets,0,3,home,0-3,3
2024-11-06,Kraken,Avalanche,3,6,home,3-6,9
2024-11-06,Canucks,Ducks,5,1,away,5-1,6
2024-11-06,Blue Jackets,Sharks,1,2,home,1-2,3
2024-11-07,Predators,Capitals,2,3,home,2-3,5
2024-11-07,Red Wings,Blackhawks,4,1,away,4-1,5
2024-11-07,Golden Knights,Oilers,4,2,away,4-2,6
2024-11-08,Flames,Bruins,3,4,home,3-4,7
2024-11-08,Islanders,Senators,4,2,away,4-2,6
2024-11-08,Predators,Panthers,2,6,home,2-6,8
2024-11-08,Canadiens,Devils,3,5,home,3-5,8
2024-11-08,Sabres,Rangers,6,1,away,6-1,7
2024-11-08,Penguins,Hurricanes,1,5,home,1-5,6
2024-11-08,Flyers,Lightning,2,1,away,2-1,3
2024-11-08,Utah Hockey Club,Blues,4,2,away,4-2,6
2024-11-08,Blackhawks,Stars,1,3,home,1-3,4
2024-11-08,Avalanche,Jets,0,1,home,0-1,1
2024-11-08,Canucks,Kings,4,2,away,4-2,6
2024-11-08,Wild,Sharks,5,2,away,5-2,7
2024-11-09,Red Wings,Maple Leafs,1,3,home,1-3,4
2024-11-09,Penguins,Capitals,4,2,away,4-2,6
2024-11-09,Wild,Ducks,5,2,away,5-2,7
2024-11-09,Golden Knights,Kraken,3,4,home,3-4,7
2024-11-09,Flames,Sabres,2,3,home,2-3,5
2024-11-09,Stars,Jets,1,4,home,1-4,5
2024-11-09,Flyers,Panthers,3,4,home,3-4,7
2024-11-10,Senators,Bruins,3,2,away,3-2,5
2024-11-10,Canadiens,Maple Leafs,1,4,home,1-4,5
2024-11-10,Rangers,Red Wings,4,0,away,4-0,4
2024-11-10,Capitals,Blues,8,1,away,8-1,9
2024-11-10,Devils,Islanders,4,3,away,4-3,7
2024-11-10,Utah Hockey Club,Predators,0,4,home,0-4,4
2024-11-10,Hurricanes,Avalanche,4,6,home,4-6,10
2024-11-10,Blue Jackets,Kings,2,5,home,2-5,7
2024-11-10,Oilers,Canucks,7,3,away,7-3,10
2024-11-05,Kings,Predators,3,0,away,3-0,3
2024-11-05,Devils,Oilers,3,0,away,3-0,3
2024-11-06,Senators,Sabres,1,5,home,1-5,6
2024-11-06,Bruins,Maple Leafs,0,4,home,0-4,4
2024-11-06,Flames,Canadiens,3,2,away,3-2,5
2024-11-06,Flyers,Hurricanes,4,6,home,4-6,10
2024-11-06,Penguins,Islanders,3,4,home,3-4,7
2024-11-06,Lightning,Blues,2,3,home,2-3,5
2024-11-06,Kings,Wild,5,1,away,5-1,6
2024-11-06,Utah Hockey Club,Jets,0,3,home,0-3,3
2024-11-06,Kraken,Avalanche,3,6,home,3-6,9
2024-11-06,Canucks,Ducks,5,1,away,5-1,6
2024-11-06,Blue Jackets,Sharks,1,2,home,1-2,3
2024-11-07,Predators,Capitals,2,3,home,2-3,5
2024-11-07,Red Wings,Blackhawks,4,1,away,4-1,5
2024-11-07,Golden Knights,Oilers,4,2,away,4-2,6
2024-11-08,Flames,Bruins,3,4,home,3-4,7
2024-11-08,Islanders,Senators,4,2,away,4-2,6
2024-11-08,Predators,Panthers,2,6,home,2-6,8
2024-11-08,Canadiens,Devils,3,5,home,3-5,8
2024-11-08,Sabres,Rangers,6,1,away,6-1,7
2024-11-08,Penguins,Hurricanes,1,5,home,1-5,6
2024-11-08,Flyers,Lightning,2,1,away,2-1,3
2024-11-08,Utah Hockey Club,Blues,4,2,away,4-2,6
2024-11-08,Blackhawks,Stars,1,3,home,1-3,4
2024-11-08,Avalanche,Jets,0,1,home,0-1,1
2024-11-08,Canucks,Kings,4,2,away,4-2,6
2024-11-08,Wild,Sharks,5,2,away,5-2,7
2024-11-09,Red Wings,Maple Leafs,1,3,home,1-3,4
2024-11-09,Penguins,Capitals,4,2,away,4-2,6
2024-11-09,Wild,Ducks,5,2,away,5-2,7
2024-11-09,Golden Knights,Kraken,3,4,home,3-4,7
2024-11-09,Flames,Sabres,2,3,home,2-3,5
2024-11-09,Stars,Jets,1,4,home,1-4,5
2024-11-09,Flyers,Panthers,3,4,home,3-4,7
2024-11-10,Senators,Bruins,3,2,away,3-2,5
2024-11-10,Canadiens,Maple Leafs,1,4,home,1-4,5
2024-11-10,Rangers,Red Wings,4,0,away,4-0,4
2024-11-10,Capitals,Blues,8,1,away,8-1,9
2024-11-10,Devils,Islanders,4,3,away,4-3,7
2024-11-10,Utah Hockey Club,Predators,0,4,home,0-4,4
2024-11-10,Hurricanes,Avalanche,4,6,home,4-6,10
2024-11-10,Blue Jackets,Kings,2,5,home,2-5,7
2024-11-10,Oilers,Canucks,7,3,away,7-3,10
2024-11-11,Sharks,Devils,1,0,away,1-0,1
2024-11-11,Wild,Blackhawks,1,2,home,1-2,3
2024-11-11,Blue Jackets,Ducks,2,4,home,2-4,6
2024-11-06,Senators,Sabres,1,5,home,1-5,6
2024-11-06,Bruins,Maple Leafs,0,4,home,0-4,4
2024-11-06,Flames,Canadiens,3,2,away,3-2,5
2024-11-06,Flyers,Hurricanes,4,6,home,4-6,10
2024-11-06,Penguins,Islanders,3,4,home,3-4,7
2024-11-06,Lightning,Blues,2,3,home,2-3,5
2024-11-06,Kings,Wild,5,1,away,5-1,6
2024-11-06,Utah Hockey Club,Jets,0,3,home,0-3,3
2024-11-06,Kraken,Avalanche,3,6,home,3-6,9
2024-11-06,Canucks,Ducks,5,1,away,5-1,6
2024-11-06,Blue Jackets,Sharks,1,2,home,1-2,3
2024-11-07,Predators,Capitals,2,3,home,2-3,5
2024-11-07,Red Wings,Blackhawks,4,1,away,4-1,5
2024-11-07,Golden Knights,Oilers,4,2,away,4-2,6
2024-11-08,Flames,Bruins,3,4,home,3-4,7
2024-11-08,Islanders,Senators,4,2,away,4-2,6
2024-11-08,Predators,Panthers,2,6,home,2-6,8
2024-11-08,Canadiens,Devils,3,5,home,3-5,8
2024-11-08,Sabres,Rangers,6,1,away,6-1,7
2024-11-08,Penguins,Hurricanes,1,5,home,1-5,6
2024-11-08,Flyers,Lightning,2,1,away,2-1,3
2024-11-08,Utah Hockey Club,Blues,4,2,away,4-2,6
2024-11-08,Blackhawks,Stars,1,3,home,1-3,4
2024-11-08,Avalanche,Jets,0,1,home,0-1,1
2024-11-08,Canucks,Kings,4,2,away,4-2,6
2024-11-08,Wild,Sharks,5,2,away,5-2,7
2024-11-09,Red Wings,Maple Leafs,1,3,home,1-3,4
2024-11-09,Penguins,Capitals,4,2,away,4-2,6
2024-11-09,Wild,Ducks,5,2,away,5-2,7
2024-11-09,Golden Knights,Kraken,3,4,home,3-4,7
2024-11-09,Flames,Sabres,2,3,home,2-3,5
2024-11-09,Stars,Jets,1,4,home,1-4,5
2024-11-09,Flyers,Panthers,3,4,home,3-4,7
2024-11-10,Senators,Bruins,3,2,away,3-2,5
2024-11-10,Canadiens,Maple Leafs,1,4,home,1-4,5
2024-11-10,Rangers,Red Wings,4,0,away,4-0,4
2024-11-10,Capitals,Blues,8,1,away,8-1,9
2024-11-10,Devils,Islanders,4,3,away,4-3,7
2024-11-10,Utah Hockey Club,Predators,0,4,home,0-4,4
2024-11-10,Hurricanes,Avalanche,4,6,home,4-6,10
2024-11-10,Blue Jackets,Kings,2,5,home,2-5,7
2024-11-10,Oilers,Canucks,7,3,away,7-3,10
2024-11-11,Sharks,Devils,1,0,away,1-0,1
2024-11-11,Wild,Blackhawks,1,2,home,1-2,3
2024-11-11,Blue Jackets,Ducks,2,4,home,2-4,6
2024-11-11,Canadiens,Sabres,7,5,away,7-5,12
2024-11-12,Sharks,Flyers,3,4,home,3-4,7
2024-11-12,Stars,Penguins,7,1,away,7-1,8
2024-11-12,Kings,Flames,1,3,home,1-3,4
2024-11-12,Predators,Avalanche,2,3,home,2-3,5
2024-11-12,Hurricanes,Golden Knights,5,2,away,5-2,7
2024-11-07,Predators,Capitals,2,3,home,2-3,5
2024-11-07,Red Wings,Blackhawks,4,1,away,4-1,5
2024-11-07,Golden Knights,Oilers,4,2,away,4-2,6
2024-11-08,Flames,Bruins,3,4,home,3-4,7
2024-11-08,Islanders,Senators,4,2,away,4-2,6
2024-11-08,Predators,Panthers,2,6,home,2-6,8
2024-11-08,Canadiens,Devils,3,5,home,3-5,8
2024-11-08,Sabres,Rangers,6,1,away,6-1,7
2024-11-08,Penguins,Hurricanes,1,5,home,1-5,6
2024-11-08,Flyers,Lightning,2,1,away,2-1,3
2024-11-08,Utah Hockey Club,Blues,4,2,away,4-2,6
2024-11-08,Blackhawks,Stars,1,3,home,1-3,4
2024-11-08,Avalanche,Jets,0,1,home,0-1,1
2024-11-08,Canucks,Kings,4,2,away,4-2,6
2024-11-08,Wild,Sharks,5,2,away,5-2,7
2024-11-09,Red Wings,Maple Leafs,1,3,home,1-3,4
2024-11-09,Penguins,Capitals,4,2,away,4-2,6
2024-11-09,Wild,Ducks,5,2,away,5-2,7
2024-11-09,Golden Knights,Kraken,3,4,home,3-4,7
2024-11-09,Flames,Sabres,2,3,home,2-3,5
2024-11-09,Stars,Jets,1,4,home,1-4,5
2024-11-09,Flyers,Panthers,3,4,home,3-4,7
2024-11-10,Senators,Bruins,3,2,away,3-2,5
2024-11-10,Canadiens,Maple Leafs,1,4,home,1-4,5
2024-11-10,Rangers,Red Wings,4,0,away,4-0,4
2024-11-10,Capitals,Blues,8,1,away,8-1,9
2024-11-10,Devils,Islanders,4,3,away,4-3,7
2024-11-10,Utah Hockey Club,Predators,0,4,home,0-4,4
2024-11-10,Hurricanes,Avalanche,4,6,home,4-6,10
2024-11-10,Blue Jackets,Kings,2,5,home,2-5,7
2024-11-10,Oilers,Canucks,7,3,away,7-3,10
2024-11-11,Sharks,Devils,1,0,away,1-0,1
2024-11-11,Wild,Blackhawks,1,2,home,1-2,3
2024-11-11,Blue Jackets,Ducks,2,4,home,2-4,6
2024-11-11,Canadiens,Sabres,7,5,away,7-5,12
2024-11-12,Sharks,Flyers,3,4,home,3-4,7
2024-11-12,Stars,Penguins,7,1,away,7-1,8
2024-11-12,Kings,Flames,1,3,home,1-3,4
2024-11-12,Predators,Avalanche,2,3,home,2-3,5
2024-11-12,Hurricanes,Golden Knights,5,2,away,5-2,7
2024-11-13,Senators,Maple Leafs,3,0,away,3-0,3
2024-11-13,Jets,Rangers,6,3,away,6-3,9
2024-11-13,Devils,Panthers,4,1,away,4-1,5
2024-11-13,Bruins,Blues,3,2,away,3-2,5
2024-11-13,Islanders,Oilers,3,4,home,3-4,7
2024-11-13,Flames,Canucks,1,3,home,1-3,4
2024-11-13,Blue Jackets,Kraken,2,5,home,2-5,7
2024-11-08,Flames,Bruins,3,4,home,3-4,7
2024-11-08,Islanders,Senators,4,2,away,4-2,6
2024-11-08,Predators,Panthers,2,6,home,2-6,8
2024-11-08,Canadiens,Devils,3,5,home,3-5,8
2024-11-08,Sabres,Rangers,6,1,away,6-1,7
2024-11-08,Penguins,Hurricanes,1,5,home,1-5,6
2024-11-08,Flyers,Lightning,2,1,away,2-1,3
2024-11-08,Utah Hockey Club,Blues,4,2,away,4-2,6
2024-11-08,Blackhawks,Stars,1,3,home,1-3,4
2024-11-08,Avalanche,Jets,0,1,home,0-1,1
2024-11-08,Canucks,Kings,4,2,away,4-2,6
2024-11-08,Wild,Sharks,5,2,away,5-2,7
2024-11-09,Red Wings,Maple Leafs,1,3,home,1-3,4
2024-11-09,Penguins,Capitals,4,2,away,4-2,6
2024-11-09,Wild,Ducks,5,2,away,5-2,7
2024-11-09,Golden Knights,Kraken,3,4,home,3-4,7
2024-11-09,Flames,Sabres,2,3,home,2-3,5
2024-11-09,Stars,Jets,1,4,home,1-4,5
2024-11-09,Flyers,Panthers,3,4,home,3-4,7
2024-11-10,Senators,Bruins,3,2,away,3-2,5
2024-11-10,Canadiens,Maple Leafs,1,4,home,1-4,5
2024-11-10,Rangers,Red Wings,4,0,away,4-0,4
2024-11-10,Capitals,Blues,8,1,away,8-1,9
2024-11-10,Devils,Islanders,4,3,away,4-3,7
2024-11-10,Utah Hockey Club,Predators,0,4,home,0-4,4
2024-11-10,Hurricanes,Avalanche,4,6,home,4-6,10
2024-11-10,Blue Jackets,Kings,2,5,home,2-5,7
2024-11-10,Oilers,Canucks,7,3,away,7-3,10
2024-11-11,Sharks,Devils,1,0,away,1-0,1
2024-11-11,Wild,Blackhawks,1,2,home,1-2,3
2024-11-11,Blue Jackets,Ducks,2,4,home,2-4,6
2024-11-11,Canadiens,Sabres,7,5,away,7-5,12
2024-11-12,Sharks,Flyers,3,4,home,3-4,7
2024-11-12,Stars,Penguins,7,1,away,7-1,8
2024-11-12,Kings,Flames,1,3,home,1-3,4
2024-11-12,Predators,Avalanche,2,3,home,2-3,5
2024-11-12,Hurricanes,Golden Knights,5,2,away,5-2,7
2024-11-13,Senators,Maple Leafs,3,0,away,3-0,3
2024-11-13,Jets,Rangers,6,3,away,6-3,9
2024-11-13,Devils,Panthers,4,1,away,4-1,5
2024-11-13,Bruins,Blues,3,2,away,3-2,5
2024-11-13,Islanders,Oilers,3,4,home,3-4,7
2024-11-13,Flames,Canucks,1,3,home,1-3,4
2024-11-13,Blue Jackets,Kraken,2,5,home,2-5,7
2024-11-14,Red Wings,Penguins,3,2,away,3-2,5
2024-11-14,Maple Leafs,Capitals,4,3,away,4-3,7
2024-11-14,Hurricanes,Utah Hockey Club,1,4,home,1-4,5
2024-11-14,Kings,Avalanche,2,4,home,2-4,6
2024-11-14,Golden Knights,Ducks,3,2,away,3-2,5
2024-11-09,Red Wings,Maple Leafs,1,3,home,1-3,4
2024-11-09,Penguins,Capitals,4,2,away,4-2,6
2024-11-09,Wild,Ducks,5,2,away,5-2,7
2024-11-09,Golden Knights,Kraken,3,4,home,3-4,7
2024-11-09,Flames,Sabres,2,3,home,2-3,5
2024-11-09,Stars,Jets,1,4,home,1-4,5
2024-11-09,Flyers,Panthers,3,4,home,3-4,7
2024-11-10,Senators,Bruins,3,2,away,3-2,5
2024-11-10,Canadiens,Maple Leafs,1,4,home,1-4,5
2024-11-10,Rangers,Red Wings,4,0,away,4-0,4
2024-11-10,Capitals,Blues,8,1,away,8-1,9
2024-11-10,Devils,Islanders,4,3,away,4-3,7
2024-11-10,Utah Hockey Club,Predators,0,4,home,0-4,4
2024-11-10,Hurricanes,Avalanche,4,6,home,4-6,10
2024-11-10,Blue Jackets,Kings,2,5,home,2-5,7
2024-11-10,Oilers,Canucks,7,3,away,7-3,10
2024-11-11,Sharks,Devils,1,0,away,1-0,1
2024-11-11,Wild,Blackhawks,1,2,home,1-2,3
2024-11-11,Blue Jackets,Ducks,2,4,home,2-4,6
2024-11-11,Canadiens,Sabres,7,5,away,7-5,12
2024-11-12,Sharks,Flyers,3,4,home,3-4,7
2024-11-12,Stars,Penguins,7,1,away,7-1,8
2024-11-12,Kings,Flames,1,3,home,1-3,4
2024-11-12,Predators,Avalanche,2,3,home,2-3,5
2024-11-12,Hurricanes,Golden Knights,5,2,away,5-2,7
2024-11-13,Senators,Maple Leafs,3,0,away,3-0,3
2024-11-13,Jets,Rangers,6,3,away,6-3,9
2024-11-13,Devils,Panthers,4,1,away,4-1,5
2024-11-13,Bruins,Blues,3,2,away,3-2,5
2024-11-13,Islanders,Oilers,3,4,home,3-4,7
2024-11-13,Flames,Canucks,1,3,home,1-3,4
2024-11-13,Blue Jackets,Kraken,2,5,home,2-5,7
2024-11-14,Red Wings,Penguins,3,2,away,3-2,5
2024-11-14,Maple Leafs,Capitals,4,3,away,4-3,7
2024-11-14,Hurricanes,Utah Hockey Club,1,4,home,1-4,5
2024-11-14,Kings,Avalanche,2,4,home,2-4,6
2024-11-14,Golden Knights,Ducks,3,2,away,3-2,5
2024-11-15,Flyers,Senators,5,4,away,5-4,9
2024-11-15,Jets,Lightning,1,4,home,1-4,5
2024-11-15,Devils,Panthers,6,2,away,6-2,8
2024-11-15,Sharks,Rangers,2,3,home,2-3,5
2024-11-15,Blues,Sabres,3,4,home,3-4,7
2024-11-15,Bruins,Stars,2,7,home,2-7,9
2024-11-15,Canadiens,Wild,0,3,home,0-3,3
2024-11-15,Predators,Oilers,2,3,home,2-3,5
2024-11-15,Islanders,Canucks,5,2,away,5-2,7
2024-11-15,Blackhawks,Kraken,1,3,home,1-3,4
2024-11-09,Flames,Sabres,2,3,home,2-3,5
2024-11-09,Stars,Jets,1,4,home,1-4,5
2024-11-09,Flyers,Panthers,3,4,home,3-4,7
2024-11-10,Senators,Bruins,3,2,away,3-2,5
2024-11-10,Canadiens,Maple Leafs,1,4,home,1-4,5
2024-11-10,Rangers,Red Wings,4,0,away,4-0,4
2024-11-10,Capitals,Blues,8,1,away,8-1,9
2024-11-10,Devils,Islanders,4,3,away,4-3,7
2024-11-10,Utah Hockey Club,Predators,0,4,home,0-4,4
2024-11-10,Hurricanes,Avalanche,4,6,home,4-6,10
2024-11-10,Blue Jackets,Kings,2,5,home,2-5,7
2024-11-10,Oilers,Canucks,7,3,away,7-3,10
2024-11-11,Sharks,Devils,1,0,away,1-0,1
2024-11-11,Wild,Blackhawks,1,2,home,1-2,3
2024-11-11,Blue Jackets,Ducks,2,4,home,2-4,6
2024-11-11,Canadiens,Sabres,7,5,away,7-5,12
2024-11-12,Sharks,Flyers,3,4,home,3-4,7
2024-11-12,Stars,Penguins,7,1,away,7-1,8
2024-11-12,Kings,Flames,1,3,home,1-3,4
2024-11-12,Predators,Avalanche,2,3,home,2-3,5
2024-11-12,Hurricanes,Golden Knights,5,2,away,5-2,7
2024-11-13,Senators,Maple Leafs,3,0,away,3-0,3
2024-11-13,Jets,Rangers,6,3,away,6-3,9
2024-11-13,Devils,Panthers,4,1,away,4-1,5
2024-11-13,Bruins,Blues,3,2,away,3-2,5
2024-11-13,Islanders,Oilers,3,4,home,3-4,7
2024-11-13,Flames,Canucks,1,3,home,1-3,4
2024-11-13,Blue Jackets,Kraken,2,5,home,2-5,7
2024-11-14,Red Wings,Penguins,3,2,away,3-2,5
2024-11-14,Maple Leafs,Capitals,4,3,away,4-3,7
2024-11-14,Hurricanes,Utah Hockey Club,1,4,home,1-4,5
2024-11-14,Kings,Avalanche,2,4,home,2-4,6
2024-11-14,Golden Knights,Ducks,3,2,away,3-2,5
2024-11-15,Flyers,Senators,5,4,away,5-4,9
2024-11-15,Jets,Lightning,1,4,home,1-4,5
2024-11-15,Devils,Panthers,6,2,away,6-2,8
2024-11-15,Sharks,Rangers,2,3,home,2-3,5
2024-11-15,Blues,Sabres,3,4,home,3-4,7
2024-11-15,Bruins,Stars,2,7,home,2-7,9
2024-11-15,Canadiens,Wild,0,3,home,0-3,3
2024-11-15,Predators,Oilers,2,3,home,2-3,5
2024-11-15,Islanders,Canucks,5,2,away,5-2,7
2024-11-15,Blackhawks,Kraken,1,3,home,1-3,4
2024-11-16,Penguins,Blue Jackets,2,6,home,2-6,8
2024-11-16,Capitals,Avalanche,5,2,away,5-2,7
2024-11-16,Predators,Flames,0,2,home,0-2,2
2024-11-16,Golden Knights,Utah Hockey Club,4,2,away,4-2,6
2024-11-16,Red Wings,Ducks,4,6,home,4-6,10
2024-11-11,Sharks,Devils,1,0,away,1-0,1
2024-11-11,Wild,Blackhawks,1,2,home,1-2,3
2024-11-11,Blue Jackets,Ducks,2,4,home,2-4,6
2024-11-11,Canadiens,Sabres,7,5,away,7-5,12
2024-11-12,Sharks,Flyers,3,4,home,3-4,7
2024-11-12,Stars,Penguins,7,1,away,7-1,8
2024-11-12,Kings,Flames,1,3,home,1-3,4
2024-11-12,Predators,Avalanche,2,3,home,2-3,5
2024-11-12,Hurricanes,Golden Knights,5,2,away,5-2,7
2024-11-13,Senators,Maple Leafs,3,0,away,3-0,3
2024-11-13,Jets,Rangers,6,3,away,6-3,9
2024-11-13,Devils,Panthers,4,1,away,4-1,5
2024-11-13,Bruins,Blues,3,2,away,3-2,5
2024-11-13,Islanders,Oilers,3,4,home,3-4,7
2024-11-13,Flames,Canucks,1,3,home,1-3,4
2024-11-13,Blue Jackets,Kraken,2,5,home,2-5,7
2024-11-14,Red Wings,Penguins,3,2,away,3-2,5
2024-11-14,Maple Leafs,Capitals,4,3,away,4-3,7
2024-11-14,Hurricanes,Utah Hockey Club,1,4,home,1-4,5
2024-11-14,Kings,Avalanche,2,4,home,2-4,6
2024-11-14,Golden Knights,Ducks,3,2,away,3-2,5
2024-11-15,Flyers,Senators,5,4,away,5-4,9
2024-11-15,Jets,Lightning,1,4,home,1-4,5
2024-11-15,Devils,Panthers,6,2,away,6-2,8
2024-11-15,Sharks,Rangers,2,3,home,2-3,5
2024-11-15,Blues,Sabres,3,4,home,3-4,7
2024-11-15,Bruins,Stars,2,7,home,2-7,9
2024-11-15,Canadiens,Wild,0,3,home,0-3,3
2024-11-15,Predators,Oilers,2,3,home,2-3,5
2024-11-15,Islanders,Canucks,5,2,away,5-2,7
2024-11-15,Blackhawks,Kraken,1,3,home,1-3,4
2024-11-16,Penguins,Blue Jackets,2,6,home,2-6,8
2024-11-16,Capitals,Avalanche,5,2,away,5-2,7
2024-11-16,Predators,Flames,0,2,home,0-2,2
2024-11-16,Golden Knights,Utah Hockey Club,4,2,away,4-2,6
2024-11-16,Red Wings,Ducks,4,6,home,4-6,10
2024-11-16,Blues,Bruins,3,2,away,3-2,5
2024-11-16,Islanders,Kraken,2,3,home,2-3,5
2024-11-17,Oilers,Maple Leafs,3,4,home,3-4,7
2024-11-17,Blue Jackets,Canadiens,1,5,home,1-5,6
2024-11-17,Devils,Lightning,0,4,home,0-4,4
2024-11-17,Jets,Panthers,0,5,home,0-5,5
2024-11-17,Sabres,Flyers,2,5,home,2-5,7
2024-11-17,Sharks,Penguins,3,4,home,3-4,7
2024-11-17,Senators,Hurricanes,0,4,home,0-4,4
2024-11-17,Stars,Wild,2,1,away,2-1,3
2024-11-17,Red Wings,Kings,1,4,home,1-4,5
2024-11-17,Blackhawks,Canucks,1,4,home,1-4,5
2024-11-11,Canadiens,Sabres,7,5,away,7-5,12
2024-11-12,Sharks,Flyers,3,4,home,3-4,7
2024-11-12,Stars,Penguins,7,1,away,7-1,8
2024-11-12,Kings,Flames,1,3,home,1-3,4
2024-11-12,Predators,Avalanche,2,3,home,2-3,5
2024-11-12,Hurricanes,Golden Knights,5,2,away,5-2,7
2024-11-13,Senators,Maple Leafs,3,0,away,3-0,3
2024-11-13,Jets,Rangers,6,3,away,6-3,9
2024-11-13,Devils,Panthers,4,1,away,4-1,5
2024-11-13,Bruins,Blues,3,2,away,3-2,5
2024-11-13,Islanders,Oilers,3,4,home,3-4,7
2024-11-13,Flames,Canucks,1,3,home,1-3,4
2024-11-13,Blue Jackets,Kraken,2,5,home,2-5,7
2024-11-14,Red Wings,Penguins,3,2,away,3-2,5
2024-11-14,Maple Leafs,Capitals,4,3,away,4-3,7
2024-11-14,Hurricanes,Utah Hockey Club,1,4,home,1-4,5
2024-11-14,Kings,Avalanche,2,4,home,2-4,6
2024-11-14,Golden Knights,Ducks,3,2,away,3-2,5
2024-11-15,Flyers,Senators,5,4,away,5-4,9
2024-11-15,Jets,Lightning,1,4,home,1-4,5
2024-11-15,Devils,Panthers,6,2,away,6-2,8
2024-11-15,Sharks,Rangers,2,3,home,2-3,5
2024-11-15,Blues,Sabres,3,4,home,3-4,7
2024-11-15,Bruins,Stars,2,7,home,2-7,9
2024-11-15,Canadiens,Wild,0,3,home,0-3,3
2024-11-15,Predators,Oilers,2,3,home,2-3,5
2024-11-15,Islanders,Canucks,5,2,away,5-2,7
2024-11-15,Blackhawks,Kraken,1,3,home,1-3,4
2024-11-16,Penguins,Blue Jackets,2,6,home,2-6,8
2024-11-16,Capitals,Avalanche,5,2,away,5-2,7
2024-11-16,Predators,Flames,0,2,home,0-2,2
2024-11-16,Golden Knights,Utah Hockey Club,4,2,away,4-2,6
2024-11-16,Red Wings,Ducks,4,6,home,4-6,10
2024-11-16,Blues,Bruins,3,2,away,3-2,5
2024-11-16,Islanders,Kraken,2,3,home,2-3,5
2024-11-17,Oilers,Maple Leafs,3,4,home,3-4,7
2024-11-17,Blue Jackets,Canadiens,1,5,home,1-5,6
2024-11-17,Devils,Lightning,0,4,home,0-4,4
2024-11-17,Jets,Panthers,0,5,home,0-5,5
2024-11-17,Sabres,Flyers,2,5,home,2-5,7
2024-11-17,Sharks,Penguins,3,4,home,3-4,7
2024-11-17,Senators,Hurricanes,0,4,home,0-4,4
2024-11-17,Stars,Wild,2,1,away,2-1,3
2024-11-17,Red Wings,Kings,1,4,home,1-4,5
2024-11-17,Blackhawks,Canucks,1,4,home,1-4,5
2024-11-17,Blues,Hurricanes,1,4,home,1-4,5
2024-11-18,Capitals,Golden Knights,5,2,away,5-2,7
2024-11-18,Rangers,Kraken,2,0,away,2-0,2
2024-11-18,Predators,Canucks,5,3,away,5-3,8
2024-11-13,Senators,Maple Leafs,3,0,away,3-0,3
2024-11-13,Jets,Rangers,6,3,away,6-3,9
2024-11-13,Devils,Panthers,4,1,away,4-1,5
2024-11-13,Bruins,Blues,3,2,away,3-2,5
2024-11-13,Islanders,Oilers,3,4,home,3-4,7
2024-11-13,Flames,Canucks,1,3,home,1-3,4
2024-11-13,Blue Jackets,Kraken,2,5,home,2-5,7
2024-11-14,Red Wings,Penguins,3,2,away,3-2,5
2024-11-14,Maple Leafs,Capitals,4,3,away,4-3,7
2024-11-14,Hurricanes,Utah Hockey Club,1,4,home,1-4,5
2024-11-14,Kings,Avalanche,2,4,home,2-4,6
2024-11-14,Golden Knights,Ducks,3,2,away,3-2,5
2024-11-15,Flyers,Senators,5,4,away,5-4,9
2024-11-15,Jets,Lightning,1,4,home,1-4,5
2024-11-15,Devils,Panthers,6,2,away,6-2,8
2024-11-15,Sharks,Rangers,2,3,home,2-3,5
2024-11-15,Blues,Sabres,3,4,home,3-4,7
2024-11-15,Bruins,Stars,2,7,home,2-7,9
2024-11-15,Canadiens,Wild,0,3,home,0-3,3
2024-11-15,Predators,Oilers,2,3,home,2-3,5
2024-11-15,Islanders,Canucks,5,2,away,5-2,7
2024-11-15,Blackhawks,Kraken,1,3,home,1-3,4
2024-11-16,Penguins,Blue Jackets,2,6,home,2-6,8
2024-11-16,Capitals,Avalanche,5,2,away,5-2,7
2024-11-16,Predators,Flames,0,2,home,0-2,2
2024-11-16,Golden Knights,Utah Hockey Club,4,2,away,4-2,6
2024-11-16,Red Wings,Ducks,4,6,home,4-6,10
2024-11-16,Blues,Bruins,3,2,away,3-2,5
2024-11-16,Islanders,Kraken,2,3,home,2-3,5
2024-11-17,Oilers,Maple Leafs,3,4,home,3-4,7
2024-11-17,Blue Jackets,Canadiens,1,5,home,1-5,6
2024-11-17,Devils,Lightning,0,4,home,0-4,4
2024-11-17,Jets,Panthers,0,5,home,0-5,5
2024-11-17,Sabres,Flyers,2,5,home,2-5,7
2024-11-17,Sharks,Penguins,3,4,home,3-4,7
2024-11-17,Senators,Hurricanes,0,4,home,0-4,4
2024-11-17,Stars,Wild,2,1,away,2-1,3
2024-11-17,Red Wings,Kings,1,4,home,1-4,5
2024-11-17,Blackhawks,Canucks,1,4,home,1-4,5
2024-11-17,Blues,Hurricanes,1,4,home,1-4,5
2024-11-18,Capitals,Golden Knights,5,2,away,5-2,7
2024-11-18,Rangers,Kraken,2,0,away,2-0,2
2024-11-18,Predators,Canucks,5,3,away,5-3,8
2024-11-19,Blue Jackets,Bruins,5,1,away,5-1,6
2024-11-19,Avalanche,Flyers,3,2,away,3-2,5
2024-11-19,Oilers,Canadiens,0,3,home,0-3,3
2024-11-19,Ducks,Stars,4,2,away,4-2,6
2024-11-19,Capitals,Utah Hockey Club,6,2,away,6-2,8
2024-11-19,Red Wings,Sharks,4,5,home,4-5,9
2024-11-14,Red Wings,Penguins,3,2,away,3-2,5
2024-11-14,Maple Leafs,Capitals,4,3,away,4-3,7
2024-11-14,Hurricanes,Utah Hockey Club,1,4,home,1-4,5
2024-11-14,Kings,Avalanche,2,4,home,2-4,6
2024-11-14,Golden Knights,Ducks,3,2,away,3-2,5
2024-11-15,Flyers,Senators,5,4,away,5-4,9
2024-11-15,Jets,Lightning,1,4,home,1-4,5
2024-11-15,Devils,Panthers,6,2,away,6-2,8
2024-11-15,Sharks,Rangers,2,3,home,2-3,5
2024-11-15,Blues,Sabres,3,4,home,3-4,7
2024-11-15,Bruins,Stars,2,7,home,2-7,9
2024-11-15,Canadiens,Wild,0,3,home,0-3,3
2024-11-15,Predators,Oilers,2,3,home,2-3,5
2024-11-15,Islanders,Canucks,5,2,away,5-2,7
2024-11-15,Blackhawks,Kraken,1,3,home,1-3,4
2024-11-16,Penguins,Blue Jackets,2,6,home,2-6,8
2024-11-16,Capitals,Avalanche,5,2,away,5-2,7
2024-11-16,Predators,Flames,0,2,home,0-2,2
2024-11-16,Golden Knights,Utah Hockey Club,4,2,away,4-2,6
2024-11-16,Red Wings,Ducks,4,6,home,4-6,10
2024-11-16,Blues,Bruins,3,2,away,3-2,5
2024-11-16,Islanders,Kraken,2,3,home,2-3,5
2024-11-17,Oilers,Maple Leafs,3,4,home,3-4,7
2024-11-17,Blue Jackets,Canadiens,1,5,home,1-5,6
2024-11-17,Devils,Lightning,0,4,home,0-4,4
2024-11-17,Jets,Panthers,0,5,home,0-5,5
2024-11-17,Sabres,Flyers,2,5,home,2-5,7
2024-11-17,Sharks,Penguins,3,4,home,3-4,7
2024-11-17,Senators,Hurricanes,0,4,home,0-4,4
2024-11-17,Stars,Wild,2,1,away,2-1,3
2024-11-17,Red Wings,Kings,1,4,home,1-4,5
2024-11-17,Blackhawks,Canucks,1,4,home,1-4,5
2024-11-17,Blues,Hurricanes,1,4,home,1-4,5
2024-11-18,Capitals,Golden Knights,5,2,away,5-2,7
2024-11-18,Rangers,Kraken,2,0,away,2-0,2
2024-11-18,Predators,Canucks,5,3,away,5-3,8
2024-11-19,Blue Jackets,Bruins,5,1,away,5-1,6
2024-11-19,Avalanche,Flyers,3,2,away,3-2,5
2024-11-19,Oilers,Canadiens,0,3,home,0-3,3
2024-11-19,Ducks,Stars,4,2,away,4-2,6
2024-11-19,Capitals,Utah Hockey Club,6,2,away,6-2,8
2024-11-19,Red Wings,Sharks,4,5,home,4-5,9
2024-11-20,Oilers,Senators,5,2,away,5-2,7
2024-11-20,Lightning,Penguins,3,2,away,3-2,5
2024-11-20,Wild,Blues,4,2,away,4-2,6
2024-11-20,Panthers,Jets,3,6,home,3-6,9
2024-11-20,Ducks,Blackhawks,3,2,away,3-2,5
2024-11-20,Islanders,Flames,1,2,home,1-2,3
2024-11-20,Rangers,Canucks,4,3,away,4-3,7
2024-11-15,Flyers,Senators,5,4,away,5-4,9
2024-11-15,Jets,Lightning,1,4,home,1-4,5
2024-11-15,Devils,Panthers,6,2,away,6-2,8
2024-11-15,Sharks,Rangers,2,3,home,2-3,5
2024-11-15,Blues,Sabres,3,4,home,3-4,7
2024-11-15,Bruins,Stars,2,7,home,2-7,9
2024-11-15,Canadiens,Wild,0,3,home,0-3,3
2024-11-15,Predators,Oilers,2,3,home,2-3,5
2024-11-15,Islanders,Canucks,5,2,away,5-2,7
2024-11-15,Blackhawks,Kraken,1,3,home,1-3,4
2024-11-16,Penguins,Blue Jackets,2,6,home,2-6,8
2024-11-16,Capitals,Avalanche,5,2,away,5-2,7
2024-11-16,Predators,Flames,0,2,home,0-2,2
2024-11-16,Golden Knights,Utah Hockey Club,4,2,away,4-2,6
2024-11-16,Red Wings,Ducks,4,6,home,4-6,10
2024-11-16,Blues,Bruins,3,2,away,3-2,5
2024-11-16,Islanders,Kraken,2,3,home,2-3,5
2024-11-17,Oilers,Maple Leafs,3,4,home,3-4,7
2024-11-17,Blue Jackets,Canadiens,1,5,home,1-5,6
2024-11-17,Devils,Lightning,0,4,home,0-4,4
2024-11-17,Jets,Panthers,0,5,home,0-5,5
2024-11-17,Sabres,Flyers,2,5,home,2-5,7
2024-11-17,Sharks,Penguins,3,4,home,3-4,7
2024-11-17,Senators,Hurricanes,0,4,home,0-4,4
2024-11-17,Stars,Wild,2,1,away,2-1,3
2024-11-17,Red Wings,Kings,1,4,home,1-4,5
2024-11-17,Blackhawks,Canucks,1,4,home,1-4,5
2024-11-17,Blues,Hurricanes,1,4,home,1-4,5
2024-11-18,Capitals,Golden Knights,5,2,away,5-2,7
2024-11-18,Rangers,Kraken,2,0,away,2-0,2
2024-11-18,Predators,Canucks,5,3,away,5-3,8
2024-11-19,Blue Jackets,Bruins,5,1,away,5-1,6
2024-11-19,Avalanche,Flyers,3,2,away,3-2,5
2024-11-19,Oilers,Canadiens,0,3,home,0-3,3
2024-11-19,Ducks,Stars,4,2,away,4-2,6
2024-11-19,Capitals,Utah Hockey Club,6,2,away,6-2,8
2024-11-19,Red Wings,Sharks,4,5,home,4-5,9
2024-11-20,Oilers,Senators,5,2,away,5-2,7
2024-11-20,Lightning,Penguins,3,2,away,3-2,5
2024-11-20,Wild,Blues,4,2,away,4-2,6
2024-11-20,Panthers,Jets,3,6,home,3-6,9
2024-11-20,Ducks,Blackhawks,3,2,away,3-2,5
2024-11-20,Islanders,Flames,1,2,home,1-2,3
2024-11-20,Rangers,Canucks,4,3,away,4-3,7
2024-11-21,Golden Knights,Maple Leafs,0,3,home,0-3,3
2024-11-21,Hurricanes,Flyers,4,1,away,4-1,5
2024-11-21,Sharks,Stars,2,5,home,2-5,7
2024-11-21,Predators,Kraken,0,3,home,0-3,3
2024-11-21,Sabres,Kings,1,0,away,1-0,1
2024-11-16,Penguins,Blue Jackets,2,6,home,2-6,8
2024-11-16,Capitals,Avalanche,5,2,away,5-2,7
2024-11-16,Predators,Flames,0,2,home,0-2,2
2024-11-16,Golden Knights,Utah Hockey Club,4,2,away,4-2,6
2024-11-16,Red Wings,Ducks,4,6,home,4-6,10
2024-11-16,Blues,Bruins,3,2,away,3-2,5
2024-11-16,Islanders,Kraken,2,3,home,2-3,5
2024-11-17,Oilers,Maple Leafs,3,4,home,3-4,7
2024-11-17,Blue Jackets,Canadiens,1,5,home,1-5,6
2024-11-17,Devils,Lightning,0,4,home,0-4,4
2024-11-17,Jets,Panthers,0,5,home,0-5,5
2024-11-17,Sabres,Flyers,2,5,home,2-5,7
2024-11-17,Sharks,Penguins,3,4,home,3-4,7
2024-11-17,Senators,Hurricanes,0,4,home,0-4,4
2024-11-17,Stars,Wild,2,1,away,2-1,3
2024-11-17,Red Wings,Kings,1,4,home,1-4,5
2024-11-17,Blackhawks,Canucks,1,4,home,1-4,5
2024-11-17,Blues,Hurricanes,1,4,home,1-4,5
2024-11-18,Capitals,Golden Knights,5,2,away,5-2,7
2024-11-18,Rangers,Kraken,2,0,away,2-0,2
2024-11-18,Predators,Canucks,5,3,away,5-3,8
2024-11-19,Blue Jackets,Bruins,5,1,away,5-1,6
2024-11-19,Avalanche,Flyers,3,2,away,3-2,5
2024-11-19,Oilers,Canadiens,0,3,home,0-3,3
2024-11-19,Ducks,Stars,4,2,away,4-2,6
2024-11-19,Capitals,Utah Hockey Club,6,2,away,6-2,8
2024-11-19,Red Wings,Sharks,4,5,home,4-5,9
2024-11-20,Oilers,Senators,5,2,away,5-2,7
2024-11-20,Lightning,Penguins,3,2,away,3-2,5
2024-11-20,Wild,Blues,4,2,away,4-2,6
2024-11-20,Panthers,Jets,3,6,home,3-6,9
2024-11-20,Ducks,Blackhawks,3,2,away,3-2,5
2024-11-20,Islanders,Flames,1,2,home,1-2,3
2024-11-20,Rangers,Canucks,4,3,away,4-3,7
2024-11-21,Golden Knights,Maple Leafs,0,3,home,0-3,3
2024-11-21,Hurricanes,Flyers,4,1,away,4-1,5
2024-11-21,Sharks,Stars,2,5,home,2-5,7
2024-11-21,Predators,Kraken,0,3,home,0-3,3
2024-11-21,Sabres,Kings,1,0,away,1-0,1
2024-11-22,Utah Hockey Club,Bruins,0,1,home,0-1,1
2024-11-22,Golden Knights,Senators,3,2,away,3-2,5
2024-11-22,Islanders,Red Wings,1,2,home,1-2,3
2024-11-22,Hurricanes,Devils,2,4,home,2-4,6
2024-11-22,Avalanche,Capitals,2,1,away,2-1,3
2024-11-22,Lightning,Blue Jackets,6,7,home,6-7,13
2024-11-22,Sharks,Blues,2,3,home,2-3,5
2024-11-22,Panthers,Blackhawks,1,3,home,1-3,4
2024-11-22,Rangers,Flames,2,3,home,2-3,5
2024-11-22,Wild,Oilers,5,3,away,5-3,8
2024-11-16,Blues,Bruins,3,2,away,3-2,5
2024-11-16,Islanders,Kraken,2,3,home,2-3,5
2024-11-17,Oilers,Maple Leafs,3,4,home,3-4,7
2024-11-17,Blue Jackets,Canadiens,1,5,home,1-5,6
2024-11-17,Devils,Lightning,0,4,home,0-4,4
2024-11-17,Jets,Panthers,0,5,home,0-5,5
2024-11-17,Sabres,Flyers,2,5,home,2-5,7
2024-11-17,Sharks,Penguins,3,4,home,3-4,7
2024-11-17,Senators,Hurricanes,0,4,home,0-4,4
2024-11-17,Stars,Wild,2,1,away,2-1,3
2024-11-17,Red Wings,Kings,1,4,home,1-4,5
2024-11-17,Blackhawks,Canucks,1,4,home,1-4,5
2024-11-17,Blues,Hurricanes,1,4,home,1-4,5
2024-11-18,Capitals,Golden Knights,5,2,away,5-2,7
2024-11-18,Rangers,Kraken,2,0,away,2-0,2
2024-11-18,Predators,Canucks,5,3,away,5-3,8
2024-11-19,Blue Jackets,Bruins,5,1,away,5-1,6
2024-11-19,Avalanche,Flyers,3,2,away,3-2,5
2024-11-19,Oilers,Canadiens,0,3,home,0-3,3
2024-11-19,Ducks,Stars,4,2,away,4-2,6
2024-11-19,Capitals,Utah Hockey Club,6,2,away,6-2,8
2024-11-19,Red Wings,Sharks,4,5,home,4-5,9
2024-11-20,Oilers,Senators,5,2,away,5-2,7
2024-11-20,Lightning,Penguins,3,2,away,3-2,5
2024-11-20,Wild,Blues,4,2,away,4-2,6
2024-11-20,Panthers,Jets,3,6,home,3-6,9
2024-11-20,Ducks,Blackhawks,3,2,away,3-2,5
2024-11-20,Islanders,Flames,1,2,home,1-2,3
2024-11-20,Rangers,Canucks,4,3,away,4-3,7
2024-11-21,Golden Knights,Maple Leafs,0,3,home,0-3,3
2024-11-21,Hurricanes,Flyers,4,1,away,4-1,5
2024-11-21,Sharks,Stars,2,5,home,2-5,7
2024-11-21,Predators,Kraken,0,3,home,0-3,3
2024-11-21,Sabres,Kings,1,0,away,1-0,1
2024-11-22,Utah Hockey Club,Bruins,0,1,home,0-1,1
2024-11-22,Golden Knights,Senators,3,2,away,3-2,5
2024-11-22,Islanders,Red Wings,1,2,home,1-2,3
2024-11-22,Hurricanes,Devils,2,4,home,2-4,6
2024-11-22,Avalanche,Capitals,2,1,away,2-1,3
2024-11-22,Lightning,Blue Jackets,6,7,home,6-7,13
2024-11-22,Sharks,Blues,2,3,home,2-3,5
2024-11-22,Panthers,Blackhawks,1,3,home,1-3,4
2024-11-22,Rangers,Flames,2,3,home,2-3,5
2024-11-22,Wild,Oilers,5,3,away,5-3,8
2024-11-23,Jets,Penguins,4,1,away,4-1,5
2024-11-23,Sabres,Ducks,3,2,away,3-2,5
2024-11-17,Blues,Hurricanes,1,4,home,1-4,5
2024-11-18,Capitals,Golden Knights,5,2,away,5-2,7
2024-11-18,Rangers,Kraken,2,0,away,2-0,2
2024-11-18,Predators,Canucks,5,3,away,5-3,8
2024-11-19,Blue Jackets,Bruins,5,1,away,5-1,6
2024-11-19,Avalanche,Flyers,3,2,away,3-2,5
2024-11-19,Oilers,Canadiens,0,3,home,0-3,3
2024-11-19,Ducks,Stars,4,2,away,4-2,6
2024-11-19,Capitals,Utah Hockey Club,6,2,away,6-2,8
2024-11-19,Red Wings,Sharks,4,5,home,4-5,9
2024-11-20,Oilers,Senators,5,2,away,5-2,7
2024-11-20,Lightning,Penguins,3,2,away,3-2,5
2024-11-20,Wild,Blues,4,2,away,4-2,6
2024-11-20,Panthers,Jets,3,6,home,3-6,9
2024-11-20,Ducks,Blackhawks,3,2,away,3-2,5
2024-11-20,Islanders,Flames,1,2,home,1-2,3
2024-11-20,Rangers,Canucks,4,3,away,4-3,7
2024-11-21,Golden Knights,Maple Leafs,0,3,home,0-3,3
2024-11-21,Hurricanes,Flyers,4,1,away,4-1,5
2024-11-21,Sharks,Stars,2,5,home,2-5,7
2024-11-21,Predators,Kraken,0,3,home,0-3,3
2024-11-21,Sabres,Kings,1,0,away,1-0,1
2024-11-22,Utah Hockey Club,Bruins,0,1,home,0-1,1
2024-11-22,Golden Knights,Senators,3,2,away,3-2,5
2024-11-22,Islanders,Red Wings,1,2,home,1-2,3
2024-11-22,Hurricanes,Devils,2,4,home,2-4,6
2024-11-22,Avalanche,Capitals,2,1,away,2-1,3
2024-11-22,Lightning,Blue Jackets,6,7,home,6-7,13
2024-11-22,Sharks,Blues,2,3,home,2-3,5
2024-11-22,Panthers,Blackhawks,1,3,home,1-3,4
2024-11-22,Rangers,Flames,2,3,home,2-3,5
2024-11-22,Wild,Oilers,5,3,away,5-3,8
2024-11-23,Jets,Penguins,4,1,away,4-1,5
2024-11-23,Sabres,Ducks,3,2,away,3-2,5
2024-11-23,Blackhawks,Flyers,2,3,home,2-3,5
2024-11-23,Wild,Flames,3,4,home,3-4,7
2024-11-23,Kraken,Kings,1,2,home,1-2,3
2024-11-23,Avalanche,Panthers,7,4,away,7-4,11
2024-11-24,Golden Knights,Canadiens,6,2,away,6-2,8
2024-11-24,Canucks,Senators,4,3,away,4-3,7
2024-11-24,Bruins,Red Wings,2,1,away,2-1,3
2024-11-24,Stars,Lightning,4,2,away,4-2,6
2024-11-24,Utah Hockey Club,Penguins,6,1,away,6-1,7
2024-11-24,Devils,Capitals,3,2,away,3-2,5
2024-11-24,Hurricanes,Blue Jackets,4,5,home,4-5,9
2024-11-24,Jets,Predators,1,4,home,1-4,5
2024-11-24,Blues,Islanders,1,3,home,1-3,4
2024-11-24,Sabres,Sharks,4,2,away,4-2,6
2024-11-24,Rangers,Oilers,2,6,home,2-6,8
2024-11-19,Blue Jackets,Bruins,5,1,away,5-1,6
2024-11-19,Avalanche,Flyers,3,2,away,3-2,5
2024-11-19,Oilers,Canadiens,0,3,home,0-3,3
2024-11-19,Ducks,Stars,4,2,away,4-2,6
2024-11-19,Capitals,Utah Hockey Club,6,2,away,6-2,8
2024-11-19,Red Wings,Sharks,4,5,home,4-5,9
2024-11-20,Oilers,Senators,5,2,away,5-2,7
2024-11-20,Lightning,Penguins,3,2,away,3-2,5
2024-11-20,Wild,Blues,4,2,away,4-2,6
2024-11-20,Panthers,Jets,3,6,home,3-6,9
2024-11-20,Ducks,Blackhawks,3,2,away,3-2,5
2024-11-20,Islanders,Flames,1,2,home,1-2,3
2024-11-20,Rangers,Canucks,4,3,away,4-3,7
2024-11-21,Golden Knights,Maple Leafs,0,3,home,0-3,3
2024-11-21,Hurricanes,Flyers,4,1,away,4-1,5
2024-11-21,Sharks,Stars,2,5,home,2-5,7
2024-11-21,Predators,Kraken,0,3,home,0-3,3
2024-11-21,Sabres,Kings,1,0,away,1-0,1
2024-11-22,Utah Hockey Club,Bruins,0,1,home,0-1,1
2024-11-22,Golden Knights,Senators,3,2,away,3-2,5
2024-11-22,Islanders,Red Wings,1,2,home,1-2,3
2024-11-22,Hurricanes,Devils,2,4,home,2-4,6
2024-11-22,Avalanche,Capitals,2,1,away,2-1,3
2024-11-22,Lightning,Blue Jackets,6,7,home,6-7,13
2024-11-22,Sharks,Blues,2,3,home,2-3,5
2024-11-22,Panthers,Blackhawks,1,3,home,1-3,4
2024-11-22,Rangers,Flames,2,3,home,2-3,5
2024-11-22,Wild,Oilers,5,3,away,5-3,8
2024-11-23,Jets,Penguins,4,1,away,4-1,5
2024-11-23,Sabres,Ducks,3,2,away,3-2,5
2024-11-23,Blackhawks,Flyers,2,3,home,2-3,5
2024-11-23,Wild,Flames,3,4,home,3-4,7
2024-11-23,Kraken,Kings,1,2,home,1-2,3
2024-11-23,Avalanche,Panthers,7,4,away,7-4,11
2024-11-24,Golden Knights,Canadiens,6,2,away,6-2,8
2024-11-24,Canucks,Senators,4,3,away,4-3,7
2024-11-24,Bruins,Red Wings,2,1,away,2-1,3
2024-11-24,Stars,Lightning,4,2,away,4-2,6
2024-11-24,Utah Hockey Club,Penguins,6,1,away,6-1,7
2024-11-24,Devils,Capitals,3,2,away,3-2,5
2024-11-24,Hurricanes,Blue Jackets,4,5,home,4-5,9
2024-11-24,Jets,Predators,1,4,home,1-4,5
2024-11-24,Blues,Islanders,1,3,home,1-3,4
2024-11-24,Sabres,Sharks,4,2,away,4-2,6
2024-11-24,Rangers,Oilers,2,6,home,2-6,8
2024-11-25,Utah Hockey Club,Maple Leafs,2,3,home,2-3,5
2024-11-20,Oilers,Senators,5,2,away,5-2,7
2024-11-20,Lightning,Penguins,3,2,away,3-2,5
2024-11-20,Wild,Blues,4,2,away,4-2,6
2024-11-20,Panthers,Jets,3,6,home,3-6,9
2024-11-20,Ducks,Blackhawks,3,2,away,3-2,5
2024-11-20,Islanders,Flames,1,2,home,1-2,3
2024-11-20,Rangers,Canucks,4,3,away,4-3,7
2024-11-21,Golden Knights,Maple Leafs,0,3,home,0-3,3
2024-11-21,Hurricanes,Flyers,4,1,away,4-1,5
2024-11-21,Sharks,Stars,2,5,home,2-5,7
2024-11-21,Predators,Kraken,0,3,home,0-3,3
2024-11-21,Sabres,Kings,1,0,away,1-0,1
2024-11-22,Utah Hockey Club,Bruins,0,1,home,0-1,1
2024-11-22,Golden Knights,Senators,3,2,away,3-2,5
2024-11-22,Islanders,Red Wings,1,2,home,1-2,3
2024-11-22,Hurricanes,Devils,2,4,home,2-4,6
2024-11-22,Avalanche,Capitals,2,1,away,2-1,3
2024-11-22,Lightning,Blue Jackets,6,7,home,6-7,13
2024-11-22,Sharks,Blues,2,3,home,2-3,5
2024-11-22,Panthers,Blackhawks,1,3,home,1-3,4
2024-11-22,Rangers,Flames,2,3,home,2-3,5
2024-11-22,Wild,Oilers,5,3,away,5-3,8
2024-11-23,Jets,Penguins,4,1,away,4-1,5
2024-11-23,Sabres,Ducks,3,2,away,3-2,5
2024-11-23,Blackhawks,Flyers,2,3,home,2-3,5
2024-11-23,Wild,Flames,3,4,home,3-4,7
2024-11-23,Kraken,Kings,1,2,home,1-2,3
2024-11-23,Avalanche,Panthers,7,4,away,7-4,11
2024-11-24,Golden Knights,Canadiens,6,2,away,6-2,8
2024-11-24,Canucks,Senators,4,3,away,4-3,7
2024-11-24,Bruins,Red Wings,2,1,away,2-1,3
2024-11-24,Stars,Lightning,4,2,away,4-2,6
2024-11-24,Utah Hockey Club,Penguins,6,1,away,6-1,7
2024-11-24,Devils,Capitals,3,2,away,3-2,5
2024-11-24,Hurricanes,Blue Jackets,4,5,home,4-5,9
2024-11-24,Jets,Predators,1,4,home,1-4,5
2024-11-24,Blues,Islanders,1,3,home,1-3,4
2024-11-24,Sabres,Sharks,4,2,away,4-2,6
2024-11-24,Rangers,Oilers,2,6,home,2-6,8
2024-11-25,Utah Hockey Club,Maple Leafs,2,3,home,2-3,5
2024-11-26,Avalanche,Lightning,2,8,home,2-8,10
2024-11-26,Capitals,Panthers,4,1,away,4-1,5
2024-11-26,Predators,Devils,2,5,home,2-5,7
2024-11-26,Blues,Rangers,5,2,away,5-2,7
2024-11-26,Golden Knights,Flyers,5,4,away,5-4,9
2024-11-26,Stars,Hurricanes,4,6,home,4-6,10
2024-11-26,Flames,Senators,3,4,home,3-4,7
2024-11-26,Red Wings,Islanders,4,2,away,4-2,6
2024-11-26,Jets,Wild,4,1,away,4-1,5
2024-11-26,Kraken,Ducks,3,2,away,3-2,5
2024-11-26,Kings,Sharks,2,7,home,2-7,9
2024-11-21,Golden Knights,Maple Leafs,0,3,home,0-3,3
2024-11-21,Hurricanes,Flyers,4,1,away,4-1,5
2024-11-21,Sharks,Stars,2,5,home,2-5,7
2024-11-21,Predators,Kraken,0,3,home,0-3,3
2024-11-21,Sabres,Kings,1,0,away,1-0,1
2024-11-22,Utah Hockey Club,Bruins,0,1,home,0-1,1
2024-11-22,Golden Knights,Senators,3,2,away,3-2,5
2024-11-22,Islanders,Red Wings,1,2,home,1-2,3
2024-11-22,Hurricanes,Devils,2,4,home,2-4,6
2024-11-22,Avalanche,Capitals,2,1,away,2-1,3
2024-11-22,Lightning,Blue Jackets,6,7,home,6-7,13
2024-11-22,Sharks,Blues,2,3,home,2-3,5
2024-11-22,Panthers,Blackhawks,1,3,home,1-3,4
2024-11-22,Rangers,Flames,2,3,home,2-3,5
2024-11-22,Wild,Oilers,5,3,away,5-3,8
2024-11-23,Jets,Penguins,4,1,away,4-1,5
2024-11-23,Sabres,Ducks,3,2,away,3-2,5
2024-11-23,Blackhawks,Flyers,2,3,home,2-3,5
2024-11-23,Wild,Flames,3,4,home,3-4,7
2024-11-23,Kraken,Kings,1,2,home,1-2,3
2024-11-23,Avalanche,Panthers,7,4,away,7-4,11
2024-11-24,Golden Knights,Canadiens,6,2,away,6-2,8
2024-11-24,Canucks,Senators,4,3,away,4-3,7
2024-11-24,Bruins,Red Wings,2,1,away,2-1,3
2024-11-24,Stars,Lightning,4,2,away,4-2,6
2024-11-24,Utah Hockey Club,Penguins,6,1,away,6-1,7
2024-11-24,Devils,Capitals,3,2,away,3-2,5
2024-11-24,Hurricanes,Blue Jackets,4,5,home,4-5,9
2024-11-24,Jets,Predators,1,4,home,1-4,5
2024-11-24,Blues,Islanders,1,3,home,1-3,4
2024-11-24,Sabres,Sharks,4,2,away,4-2,6
2024-11-24,Rangers,Oilers,2,6,home,2-6,8
2024-11-25,Utah Hockey Club,Maple Leafs,2,3,home,2-3,5
2024-11-26,Avalanche,Lightning,2,8,home,2-8,10
2024-11-26,Capitals,Panthers,4,1,away,4-1,5
2024-11-26,Predators,Devils,2,5,home,2-5,7
2024-11-26,Blues,Rangers,5,2,away,5-2,7
2024-11-26,Golden Knights,Flyers,5,4,away,5-4,9
2024-11-26,Stars,Hurricanes,4,6,home,4-6,10
2024-11-26,Flames,Senators,3,4,home,3-4,7
2024-11-26,Red Wings,Islanders,4,2,away,4-2,6
2024-11-26,Jets,Wild,4,1,away,4-1,5
2024-11-26,Kraken,Ducks,3,2,away,3-2,5
2024-11-26,Kings,Sharks,2,7,home,2-7,9
2024-11-27,Canucks,Bruins,2,0,away,2-0,2
2024-11-27,Utah Hockey Club,Canadiens,3,2,away,3-2,5
2024-11-22,Utah Hockey Club,Bruins,0,1,home,0-1,1
2024-11-22,Golden Knights,Senators,3,2,away,3-2,5
2024-11-22,Islanders,Red Wings,1,2,home,1-2,3
2024-11-22,Hurricanes,Devils,2,4,home,2-4,6
2024-11-22,Avalanche,Capitals,2,1,away,2-1,3
2024-11-22,Lightning,Blue Jackets,6,7,home,6-7,13
2024-11-22,Sharks,Blues,2,3,home,2-3,5
2024-11-22,Panthers,Blackhawks,1,3,home,1-3,4
2024-11-22,Rangers,Flames,2,3,home,2-3,5
2024-11-22,Wild,Oilers,5,3,away,5-3,8
2024-11-23,Jets,Penguins,4,1,away,4-1,5
2024-11-23,Sabres,Ducks,3,2,away,3-2,5
2024-11-23,Blackhawks,Flyers,2,3,home,2-3,5
2024-11-23,Wild,Flames,3,4,home,3-4,7
2024-11-23,Kraken,Kings,1,2,home,1-2,3
2024-11-23,Avalanche,Panthers,7,4,away,7-4,11
2024-11-24,Golden Knights,Canadiens,6,2,away,6-2,8
2024-11-24,Canucks,Senators,4,3,away,4-3,7
2024-11-24,Bruins,Red Wings,2,1,away,2-1,3
2024-11-24,Stars,Lightning,4,2,away,4-2,6
2024-11-24,Utah Hockey Club,Penguins,6,1,away,6-1,7
2024-11-24,Devils,Capitals,3,2,away,3-2,5
2024-11-24,Hurricanes,Blue Jackets,4,5,home,4-5,9
2024-11-24,Jets,Predators,1,4,home,1-4,5
2024-11-24,Blues,Islanders,1,3,home,1-3,4
2024-11-24,Sabres,Sharks,4,2,away,4-2,6
2024-11-24,Rangers,Oilers,2,6,home,2-6,8
2024-11-25,Utah Hockey Club,Maple Leafs,2,3,home,2-3,5
2024-11-26,Avalanche,Lightning,2,8,home,2-8,10
2024-11-26,Capitals,Panthers,4,1,away,4-1,5
2024-11-26,Predators,Devils,2,5,home,2-5,7
2024-11-26,Blues,Rangers,5,2,away,5-2,7
2024-11-26,Golden Knights,Flyers,5,4,away,5-4,9
2024-11-26,Stars,Hurricanes,4,6,home,4-6,10
2024-11-26,Flames,Senators,3,4,home,3-4,7
2024-11-26,Red Wings,Islanders,4,2,away,4-2,6
2024-11-26,Jets,Wild,4,1,away,4-1,5
2024-11-26,Kraken,Ducks,3,2,away,3-2,5
2024-11-26,Kings,Sharks,2,7,home,2-7,9
2024-11-27,Canucks,Bruins,2,0,away,2-0,2
2024-11-27,Utah Hockey Club,Canadiens,3,2,away,3-2,5
2024-11-28,Wild,Sabres,1,0,away,1-0,1
2024-11-28,Blues,Devils,3,0,away,3-0,3
2024-11-28,Rangers,Hurricanes,3,4,home,3-4,7
2024-11-28,Flames,Red Wings,1,2,home,1-2,3
2024-11-28,Capitals,Lightning,5,4,away,5-4,9
2024-11-28,Maple Leafs,Panthers,1,5,home,1-5,6
2024-11-28,Bruins,Islanders,6,3,away,6-3,9
2024-11-28,Canucks,Penguins,4,5,home,4-5,9
2024-11-28,Canadiens,Blue Jackets,4,3,away,4-3,7
2024-11-28,Flyers,Predators,3,2,away,3-2,5
2024-11-28,Stars,Blackhawks,2,6,home,2-6,8
2024-11-28,Golden Knights,Avalanche,1,2,home,1-2,3
2024-11-28,Jets,Kings,1,4,home,1-4,5
2024-11-28,Ducks,Kraken,5,2,away,5-2,7
2024-11-28,Senators,Sharks,4,3,away,4-3,7
2024-11-23,Jets,Penguins,4,1,away,4-1,5
2024-11-23,Sabres,Ducks,3,2,away,3-2,5
2024-11-23,Blackhawks,Flyers,2,3,home,2-3,5
2024-11-23,Wild,Flames,3,4,home,3-4,7
2024-11-23,Kraken,Kings,1,2,home,1-2,3
2024-11-23,Avalanche,Panthers,7,4,away,7-4,11
2024-11-24,Golden Knights,Canadiens,6,2,away,6-2,8
2024-11-24,Canucks,Senators,4,3,away,4-3,7
2024-11-24,Bruins,Red Wings,2,1,away,2-1,3
2024-11-24,Stars,Lightning,4,2,away,4-2,6
2024-11-24,Utah Hockey Club,Penguins,6,1,away,6-1,7
2024-11-24,Devils,Capitals,3,2,away,3-2,5
2024-11-24,Hurricanes,Blue Jackets,4,5,home,4-5,9
2024-11-24,Jets,Predators,1,4,home,1-4,5
2024-11-24,Blues,Islanders,1,3,home,1-3,4
2024-11-24,Sabres,Sharks,4,2,away,4-2,6
2024-11-24,Rangers,Oilers,2,6,home,2-6,8
2024-11-25,Utah Hockey Club,Maple Leafs,2,3,home,2-3,5
2024-11-26,Avalanche,Lightning,2,8,home,2-8,10
2024-11-26,Capitals,Panthers,4,1,away,4-1,5
2024-11-26,Predators,Devils,2,5,home,2-5,7
2024-11-26,Blues,Rangers,5,2,away,5-2,7
2024-11-26,Golden Knights,Flyers,5,4,away,5-4,9
2024-11-26,Stars,Hurricanes,4,6,home,4-6,10
2024-11-26,Flames,Senators,3,4,home,3-4,7
2024-11-26,Red Wings,Islanders,4,2,away,4-2,6
2024-11-26,Jets,Wild,4,1,away,4-1,5
2024-11-26,Kraken,Ducks,3,2,away,3-2,5
2024-11-26,Kings,Sharks,2,7,home,2-7,9
2024-11-27,Canucks,Bruins,2,0,away,2-0,2
2024-11-27,Utah Hockey Club,Canadiens,3,2,away,3-2,5
2024-11-28,Wild,Sabres,1,0,away,1-0,1
2024-11-28,Blues,Devils,3,0,away,3-0,3
2024-11-28,Rangers,Hurricanes,3,4,home,3-4,7
2024-11-28,Flames,Red Wings,1,2,home,1-2,3
2024-11-28,Capitals,Lightning,5,4,away,5-4,9
2024-11-28,Maple Leafs,Panthers,1,5,home,1-5,6
2024-11-28,Bruins,Islanders,6,3,away,6-3,9
2024-11-28,Canucks,Penguins,4,5,home,4-5,9
2024-11-28,Canadiens,Blue Jackets,4,3,away,4-3,7
2024-11-28,Flyers,Predators,3,2,away,3-2,5
2024-11-28,Stars,Blackhawks,2,6,home,2-6,8
2024-11-28,Golden Knights,Avalanche,1,2,home,1-2,3
2024-11-28,Jets,Kings,1,4,home,1-4,5
2024-11-28,Ducks,Kraken,5,2,away,5-2,7
2024-11-28,Senators,Sharks,4,3,away,4-3,7
2024-11-23,Blackhawks,Flyers,2,3,home,2-3,5
2024-11-23,Wild,Flames,3,4,home,3-4,7
2024-11-23,Kraken,Kings,1,2,home,1-2,3
2024-11-23,Avalanche,Panthers,7,4,away,7-4,11
2024-11-24,Golden Knights,Canadiens,6,2,away,6-2,8
2024-11-24,Canucks,Senators,4,3,away,4-3,7
2024-11-24,Bruins,Red Wings,2,1,away,2-1,3
2024-11-24,Stars,Lightning,4,2,away,4-2,6
2024-11-24,Utah Hockey Club,Penguins,6,1,away,6-1,7
2024-11-24,Devils,Capitals,3,2,away,3-2,5
2024-11-24,Hurricanes,Blue Jackets,4,5,home,4-5,9
2024-11-24,Jets,Predators,1,4,home,1-4,5
2024-11-24,Blues,Islanders,1,3,home,1-3,4
2024-11-24,Sabres,Sharks,4,2,away,4-2,6
2024-11-24,Rangers,Oilers,2,6,home,2-6,8
2024-11-25,Utah Hockey Club,Maple Leafs,2,3,home,2-3,5
2024-11-26,Avalanche,Lightning,2,8,home,2-8,10
2024-11-26,Capitals,Panthers,4,1,away,4-1,5
2024-11-26,Predators,Devils,2,5,home,2-5,7
2024-11-26,Blues,Rangers,5,2,away,5-2,7
2024-11-26,Golden Knights,Flyers,5,4,away,5-4,9
2024-11-26,Stars,Hurricanes,4,6,home,4-6,10
2024-11-26,Flames,Senators,3,4,home,3-4,7
2024-11-26,Red Wings,Islanders,4,2,away,4-2,6
2024-11-26,Jets,Wild,4,1,away,4-1,5
2024-11-26,Kraken,Ducks,3,2,away,3-2,5
2024-11-26,Kings,Sharks,2,7,home,2-7,9
2024-11-27,Canucks,Bruins,2,0,away,2-0,2
2024-11-27,Utah Hockey Club,Canadiens,3,2,away,3-2,5
2024-11-28,Wild,Sabres,1,0,away,1-0,1
2024-11-28,Blues,Devils,3,0,away,3-0,3
2024-11-28,Rangers,Hurricanes,3,4,home,3-4,7
2024-11-28,Flames,Red Wings,1,2,home,1-2,3
2024-11-28,Capitals,Lightning,5,4,away,5-4,9
2024-11-28,Maple Leafs,Panthers,1,5,home,1-5,6
2024-11-28,Bruins,Islanders,6,3,away,6-3,9
2024-11-28,Canucks,Penguins,4,5,home,4-5,9
2024-11-28,Canadiens,Blue Jackets,4,3,away,4-3,7
2024-11-28,Flyers,Predators,3,2,away,3-2,5
2024-11-28,Stars,Blackhawks,2,6,home,2-6,8
2024-11-28,Golden Knights,Avalanche,1,2,home,1-2,3
2024-11-28,Jets,Kings,1,4,home,1-4,5
2024-11-28,Ducks,Kraken,5,2,away,5-2,7
2024-11-28,Senators,Sharks,4,3,away,4-3,7
2024-11-29,Rangers,Flyers,1,3,home,1-3,4
2024-11-29,Blackhawks,Wild,2,3,home,2-3,5
2024-11-29,Canucks,Sabres,4,3,away,4-3,7
2024-11-29,Devils,Red Wings,5,4,away,5-4,9
2024-11-29,Islanders,Capitals,4,5,home,4-5,9
2024-11-29,Panthers,Hurricanes,6,3,away,6-3,9
2024-11-29,Flames,Blue Jackets,2,5,home,2-5,7
2024-11-29,Lightning,Predators,3,2,away,3-2,5
2024-11-29,Kings,Ducks,2,1,away,2-1,3
2024-11-29,Kraken,Sharks,5,8,home,5-8,13
2024-11-29,Penguins,Bruins,2,1,away,2-1,3
2024-11-30,Jets,Golden Knights,3,4,home,3-4,7
2024-11-30,Avalanche,Stars,3,5,home,3-5,8
2024-11-30,Oilers,Utah Hockey Club,4,3,away,4-3,7
2024-11-25,Utah Hockey Club,Maple Leafs,2,3,home,2-3,5
2024-11-26,Avalanche,Lightning,2,8,home,2-8,10
2024-11-26,Capitals,Panthers,4,1,away,4-1,5
2024-11-26,Predators,Devils,2,5,home,2-5,7
2024-11-26,Blues,Rangers,5,2,away,5-2,7
2024-11-26,Golden Knights,Flyers,5,4,away,5-4,9
2024-11-26,Stars,Hurricanes,4,6,home,4-6,10
2024-11-26,Flames,Senators,3,4,home,3-4,7
2024-11-26,Red Wings,Islanders,4,2,away,4-2,6
2024-11-26,Jets,Wild,4,1,away,4-1,5
2024-11-26,Kraken,Ducks,3,2,away,3-2,5
2024-11-26,Kings,Sharks,2,7,home,2-7,9
2024-11-27,Canucks,Bruins,2,0,away,2-0,2
2024-11-27,Utah Hockey Club,Canadiens,3,2,away,3-2,5
2024-11-28,Wild,Sabres,1,0,away,1-0,1
2024-11-28,Blues,Devils,3,0,away,3-0,3
2024-11-28,Rangers,Hurricanes,3,4,home,3-4,7
2024-11-28,Flames,Red Wings,1,2,home,1-2,3
2024-11-28,Capitals,Lightning,5,4,away,5-4,9
2024-11-28,Maple Leafs,Panthers,1,5,home,1-5,6
2024-11-28,Bruins,Islanders,6,3,away,6-3,9
2024-11-28,Canucks,Penguins,4,5,home,4-5,9
2024-11-28,Canadiens,Blue Jackets,4,3,away,4-3,7
2024-11-28,Flyers,Predators,3,2,away,3-2,5
2024-11-28,Stars,Blackhawks,2,6,home,2-6,8
2024-11-28,Golden Knights,Avalanche,1,2,home,1-2,3
2024-11-28,Jets,Kings,1,4,home,1-4,5
2024-11-28,Ducks,Kraken,5,2,away,5-2,7
2024-11-28,Senators,Sharks,4,3,away,4-3,7
2024-11-29,Rangers,Flyers,1,3,home,1-3,4
2024-11-29,Blackhawks,Wild,2,3,home,2-3,5
2024-11-29,Canucks,Sabres,4,3,away,4-3,7
2024-11-29,Devils,Red Wings,5,4,away,5-4,9
2024-11-29,Islanders,Capitals,4,5,home,4-5,9
2024-11-29,Panthers,Hurricanes,6,3,away,6-3,9
2024-11-29,Flames,Blue Jackets,2,5,home,2-5,7
2024-11-29,Lightning,Predators,3,2,away,3-2,5
2024-11-29,Kings,Ducks,2,1,away,2-1,3
2024-11-29,Kraken,Sharks,5,8,home,5-8,13
2024-11-29,Penguins,Bruins,2,1,away,2-1,3
2024-11-30,Jets,Golden Knights,3,4,home,3-4,7
2024-11-30,Avalanche,Stars,3,5,home,3-5,8
2024-11-30,Oilers,Utah Hockey Club,4,3,away,4-3,7
2024-11-30,Canadiens,Rangers,3,4,home,3-4,7
2024-11-30,Hurricanes,Panthers,0,6,home,0-6,6
2024-12-01,Maple Leafs,Lightning,5,3,away,5-3,8
2024-12-01,Capitals,Devils,6,5,away,6-5,11
2024-12-01,Flames,Penguins,2,6,home,2-6,8
2024-12-01,Flyers,Blues,3,2,away,3-2,5
2024-12-01,Senators,Kings,2,5,home,2-5,7
2024-12-01,Sabres,Islanders,0,3,home,0-3,3
2024-12-01,Predators,Wild,2,3,home,2-3,5
2024-12-01,Oilers,Avalanche,4,1,away,4-1,5
2024-12-01,Utah Hockey Club,Golden Knights,6,0,away,6-0,6
2024-12-01,Sharks,Kraken,4,2,away,4-2,6
2024-11-26,Avalanche,Lightning,2,8,home,2-8,10
2024-11-26,Capitals,Panthers,4,1,away,4-1,5
2024-11-26,Predators,Devils,2,5,home,2-5,7
2024-11-26,Blues,Rangers,5,2,away,5-2,7
2024-11-26,Golden Knights,Flyers,5,4,away,5-4,9
2024-11-26,Stars,Hurricanes,4,6,home,4-6,10
2024-11-26,Flames,Senators,3,4,home,3-4,7
2024-11-26,Red Wings,Islanders,4,2,away,4-2,6
2024-11-26,Jets,Wild,4,1,away,4-1,5
2024-11-26,Kraken,Ducks,3,2,away,3-2,5
2024-11-26,Kings,Sharks,2,7,home,2-7,9
2024-11-27,Canucks,Bruins,2,0,away,2-0,2
2024-11-27,Utah Hockey Club,Canadiens,3,2,away,3-2,5
2024-11-28,Wild,Sabres,1,0,away,1-0,1
2024-11-28,Blues,Devils,3,0,away,3-0,3
2024-11-28,Rangers,Hurricanes,3,4,home,3-4,7
2024-11-28,Flames,Red Wings,1,2,home,1-2,3
2024-11-28,Capitals,Lightning,5,4,away,5-4,9
2024-11-28,Maple Leafs,Panthers,1,5,home,1-5,6
2024-11-28,Bruins,Islanders,6,3,away,6-3,9
2024-11-28,Canucks,Penguins,4,5,home,4-5,9
2024-11-28,Canadiens,Blue Jackets,4,3,away,4-3,7
2024-11-28,Flyers,Predators,3,2,away,3-2,5
2024-11-28,Stars,Blackhawks,2,6,home,2-6,8
2024-11-28,Golden Knights,Avalanche,1,2,home,1-2,3
2024-11-28,Jets,Kings,1,4,home,1-4,5
2024-11-28,Ducks,Kraken,5,2,away,5-2,7
2024-11-28,Senators,Sharks,4,3,away,4-3,7
2024-11-29,Rangers,Flyers,1,3,home,1-3,4
2024-11-29,Blackhawks,Wild,2,3,home,2-3,5
2024-11-29,Canucks,Sabres,4,3,away,4-3,7
2024-11-29,Devils,Red Wings,5,4,away,5-4,9
2024-11-29,Islanders,Capitals,4,5,home,4-5,9
2024-11-29,Panthers,Hurricanes,6,3,away,6-3,9
2024-11-29,Flames,Blue Jackets,2,5,home,2-5,7
2024-11-29,Lightning,Predators,3,2,away,3-2,5
2024-11-29,Kings,Ducks,2,1,away,2-1,3
2024-11-29,Kraken,Sharks,5,8,home,5-8,13
2024-11-29,Penguins,Bruins,2,1,away,2-1,3
2024-11-30,Jets,Golden Knights,3,4,home,3-4,7
2024-11-30,Avalanche,Stars,3,5,home,3-5,8
2024-11-30,Oilers,Utah Hockey Club,4,3,away,4-3,7
2024-11-30,Canadiens,Rangers,3,4,home,3-4,7
2024-11-30,Hurricanes,Panthers,0,6,home,0-6,6
2024-12-01,Maple Leafs,Lightning,5,3,away,5-3,8
2024-12-01,Capitals,Devils,6,5,away,6-5,11
2024-12-01,Flames,Penguins,2,6,home,2-6,8
2024-12-01,Flyers,Blues,3,2,away,3-2,5
2024-12-01,Senators,Kings,2,5,home,2-5,7
2024-12-01,Sabres,Islanders,0,3,home,0-3,3
2024-12-01,Predators,Wild,2,3,home,2-3,5
2024-12-01,Oilers,Avalanche,4,1,away,4-1,5
2024-12-01,Utah Hockey Club,Golden Knights,6,0,away,6-0,6
2024-12-01,Sharks,Kraken,4,2,away,4-2,6
2024-12-01,Canucks,Red Wings,5,4,away,5-4,9
2024-12-01,Canadiens,Bruins,3,6,home,3-6,9
2024-12-01,Blue Jackets,Blackhawks,6,3,away,6-3,9
2024-12-01,Jets,Stars,1,3,home,1-3,4
2024-12-02,Senators,Ducks,3,4,home,3-4,7
2024-11-27,Canucks,Bruins,2,0,away,2-0,2
2024-11-27,Utah Hockey Club,Canadiens,3,2,away,3-2,5
2024-11-28,Wild,Sabres,1,0,away,1-0,1
2024-11-28,Blues,Devils,3,0,away,3-0,3
2024-11-28,Rangers,Hurricanes,3,4,home,3-4,7
2024-11-28,Flames,Red Wings,1,2,home,1-2,3
2024-11-28,Capitals,Lightning,5,4,away,5-4,9
2024-11-28,Maple Leafs,Panthers,1,5,home,1-5,6
2024-11-28,Bruins,Islanders,6,3,away,6-3,9
2024-11-28,Canucks,Penguins,4,5,home,4-5,9
2024-11-28,Canadiens,Blue Jackets,4,3,away,4-3,7
2024-11-28,Flyers,Predators,3,2,away,3-2,5
2024-11-28,Stars,Blackhawks,2,6,home,2-6,8
2024-11-28,Golden Knights,Avalanche,1,2,home,1-2,3
2024-11-28,Jets,Kings,1,4,home,1-4,5
2024-11-28,Ducks,Kraken,5,2,away,5-2,7
2024-11-28,Senators,Sharks,4,3,away,4-3,7
2024-11-29,Rangers,Flyers,1,3,home,1-3,4
2024-11-29,Blackhawks,Wild,2,3,home,2-3,5
2024-11-29,Canucks,Sabres,4,3,away,4-3,7
2024-11-29,Devils,Red Wings,5,4,away,5-4,9
2024-11-29,Islanders,Capitals,4,5,home,4-5,9
2024-11-29,Panthers,Hurricanes,6,3,away,6-3,9
2024-11-29,Flames,Blue Jackets,2,5,home,2-5,7
2024-11-29,Lightning,Predators,3,2,away,3-2,5
2024-11-29,Kings,Ducks,2,1,away,2-1,3
2024-11-29,Kraken,Sharks,5,8,home,5-8,13
2024-11-29,Penguins,Bruins,2,1,away,2-1,3
2024-11-30,Jets,Golden Knights,3,4,home,3-4,7
2024-11-30,Avalanche,Stars,3,5,home,3-5,8
2024-11-30,Oilers,Utah Hockey Club,4,3,away,4-3,7
2024-11-30,Canadiens,Rangers,3,4,home,3-4,7
2024-11-30,Hurricanes,Panthers,0,6,home,0-6,6
2024-12-01,Maple Leafs,Lightning,5,3,away,5-3,8
2024-12-01,Capitals,Devils,6,5,away,6-5,11
2024-12-01,Flames,Penguins,2,6,home,2-6,8
2024-12-01,Flyers,Blues,3,2,away,3-2,5
2024-12-01,Senators,Kings,2,5,home,2-5,7
2024-12-01,Sabres,Islanders,0,3,home,0-3,3
2024-12-01,Predators,Wild,2,3,home,2-3,5
2024-12-01,Oilers,Avalanche,4,1,away,4-1,5
2024-12-01,Utah Hockey Club,Golden Knights,6,0,away,6-0,6
2024-12-01,Sharks,Kraken,4,2,away,4-2,6
2024-12-01,Canucks,Red Wings,5,4,away,5-4,9
2024-12-01,Canadiens,Bruins,3,6,home,3-6,9
2024-12-01,Blue Jackets,Blackhawks,6,3,away,6-3,9
2024-12-01,Jets,Stars,1,3,home,1-3,4
2024-12-02,Senators,Ducks,3,4,home,3-4,7
2024-12-03,Devils,Rangers,5,1,away,5-1,6
2024-12-03,Blackhawks,Maple Leafs,1,4,home,1-4,5
2024-12-03,Stars,Utah Hockey Club,2,1,away,2-1,3
2024-11-28,Wild,Sabres,1,0,away,1-0,1
2024-11-28,Blues,Devils,3,0,away,3-0,3
2024-11-28,Rangers,Hurricanes,3,4,home,3-4,7
2024-11-28,Flames,Red Wings,1,2,home,1-2,3
2024-11-28,Capitals,Lightning,5,4,away,5-4,9
2024-11-28,Maple Leafs,Panthers,1,5,home,1-5,6
2024-11-28,Bruins,Islanders,6,3,away,6-3,9
2024-11-28,Canucks,Penguins,4,5,home,4-5,9
2024-11-28,Canadiens,Blue Jackets,4,3,away,4-3,7
2024-11-28,Flyers,Predators,3,2,away,3-2,5
2024-11-28,Stars,Blackhawks,2,6,home,2-6,8
2024-11-28,Golden Knights,Avalanche,1,2,home,1-2,3
2024-11-28,Jets,Kings,1,4,home,1-4,5
2024-11-28,Ducks,Kraken,5,2,away,5-2,7
2024-11-28,Senators,Sharks,4,3,away,4-3,7
2024-11-29,Rangers,Flyers,1,3,home,1-3,4
2024-11-29,Blackhawks,Wild,2,3,home,2-3,5
2024-11-29,Canucks,Sabres,4,3,away,4-3,7
2024-11-29,Devils,Red Wings,5,4,away,5-4,9
2024-11-29,Islanders,Capitals,4,5,home,4-5,9
2024-11-29,Panthers,Hurricanes,6,3,away,6-3,9
2024-11-29,Flames,Blue Jackets,2,5,home,2-5,7
2024-11-29,Lightning,Predators,3,2,away,3-2,5
2024-11-29,Kings,Ducks,2,1,away,2-1,3
2024-11-29,Kraken,Sharks,5,8,home,5-8,13
2024-11-29,Penguins,Bruins,2,1,away,2-1,3
2024-11-30,Jets,Golden Knights,3,4,home,3-4,7
2024-11-30,Avalanche,Stars,3,5,home,3-5,8
2024-11-30,Oilers,Utah Hockey Club,4,3,away,4-3,7
2024-11-30,Canadiens,Rangers,3,4,home,3-4,7
2024-11-30,Hurricanes,Panthers,0,6,home,0-6,6
2024-12-01,Maple Leafs,Lightning,5,3,away,5-3,8
2024-12-01,Capitals,Devils,6,5,away,6-5,11
2024-12-01,Flames,Penguins,2,6,home,2-6,8
2024-12-01,Flyers,Blues,3,2,away,3-2,5
2024-12-01,Senators,Kings,2,5,home,2-5,7
2024-12-01,Sabres,Islanders,0,3,home,0-3,3
2024-12-01,Predators,Wild,2,3,home,2-3,5
2024-12-01,Oilers,Avalanche,4,1,away,4-1,5
2024-12-01,Utah Hockey Club,Golden Knights,6,0,away,6-0,6
2024-12-01,Sharks,Kraken,4,2,away,4-2,6
2024-12-01,Canucks,Red Wings,5,4,away,5-4,9
2024-12-01,Canadiens,Bruins,3,6,home,3-6,9
2024-12-01,Blue Jackets,Blackhawks,6,3,away,6-3,9
2024-12-01,Jets,Stars,1,3,home,1-3,4
2024-12-02,Senators,Ducks,3,4,home,3-4,7
2024-12-03,Devils,Rangers,5,1,away,5-1,6
2024-12-03,Blackhawks,Maple Leafs,1,4,home,1-4,5
2024-12-03,Stars,Utah Hockey Club,2,1,away,2-1,3
2024-12-04,Red Wings,Bruins,2,3,home,2-3,5
2024-12-04,Avalanche,Sabres,5,4,away,5-4,9
2024-12-04,Islanders,Canadiens,1,2,home,1-2,3
2024-12-04,Panthers,Penguins,4,5,home,4-5,9
2024-12-04,Sharks,Capitals,2,1,away,2-1,3
2024-12-04,Kraken,Hurricanes,4,2,away,4-2,6
2024-12-04,Canucks,Wild,2,3,home,2-3,5
2024-12-04,Blues,Jets,4,1,away,4-1,5
2024-12-04,Blue Jackets,Flames,0,3,home,0-3,3
2024-12-04,Oilers,Golden Knights,0,1,home,0-1,1
2024-11-29,Rangers,Flyers,1,3,home,1-3,4
2024-11-29,Blackhawks,Wild,2,3,home,2-3,5
2024-11-29,Canucks,Sabres,4,3,away,4-3,7
2024-11-29,Devils,Red Wings,5,4,away,5-4,9
2024-11-29,Islanders,Capitals,4,5,home,4-5,9
2024-11-29,Panthers,Hurricanes,6,3,away,6-3,9
2024-11-29,Flames,Blue Jackets,2,5,home,2-5,7
2024-11-29,Lightning,Predators,3,2,away,3-2,5
2024-11-29,Kings,Ducks,2,1,away,2-1,3
2024-11-29,Kraken,Sharks,5,8,home,5-8,13
2024-11-29,Penguins,Bruins,2,1,away,2-1,3
2024-11-30,Jets,Golden Knights,3,4,home,3-4,7
2024-11-30,Avalanche,Stars,3,5,home,3-5,8
2024-11-30,Oilers,Utah Hockey Club,4,3,away,4-3,7
2024-11-30,Canadiens,Rangers,3,4,home,3-4,7
2024-11-30,Hurricanes,Panthers,0,6,home,0-6,6
2024-12-01,Maple Leafs,Lightning,5,3,away,5-3,8
2024-12-01,Capitals,Devils,6,5,away,6-5,11
2024-12-01,Flames,Penguins,2,6,home,2-6,8
2024-12-01,Flyers,Blues,3,2,away,3-2,5
2024-12-01,Senators,Kings,2,5,home,2-5,7
2024-12-01,Sabres,Islanders,0,3,home,0-3,3
2024-12-01,Predators,Wild,2,3,home,2-3,5
2024-12-01,Oilers,Avalanche,4,1,away,4-1,5
2024-12-01,Utah Hockey Club,Golden Knights,6,0,away,6-0,6
2024-12-01,Sharks,Kraken,4,2,away,4-2,6
2024-12-01,Canucks,Red Wings,5,4,away,5-4,9
2024-12-01,Canadiens,Bruins,3,6,home,3-6,9
2024-12-01,Blue Jackets,Blackhawks,6,3,away,6-3,9
2024-12-01,Jets,Stars,1,3,home,1-3,4
2024-12-02,Senators,Ducks,3,4,home,3-4,7
2024-12-03,Devils,Rangers,5,1,away,5-1,6
2024-12-03,Blackhawks,Maple Leafs,1,4,home,1-4,5
2024-12-03,Stars,Utah Hockey Club,2,1,away,2-1,3
2024-12-04,Red Wings,Bruins,2,3,home,2-3,5
2024-12-04,Avalanche,Sabres,5,4,away,5-4,9
2024-12-04,Islanders,Canadiens,1,2,home,1-2,3
2024-12-04,Panthers,Penguins,4,5,home,4-5,9
2024-12-04,Sharks,Capitals,2,1,away,2-1,3
2024-12-04,Kraken,Hurricanes,4,2,away,4-2,6
2024-12-04,Canucks,Wild,2,3,home,2-3,5
2024-12-04,Blues,Jets,4,1,away,4-1,5
2024-12-04,Blue Jackets,Flames,0,3,home,0-3,3
2024-12-04,Oilers,Golden Knights,0,1,home,0-1,1
2024-12-05,Predators,Maple Leafs,2,3,home,2-3,5
2024-12-05,Bruins,Blackhawks,4,2,away,4-2,6
2024-12-05,Golden Knights,Ducks,4,1,away,4-1,5
2024-12-05,Stars,Kings,2,3,home,2-3,5
2024-11-29,Rangers,Flyers,1,3,home,1-3,4
2024-11-29,Blackhawks,Wild,2,3,home,2-3,5
2024-11-29,Canucks,Sabres,4,3,away,4-3,7
2024-11-29,Devils,Red Wings,5,4,away,5-4,9
2024-11-29,Islanders,Capitals,4,5,home,4-5,9
2024-11-29,Panthers,Hurricanes,6,3,away,6-3,9
2024-11-29,Flames,Blue Jackets,2,5,home,2-5,7
2024-11-29,Lightning,Predators,3,2,away,3-2,5
2024-11-29,Kings,Ducks,2,1,away,2-1,3
2024-11-29,Kraken,Sharks,5,8,home,5-8,13
2024-11-29,Penguins,Bruins,2,1,away,2-1,3
2024-11-30,Jets,Golden Knights,3,4,home,3-4,7
2024-11-30,Avalanche,Stars,3,5,home,3-5,8
2024-11-30,Oilers,Utah Hockey Club,4,3,away,4-3,7
2024-11-30,Canadiens,Rangers,3,4,home,3-4,7
2024-11-30,Hurricanes,Panthers,0,6,home,0-6,6
2024-12-01,Maple Leafs,Lightning,5,3,away,5-3,8
2024-12-01,Capitals,Devils,6,5,away,6-5,11
2024-12-01,Flames,Penguins,2,6,home,2-6,8
2024-12-01,Flyers,Blues,3,2,away,3-2,5
2024-12-01,Senators,Kings,2,5,home,2-5,7
2024-12-01,Sabres,Islanders,0,3,home,0-3,3
2024-12-01,Predators,Wild,2,3,home,2-3,5
2024-12-01,Oilers,Avalanche,4,1,away,4-1,5
2024-12-01,Utah Hockey Club,Golden Knights,6,0,away,6-0,6
2024-12-01,Sharks,Kraken,4,2,away,4-2,6
2024-12-01,Canucks,Red Wings,5,4,away,5-4,9
2024-12-01,Canadiens,Bruins,3,6,home,3-6,9
2024-12-01,Blue Jackets,Blackhawks,6,3,away,6-3,9
2024-12-01,Jets,Stars,1,3,home,1-3,4
2024-12-02,Senators,Ducks,3,4,home,3-4,7
2024-12-03,Devils,Rangers,5,1,away,5-1,6
2024-12-03,Blackhawks,Maple Leafs,1,4,home,1-4,5
2024-12-03,Stars,Utah Hockey Club,2,1,away,2-1,3
2024-12-04,Red Wings,Bruins,2,3,home,2-3,5
2024-12-04,Avalanche,Sabres,5,4,away,5-4,9
2024-12-04,Islanders,Canadiens,1,2,home,1-2,3
2024-12-04,Panthers,Penguins,4,5,home,4-5,9
2024-12-04,Sharks,Capitals,2,1,away,2-1,3
2024-12-04,Kraken,Hurricanes,4,2,away,4-2,6
2024-12-04,Canucks,Wild,2,3,home,2-3,5
2024-12-04,Blues,Jets,4,1,away,4-1,5
2024-12-04,Blue Jackets,Flames,0,3,home,0-3,3
2024-12-04,Oilers,Golden Knights,0,1,home,0-1,1
2024-12-05,Predators,Maple Leafs,2,3,home,2-3,5
2024-12-05,Bruins,Blackhawks,4,2,away,4-2,6
2024-12-05,Golden Knights,Ducks,4,1,away,4-1,5
2024-12-05,Stars,Kings,2,3,home,2-3,5
2024-12-06,Jets,Sabres,3,2,away,3-2,5
2024-12-06,Predators,Canadiens,0,3,home,0-3,3
2024-12-06,Red Wings,Senators,1,2,home,1-2,3
2024-12-06,Sharks,Lightning,1,8,home,1-8,9
2024-12-06,Panthers,Flyers,7,5,away,7-5,12
2024-12-06,Avalanche,Hurricanes,3,5,home,3-5,8
2024-12-06,Kraken,Islanders,5,2,away,5-2,7
2024-12-06,Blues,Flames,4,3,away,4-3,7
2024-12-06,Blue Jackets,Oilers,3,6,home,3-6,9
2024-11-30,Canadiens,Rangers,3,4,home,3-4,7
2024-11-30,Hurricanes,Panthers,0,6,home,0-6,6
2024-12-01,Maple Leafs,Lightning,5,3,away,5-3,8
2024-12-01,Capitals,Devils,6,5,away,6-5,11
2024-12-01,Flames,Penguins,2,6,home,2-6,8
2024-12-01,Flyers,Blues,3,2,away,3-2,5
2024-12-01,Senators,Kings,2,5,home,2-5,7
2024-12-01,Sabres,Islanders,0,3,home,0-3,3
2024-12-01,Predators,Wild,2,3,home,2-3,5
2024-12-01,Oilers,Avalanche,4,1,away,4-1,5
2024-12-01,Utah Hockey Club,Golden Knights,6,0,away,6-0,6
2024-12-01,Sharks,Kraken,4,2,away,4-2,6
2024-12-01,Canucks,Red Wings,5,4,away,5-4,9
2024-12-01,Canadiens,Bruins,3,6,home,3-6,9
2024-12-01,Blue Jackets,Blackhawks,6,3,away,6-3,9
2024-12-01,Jets,Stars,1,3,home,1-3,4
2024-12-02,Senators,Ducks,3,4,home,3-4,7
2024-12-03,Devils,Rangers,5,1,away,5-1,6
2024-12-03,Blackhawks,Maple Leafs,1,4,home,1-4,5
2024-12-03,Stars,Utah Hockey Club,2,1,away,2-1,3
2024-12-04,Red Wings,Bruins,2,3,home,2-3,5
2024-12-04,Avalanche,Sabres,5,4,away,5-4,9
2024-12-04,Islanders,Canadiens,1,2,home,1-2,3
2024-12-04,Panthers,Penguins,4,5,home,4-5,9
2024-12-04,Sharks,Capitals,2,1,away,2-1,3
2024-12-04,Kraken,Hurricanes,4,2,away,4-2,6
2024-12-04,Canucks,Wild,2,3,home,2-3,5
2024-12-04,Blues,Jets,4,1,away,4-1,5
2024-12-04,Blue Jackets,Flames,0,3,home,0-3,3
2024-12-04,Oilers,Golden Knights,0,1,home,0-1,1
2024-12-05,Predators,Maple Leafs,2,3,home,2-3,5
2024-12-05,Bruins,Blackhawks,4,2,away,4-2,6
2024-12-05,Golden Knights,Ducks,4,1,away,4-1,5
2024-12-05,Stars,Kings,2,3,home,2-3,5
2024-12-06,Jets,Sabres,3,2,away,3-2,5
2024-12-06,Predators,Canadiens,0,3,home,0-3,3
2024-12-06,Red Wings,Senators,1,2,home,1-2,3
2024-12-06,Sharks,Lightning,1,8,home,1-8,9
2024-12-06,Panthers,Flyers,7,5,away,7-5,12
2024-12-06,Avalanche,Hurricanes,3,5,home,3-5,8
2024-12-06,Kraken,Islanders,5,2,away,5-2,7
2024-12-06,Blues,Flames,4,3,away,4-3,7
2024-12-06,Blue Jackets,Oilers,3,6,home,3-6,9
2024-12-07,Capitals,Maple Leafs,3,1,away,3-1,4
2024-12-07,Kraken,Devils,2,3,home,2-3,5
2024-12-07,Penguins,Rangers,2,4,home,2-4,6
2024-12-07,Blue Jackets,Canucks,2,5,home,2-5,7
2024-12-07,Stars,Golden Knights,2,3,home,2-3,5
2024-12-07,Wild,Ducks,5,1,away,5-1,6
2024-12-01,Canucks,Red Wings,5,4,away,5-4,9
2024-12-01,Canadiens,Bruins,3,6,home,3-6,9
2024-12-01,Blue Jackets,Blackhawks,6,3,away,6-3,9
2024-12-01,Jets,Stars,1,3,home,1-3,4
2024-12-02,Senators,Ducks,3,4,home,3-4,7
2024-12-03,Devils,Rangers,5,1,away,5-1,6
2024-12-03,Blackhawks,Maple Leafs,1,4,home,1-4,5
2024-12-03,Stars,Utah Hockey Club,2,1,away,2-1,3
2024-12-04,Red Wings,Bruins,2,3,home,2-3,5
2024-12-04,Avalanche,Sabres,5,4,away,5-4,9
2024-12-04,Islanders,Canadiens,1,2,home,1-2,3
2024-12-04,Panthers,Penguins,4,5,home,4-5,9
2024-12-04,Sharks,Capitals,2,1,away,2-1,3
2024-12-04,Kraken,Hurricanes,4,2,away,4-2,6
2024-12-04,Canucks,Wild,2,3,home,2-3,5
2024-12-04,Blues,Jets,4,1,away,4-1,5
2024-12-04,Blue Jackets,Flames,0,3,home,0-3,3
2024-12-04,Oilers,Golden Knights,0,1,home,0-1,1
2024-12-05,Predators,Maple Leafs,2,3,home,2-3,5
2024-12-05,Bruins,Blackhawks,4,2,away,4-2,6
2024-12-05,Golden Knights,Ducks,4,1,away,4-1,5
2024-12-05,Stars,Kings,2,3,home,2-3,5
2024-12-06,Jets,Sabres,3,2,away,3-2,5
2024-12-06,Predators,Canadiens,0,3,home,0-3,3
2024-12-06,Red Wings,Senators,1,2,home,1-2,3
2024-12-06,Sharks,Lightning,1,8,home,1-8,9
2024-12-06,Panthers,Flyers,7,5,away,7-5,12
2024-12-06,Avalanche,Hurricanes,3,5,home,3-5,8
2024-12-06,Kraken,Islanders,5,2,away,5-2,7
2024-12-06,Blues,Flames,4,3,away,4-3,7
2024-12-06,Blue Jackets,Oilers,3,6,home,3-6,9
2024-12-07,Capitals,Maple Leafs,3,1,away,3-1,4
2024-12-07,Kraken,Devils,2,3,home,2-3,5
2024-12-07,Penguins,Rangers,2,4,home,2-4,6
2024-12-07,Blue Jackets,Canucks,2,5,home,2-5,7
2024-12-07,Stars,Golden Knights,2,3,home,2-3,5
2024-12-07,Wild,Ducks,5,1,away,5-1,6
2024-12-07,Flyers,Bruins,3,4,home,3-4,7
2024-12-07,Utah Hockey Club,Sabres,5,2,away,5-2,7
2024-12-07,Jets,Blackhawks,4,2,away,4-2,6
2024-12-07,Hurricanes,Islanders,3,4,home,3-4,7
2024-12-07,Sharks,Panthers,1,3,home,1-3,4
2024-12-08,Capitals,Canadiens,4,2,away,4-2,6
2024-12-08,Predators,Senators,1,3,home,1-3,4
2024-12-08,Avalanche,Red Wings,2,1,away,2-1,3
2024-12-08,Maple Leafs,Penguins,2,5,home,2-5,7
2024-12-08,Wild,Kings,1,4,home,1-4,5
2024-12-08,Blues,Oilers,2,4,home,2-4,6
2024-12-03,Devils,Rangers,5,1,away,5-1,6
2024-12-03,Blackhawks,Maple Leafs,1,4,home,1-4,5
2024-12-03,Stars,Utah Hockey Club,2,1,away,2-1,3
2024-12-04,Red Wings,Bruins,2,3,home,2-3,5
2024-12-04,Avalanche,Sabres,5,4,away,5-4,9
2024-12-04,Islanders,Canadiens,1,2,home,1-2,3
2024-12-04,Panthers,Penguins,4,5,home,4-5,9
2024-12-04,Sharks,Capitals,2,1,away,2-1,3
2024-12-04,Kraken,Hurricanes,4,2,away,4-2,6
2024-12-04,Canucks,Wild,2,3,home,2-3,5
2024-12-04,Blues,Jets,4,1,away,4-1,5
2024-12-04,Blue Jackets,Flames,0,3,home,0-3,3
2024-12-04,Oilers,Golden Knights,0,1,home,0-1,1
2024-12-05,Predators,Maple Leafs,2,3,home,2-3,5
2024-12-05,Bruins,Blackhawks,4,2,away,4-2,6
2024-12-05,Golden Knights,Ducks,4,1,away,4-1,5
2024-12-05,Stars,Kings,2,3,home,2-3,5
2024-12-06,Jets,Sabres,3,2,away,3-2,5
2024-12-06,Predators,Canadiens,0,3,home,0-3,3
2024-12-06,Red Wings,Senators,1,2,home,1-2,3
2024-12-06,Sharks,Lightning,1,8,home,1-8,9
2024-12-06,Panthers,Flyers,7,5,away,7-5,12
2024-12-06,Avalanche,Hurricanes,3,5,home,3-5,8
2024-12-06,Kraken,Islanders,5,2,away,5-2,7
2024-12-06,Blues,Flames,4,3,away,4-3,7
2024-12-06,Blue Jackets,Oilers,3,6,home,3-6,9
2024-12-07,Capitals,Maple Leafs,3,1,away,3-1,4
2024-12-07,Kraken,Devils,2,3,home,2-3,5
2024-12-07,Penguins,Rangers,2,4,home,2-4,6
2024-12-07,Blue Jackets,Canucks,2,5,home,2-5,7
2024-12-07,Stars,Golden Knights,2,3,home,2-3,5
2024-12-07,Wild,Ducks,5,1,away,5-1,6
2024-12-07,Flyers,Bruins,3,4,home,3-4,7
2024-12-07,Utah Hockey Club,Sabres,5,2,away,5-2,7
2024-12-07,Jets,Blackhawks,4,2,away,4-2,6
2024-12-07,Hurricanes,Islanders,3,4,home,3-4,7
2024-12-07,Sharks,Panthers,1,3,home,1-3,4
2024-12-08,Capitals,Canadiens,4,2,away,4-2,6
2024-12-08,Predators,Senators,1,3,home,1-3,4
2024-12-08,Avalanche,Red Wings,2,1,away,2-1,3
2024-12-08,Maple Leafs,Penguins,2,5,home,2-5,7
2024-12-08,Wild,Kings,1,4,home,1-4,5
2024-12-08,Blues,Oilers,2,4,home,2-4,6
2024-12-08,Kraken,Rangers,7,5,away,7-5,12
2024-12-08,Lightning,Canucks,4,2,away,4-2,6
2024-12-08,Islanders,Senators,4,2,away,4-2,6
2024-12-08,Blue Jackets,Jets,4,1,away,4-1,5
2024-12-09,Avalanche,Devils,4,0,away,4-0,4
2024-12-09,Utah Hockey Club,Flyers,4,2,away,4-2,6
2024-12-09,Flames,Stars,2,6,home,2-6,8
2024-12-04,Red Wings,Bruins,2,3,home,2-3,5
2024-12-04,Avalanche,Sabres,5,4,away,5-4,9
2024-12-04,Islanders,Canadiens,1,2,home,1-2,3
2024-12-04,Panthers,Penguins,4,5,home,4-5,9
2024-12-04,Sharks,Capitals,2,1,away,2-1,3
2024-12-04,Kraken,Hurricanes,4,2,away,4-2,6
2024-12-04,Canucks,Wild,2,3,home,2-3,5
2024-12-04,Blues,Jets,4,1,away,4-1,5
2024-12-04,Blue Jackets,Flames,0,3,home,0-3,3
2024-12-04,Oilers,Golden Knights,0,1,home,0-1,1
2024-12-05,Predators,Maple Leafs,2,3,home,2-3,5
2024-12-05,Bruins,Blackhawks,4,2,away,4-2,6
2024-12-05,Golden Knights,Ducks,4,1,away,4-1,5
2024-12-05,Stars,Kings,2,3,home,2-3,5
2024-12-06,Jets,Sabres,3,2,away,3-2,5
2024-12-06,Predators,Canadiens,0,3,home,0-3,3
2024-12-06,Red Wings,Senators,1,2,home,1-2,3
2024-12-06,Sharks,Lightning,1,8,home,1-8,9
2024-12-06,Panthers,Flyers,7,5,away,7-5,12
2024-12-06,Avalanche,Hurricanes,3,5,home,3-5,8
2024-12-06,Kraken,Islanders,5,2,away,5-2,7
2024-12-06,Blues,Flames,4,3,away,4-3,7
2024-12-06,Blue Jackets,Oilers,3,6,home,3-6,9
2024-12-07,Capitals,Maple Leafs,3,1,away,3-1,4
2024-12-07,Kraken,Devils,2,3,home,2-3,5
2024-12-07,Penguins,Rangers,2,4,home,2-4,6
2024-12-07,Blue Jackets,Canucks,2,5,home,2-5,7
2024-12-07,Stars,Golden Knights,2,3,home,2-3,5
2024-12-07,Wild,Ducks,5,1,away,5-1,6
2024-12-07,Flyers,Bruins,3,4,home,3-4,7
2024-12-07,Utah Hockey Club,Sabres,5,2,away,5-2,7
2024-12-07,Jets,Blackhawks,4,2,away,4-2,6
2024-12-07,Hurricanes,Islanders,3,4,home,3-4,7
2024-12-07,Sharks,Panthers,1,3,home,1-3,4
2024-12-08,Capitals,Canadiens,4,2,away,4-2,6
2024-12-08,Predators,Senators,1,3,home,1-3,4
2024-12-08,Avalanche,Red Wings,2,1,away,2-1,3
2024-12-08,Maple Leafs,Penguins,2,5,home,2-5,7
2024-12-08,Wild,Kings,1,4,home,1-4,5
2024-12-08,Blues,Oilers,2,4,home,2-4,6
2024-12-08,Kraken,Rangers,7,5,away,7-5,12
2024-12-08,Lightning,Canucks,4,2,away,4-2,6
2024-12-08,Islanders,Senators,4,2,away,4-2,6
2024-12-08,Blue Jackets,Jets,4,1,away,4-1,5
2024-12-09,Avalanche,Devils,4,0,away,4-0,4
2024-12-09,Utah Hockey Club,Flyers,4,2,away,4-2,6
2024-12-09,Flames,Stars,2,6,home,2-6,8
2024-12-10,Red Wings,Sabres,6,5,away,6-5,11
2024-12-10,Blackhawks,Rangers,2,1,away,2-1,3
2024-12-10,Ducks,Canadiens,2,3,home,2-3,5
2024-12-05,Predators,Maple Leafs,2,3,home,2-3,5
2024-12-05,Bruins,Blackhawks,4,2,away,4-2,6
2024-12-05,Golden Knights,Ducks,4,1,away,4-1,5
2024-12-05,Stars,Kings,2,3,home,2-3,5
2024-12-06,Jets,Sabres,3,2,away,3-2,5
2024-12-06,Predators,Canadiens,0,3,home,0-3,3
2024-12-06,Red Wings,Senators,1,2,home,1-2,3
2024-12-06,Sharks,Lightning,1,8,home,1-8,9
2024-12-06,Panthers,Flyers,7,5,away,7-5,12
2024-12-06,Avalanche,Hurricanes,3,5,home,3-5,8
2024-12-06,Kraken,Islanders,5,2,away,5-2,7
2024-12-06,Blues,Flames,4,3,away,4-3,7
2024-12-06,Blue Jackets,Oilers,3,6,home,3-6,9
2024-12-07,Capitals,Maple Leafs,3,1,away,3-1,4
2024-12-07,Kraken,Devils,2,3,home,2-3,5
2024-12-07,Penguins,Rangers,2,4,home,2-4,6
2024-12-07,Blue Jackets,Canucks,2,5,home,2-5,7
2024-12-07,Stars,Golden Knights,2,3,home,2-3,5
2024-12-07,Wild,Ducks,5,1,away,5-1,6
2024-12-07,Flyers,Bruins,3,4,home,3-4,7
2024-12-07,Utah Hockey Club,Sabres,5,2,away,5-2,7
2024-12-07,Jets,Blackhawks,4,2,away,4-2,6
2024-12-07,Hurricanes,Islanders,3,4,home,3-4,7
2024-12-07,Sharks,Panthers,1,3,home,1-3,4
2024-12-08,Capitals,Canadiens,4,2,away,4-2,6
2024-12-08,Predators,Senators,1,3,home,1-3,4
2024-12-08,Avalanche,Red Wings,2,1,away,2-1,3
2024-12-08,Maple Leafs,Penguins,2,5,home,2-5,7
2024-12-08,Wild,Kings,1,4,home,1-4,5
2024-12-08,Blues,Oilers,2,4,home,2-4,6
2024-12-08,Kraken,Rangers,7,5,away,7-5,12
2024-12-08,Lightning,Canucks,4,2,away,4-2,6
2024-12-08,Islanders,Senators,4,2,away,4-2,6
2024-12-08,Blue Jackets,Jets,4,1,away,4-1,5
2024-12-09,Avalanche,Devils,4,0,away,4-0,4
2024-12-09,Utah Hockey Club,Flyers,4,2,away,4-2,6
2024-12-09,Flames,Stars,2,6,home,2-6,8
2024-12-10,Red Wings,Sabres,6,5,away,6-5,11
2024-12-10,Blackhawks,Rangers,2,1,away,2-1,3
2024-12-10,Ducks,Canadiens,2,3,home,2-3,5
2024-12-11,Maple Leafs,Devils,2,1,away,2-1,3
2024-12-11,Avalanche,Penguins,6,2,away,6-2,8
2024-12-11,Sharks,Hurricanes,2,3,home,2-3,5
2024-12-11,Flyers,Blue Jackets,5,3,away,5-3,8
2024-12-11,Kings,Islanders,3,1,away,3-1,4
2024-12-11,Flames,Predators,4,3,away,4-3,7
2024-12-11,Bruins,Jets,1,8,home,1-8,9
2024-12-11,Lightning,Oilers,1,2,home,1-2,3
2024-12-11,Wild,Utah Hockey Club,5,4,away,5-4,9
2024-12-11,Blues,Canucks,4,3,away,4-3,7
2024-12-11,Panthers,Kraken,2,1,away,2-1,3
2024-12-06,Jets,Sabres,3,2,away,3-2,5
2024-12-06,Predators,Canadiens,0,3,home,0-3,3
2024-12-06,Red Wings,Senators,1,2,home,1-2,3
2024-12-06,Sharks,Lightning,1,8,home,1-8,9
2024-12-06,Panthers,Flyers,7,5,away,7-5,12
2024-12-06,Avalanche,Hurricanes,3,5,home,3-5,8
2024-12-06,Kraken,Islanders,5,2,away,5-2,7
2024-12-06,Blues,Flames,4,3,away,4-3,7
2024-12-06,Blue Jackets,Oilers,3,6,home,3-6,9
2024-12-07,Capitals,Maple Leafs,3,1,away,3-1,4
2024-12-07,Kraken,Devils,2,3,home,2-3,5
2024-12-07,Penguins,Rangers,2,4,home,2-4,6
2024-12-07,Blue Jackets,Canucks,2,5,home,2-5,7
2024-12-07,Stars,Golden Knights,2,3,home,2-3,5
2024-12-07,Wild,Ducks,5,1,away,5-1,6
2024-12-07,Flyers,Bruins,3,4,home,3-4,7
2024-12-07,Utah Hockey Club,Sabres,5,2,away,5-2,7
2024-12-07,Jets,Blackhawks,4,2,away,4-2,6
2024-12-07,Hurricanes,Islanders,3,4,home,3-4,7
2024-12-07,Sharks,Panthers,1,3,home,1-3,4
2024-12-08,Capitals,Canadiens,4,2,away,4-2,6
2024-12-08,Predators,Senators,1,3,home,1-3,4
2024-12-08,Avalanche,Red Wings,2,1,away,2-1,3
2024-12-08,Maple Leafs,Penguins,2,5,home,2-5,7
2024-12-08,Wild,Kings,1,4,home,1-4,5
2024-12-08,Blues,Oilers,2,4,home,2-4,6
2024-12-08,Kraken,Rangers,7,5,away,7-5,12
2024-12-08,Lightning,Canucks,4,2,away,4-2,6
2024-12-08,Islanders,Senators,4,2,away,4-2,6
2024-12-08,Blue Jackets,Jets,4,1,away,4-1,5
2024-12-09,Avalanche,Devils,4,0,away,4-0,4
2024-12-09,Utah Hockey Club,Flyers,4,2,away,4-2,6
2024-12-09,Flames,Stars,2,6,home,2-6,8
2024-12-10,Red Wings,Sabres,6,5,away,6-5,11
2024-12-10,Blackhawks,Rangers,2,1,away,2-1,3
2024-12-10,Ducks,Canadiens,2,3,home,2-3,5
2024-12-11,Maple Leafs,Devils,2,1,away,2-1,3
2024-12-11,Avalanche,Penguins,6,2,away,6-2,8
2024-12-11,Sharks,Hurricanes,2,3,home,2-3,5
2024-12-11,Flyers,Blue Jackets,5,3,away,5-3,8
2024-12-11,Kings,Islanders,3,1,away,3-1,4
2024-12-11,Flames,Predators,4,3,away,4-3,7
2024-12-11,Bruins,Jets,1,8,home,1-8,9
2024-12-11,Lightning,Oilers,1,2,home,1-2,3
2024-12-11,Wild,Utah Hockey Club,5,4,away,5-4,9
2024-12-11,Blues,Canucks,4,3,away,4-3,7
2024-12-11,Panthers,Kraken,2,1,away,2-1,3
2024-12-12,Rangers,Sabres,3,2,away,3-2,5
2024-12-12,Ducks,Senators,1,5,home,1-5,6
2024-12-07,Capitals,Maple Leafs,3,1,away,3-1,4
2024-12-07,Kraken,Devils,2,3,home,2-3,5
2024-12-07,Penguins,Rangers,2,4,home,2-4,6
2024-12-07,Blue Jackets,Canucks,2,5,home,2-5,7
2024-12-07,Stars,Golden Knights,2,3,home,2-3,5
2024-12-07,Wild,Ducks,5,1,away,5-1,6
2024-12-07,Flyers,Bruins,3,4,home,3-4,7
2024-12-07,Utah Hockey Club,Sabres,5,2,away,5-2,7
2024-12-07,Jets,Blackhawks,4,2,away,4-2,6
2024-12-07,Hurricanes,Islanders,3,4,home,3-4,7
2024-12-07,Sharks,Panthers,1,3,home,1-3,4
2024-12-08,Capitals,Canadiens,4,2,away,4-2,6
2024-12-08,Predators,Senators,1,3,home,1-3,4
2024-12-08,Avalanche,Red Wings,2,1,away,2-1,3
2024-12-08,Maple Leafs,Penguins,2,5,home,2-5,7
2024-12-08,Wild,Kings,1,4,home,1-4,5
2024-12-08,Blues,Oilers,2,4,home,2-4,6
2024-12-08,Kraken,Rangers,7,5,away,7-5,12
2024-12-08,Lightning,Canucks,4,2,away,4-2,6
2024-12-08,Islanders,Senators,4,2,away,4-2,6
2024-12-08,Blue Jackets,Jets,4,1,away,4-1,5
2024-12-09,Avalanche,Devils,4,0,away,4-0,4
2024-12-09,Utah Hockey Club,Flyers,4,2,away,4-2,6
2024-12-09,Flames,Stars,2,6,home,2-6,8
2024-12-10,Red Wings,Sabres,6,5,away,6-5,11
2024-12-10,Blackhawks,Rangers,2,1,away,2-1,3
2024-12-10,Ducks,Canadiens,2,3,home,2-3,5
2024-12-11,Maple Leafs,Devils,2,1,away,2-1,3
2024-12-11,Avalanche,Penguins,6,2,away,6-2,8
2024-12-11,Sharks,Hurricanes,2,3,home,2-3,5
2024-12-11,Flyers,Blue Jackets,5,3,away,5-3,8
2024-12-11,Kings,Islanders,3,1,away,3-1,4
2024-12-11,Flames,Predators,4,3,away,4-3,7
2024-12-11,Bruins,Jets,1,8,home,1-8,9
2024-12-11,Lightning,Oilers,1,2,home,1-2,3
2024-12-11,Wild,Utah Hockey Club,5,4,away,5-4,9
2024-12-11,Blues,Canucks,4,3,away,4-3,7
2024-12-11,Panthers,Kraken,2,1,away,2-1,3
2024-12-12,Rangers,Sabres,3,2,away,3-2,5
2024-12-12,Ducks,Senators,1,5,home,1-5,6
2024-12-13,Ducks,Maple Leafs,2,3,home,2-3,5
2024-12-13,Penguins,Canadiens,9,2,away,9-2,11
2024-12-13,Kings,Devils,1,3,home,1-3,4
2024-12-13,Red Wings,Flyers,1,4,home,1-4,5
2024-12-13,Capitals,Blue Jackets,2,1,away,2-1,3
2024-12-13,Blackhawks,Islanders,4,5,home,4-5,9
2024-12-13,Sharks,Blues,4,3,away,4-3,7
2024-12-13,Predators,Stars,4,1,away,4-1,5
2024-12-13,Golden Knights,Jets,3,2,away,3-2,5
2024-12-13,Oilers,Wild,7,1,away,7-1,8
2024-12-13,Utah Hockey Club,Avalanche,4,1,away,4-1,5
2024-12-13,Lightning,Flames,8,3,away,8-3,11
2024-12-13,Panthers,Canucks,0,4,home,0-4,4
2024-12-13,Bruins,Kraken,1,5,home,1-5,6
2024-12-07,Flyers,Bruins,3,4,home,3-4,7
2024-12-07,Utah Hockey Club,Sabres,5,2,away,5-2,7
2024-12-07,Jets,Blackhawks,4,2,away,4-2,6
2024-12-07,Hurricanes,Islanders,3,4,home,3-4,7
2024-12-07,Sharks,Panthers,1,3,home,1-3,4
2024-12-08,Capitals,Canadiens,4,2,away,4-2,6
2024-12-08,Predators,Senators,1,3,home,1-3,4
2024-12-08,Avalanche,Red Wings,2,1,away,2-1,3
2024-12-08,Maple Leafs,Penguins,2,5,home,2-5,7
2024-12-08,Wild,Kings,1,4,home,1-4,5
2024-12-08,Blues,Oilers,2,4,home,2-4,6
2024-12-08,Kraken,Rangers,7,5,away,7-5,12
2024-12-08,Lightning,Canucks,4,2,away,4-2,6
2024-12-08,Islanders,Senators,4,2,away,4-2,6
2024-12-08,Blue Jackets,Jets,4,1,away,4-1,5
2024-12-09,Avalanche,Devils,4,0,away,4-0,4
2024-12-09,Utah Hockey Club,Flyers,4,2,away,4-2,6
2024-12-09,Flames,Stars,2,6,home,2-6,8
2024-12-10,Red Wings,Sabres,6,5,away,6-5,11
2024-12-10,Blackhawks,Rangers,2,1,away,2-1,3
2024-12-10,Ducks,Canadiens,2,3,home,2-3,5
2024-12-11,Maple Leafs,Devils,2,1,away,2-1,3
2024-12-11,Avalanche,Penguins,6,2,away,6-2,8
2024-12-11,Sharks,Hurricanes,2,3,home,2-3,5
2024-12-11,Flyers,Blue Jackets,5,3,away,5-3,8
2024-12-11,Kings,Islanders,3,1,away,3-1,4
2024-12-11,Flames,Predators,4,3,away,4-3,7
2024-12-11,Bruins,Jets,1,8,home,1-8,9
2024-12-11,Lightning,Oilers,1,2,home,1-2,3
2024-12-11,Wild,Utah Hockey Club,5,4,away,5-4,9
2024-12-11,Blues,Canucks,4,3,away,4-3,7
2024-12-11,Panthers,Kraken,2,1,away,2-1,3
2024-12-12,Rangers,Sabres,3,2,away,3-2,5
2024-12-12,Ducks,Senators,1,5,home,1-5,6
2024-12-13,Ducks,Maple Leafs,2,3,home,2-3,5
2024-12-13,Penguins,Canadiens,9,2,away,9-2,11
2024-12-13,Kings,Devils,1,3,home,1-3,4
2024-12-13,Red Wings,Flyers,1,4,home,1-4,5
2024-12-13,Capitals,Blue Jackets,2,1,away,2-1,3
2024-12-13,Blackhawks,Islanders,4,5,home,4-5,9
2024-12-13,Sharks,Blues,4,3,away,4-3,7
2024-12-13,Predators,Stars,4,1,away,4-1,5
2024-12-13,Golden Knights,Jets,3,2,away,3-2,5
2024-12-13,Oilers,Wild,7,1,away,7-1,8
2024-12-13,Utah Hockey Club,Avalanche,4,1,away,4-1,5
2024-12-13,Lightning,Flames,8,3,away,8-3,11
2024-12-13,Panthers,Canucks,0,4,home,0-4,4
2024-12-13,Bruins,Kraken,1,5,home,1-5,6
2024-12-14,Senators,Hurricanes,3,0,away,3-0,3
2024-12-08,Kraken,Rangers,7,5,away,7-5,12
2024-12-08,Lightning,Canucks,4,2,away,4-2,6
2024-12-08,Islanders,Senators,4,2,away,4-2,6
2024-12-08,Blue Jackets,Jets,4,1,away,4-1,5
2024-12-09,Avalanche,Devils,4,0,away,4-0,4
2024-12-09,Utah Hockey Club,Flyers,4,2,away,4-2,6
2024-12-09,Flames,Stars,2,6,home,2-6,8
2024-12-10,Red Wings,Sabres,6,5,away,6-5,11
2024-12-10,Blackhawks,Rangers,2,1,away,2-1,3
2024-12-10,Ducks,Canadiens,2,3,home,2-3,5
2024-12-11,Maple Leafs,Devils,2,1,away,2-1,3
2024-12-11,Avalanche,Penguins,6,2,away,6-2,8
2024-12-11,Sharks,Hurricanes,2,3,home,2-3,5
2024-12-11,Flyers,Blue Jackets,5,3,away,5-3,8
2024-12-11,Kings,Islanders,3,1,away,3-1,4
2024-12-11,Flames,Predators,4,3,away,4-3,7
2024-12-11,Bruins,Jets,1,8,home,1-8,9
2024-12-11,Lightning,Oilers,1,2,home,1-2,3
2024-12-11,Wild,Utah Hockey Club,5,4,away,5-4,9
2024-12-11,Blues,Canucks,4,3,away,4-3,7
2024-12-11,Panthers,Kraken,2,1,away,2-1,3
2024-12-12,Rangers,Sabres,3,2,away,3-2,5
2024-12-12,Ducks,Senators,1,5,home,1-5,6
2024-12-13,Ducks,Maple Leafs,2,3,home,2-3,5
2024-12-13,Penguins,Canadiens,9,2,away,9-2,11
2024-12-13,Kings,Devils,1,3,home,1-3,4
2024-12-13,Red Wings,Flyers,1,4,home,1-4,5
2024-12-13,Capitals,Blue Jackets,2,1,away,2-1,3
2024-12-13,Blackhawks,Islanders,4,5,home,4-5,9
2024-12-13,Sharks,Blues,4,3,away,4-3,7
2024-12-13,Predators,Stars,4,1,away,4-1,5
2024-12-13,Golden Knights,Jets,3,2,away,3-2,5
2024-12-13,Oilers,Wild,7,1,away,7-1,8
2024-12-13,Utah Hockey Club,Avalanche,4,1,away,4-1,5
2024-12-13,Lightning,Flames,8,3,away,8-3,11
2024-12-13,Panthers,Canucks,0,4,home,0-4,4
2024-12-13,Bruins,Kraken,1,5,home,1-5,6
2024-12-14,Senators,Hurricanes,3,0,away,3-0,3
2024-12-14,Blackhawks,Devils,1,4,home,1-4,5
2024-12-14,Kings,Rangers,5,1,away,5-1,6
2024-12-14,Flyers,Wild,1,4,home,1-4,5
2024-12-14,Golden Knights,Oilers,3,6,home,3-6,9
2024-12-15,Penguins,Senators,2,3,home,2-3,5
2024-12-15,Maple Leafs,Red Wings,2,4,home,2-4,6
2024-12-15,Sabres,Capitals,2,4,home,2-4,6
2024-12-15,Ducks,Blue Jackets,4,3,away,4-3,7
2024-12-15,Canadiens,Jets,2,4,home,2-4,6
2024-12-15,Blues,Stars,1,2,home,1-2,3
2024-12-15,Predators,Avalanche,2,5,home,2-5,7
2024-12-15,Panthers,Flames,0,3,home,0-3,3
2024-12-15,Bruins,Canucks,5,1,away,5-1,6
2024-12-15,Utah Hockey Club,Sharks,4,3,away,4-3,7
2024-12-15,Lightning,Kraken,5,1,away,5-1,6
2024-12-10,Red Wings,Sabres,6,5,away,6-5,11
2024-12-10,Blackhawks,Rangers,2,1,away,2-1,3
2024-12-10,Ducks,Canadiens,2,3,home,2-3,5
2024-12-11,Maple Leafs,Devils,2,1,away,2-1,3
2024-12-11,Avalanche,Penguins,6,2,away,6-2,8
2024-12-11,Sharks,Hurricanes,2,3,home,2-3,5
2024-12-11,Flyers,Blue Jackets,5,3,away,5-3,8
2024-12-11,Kings,Islanders,3,1,away,3-1,4
2024-12-11,Flames,Predators,4,3,away,4-3,7
2024-12-11,Bruins,Jets,1,8,home,1-8,9
2024-12-11,Lightning,Oilers,1,2,home,1-2,3
2024-12-11,Wild,Utah Hockey Club,5,4,away,5-4,9
2024-12-11,Blues,Canucks,4,3,away,4-3,7
2024-12-11,Panthers,Kraken,2,1,away,2-1,3
2024-12-12,Rangers,Sabres,3,2,away,3-2,5
2024-12-12,Ducks,Senators,1,5,home,1-5,6
2024-12-13,Ducks,Maple Leafs,2,3,home,2-3,5
2024-12-13,Penguins,Canadiens,9,2,away,9-2,11
2024-12-13,Kings,Devils,1,3,home,1-3,4
2024-12-13,Red Wings,Flyers,1,4,home,1-4,5
2024-12-13,Capitals,Blue Jackets,2,1,away,2-1,3
2024-12-13,Blackhawks,Islanders,4,5,home,4-5,9
2024-12-13,Sharks,Blues,4,3,away,4-3,7
2024-12-13,Predators,Stars,4,1,away,4-1,5
2024-12-13,Golden Knights,Jets,3,2,away,3-2,5
2024-12-13,Oilers,Wild,7,1,away,7-1,8
2024-12-13,Utah Hockey Club,Avalanche,4,1,away,4-1,5
2024-12-13,Lightning,Flames,8,3,away,8-3,11
2024-12-13,Panthers,Canucks,0,4,home,0-4,4
2024-12-13,Bruins,Kraken,1,5,home,1-5,6
2024-12-14,Senators,Hurricanes,3,0,away,3-0,3
2024-12-14,Blackhawks,Devils,1,4,home,1-4,5
2024-12-14,Kings,Rangers,5,1,away,5-1,6
2024-12-14,Flyers,Wild,1,4,home,1-4,5
2024-12-14,Golden Knights,Oilers,3,6,home,3-6,9
2024-12-15,Penguins,Senators,2,3,home,2-3,5
2024-12-15,Maple Leafs,Red Wings,2,4,home,2-4,6
2024-12-15,Sabres,Capitals,2,4,home,2-4,6
2024-12-15,Ducks,Blue Jackets,4,3,away,4-3,7
2024-12-15,Canadiens,Jets,2,4,home,2-4,6
2024-12-15,Blues,Stars,1,2,home,1-2,3
2024-12-15,Predators,Avalanche,2,5,home,2-5,7
2024-12-15,Panthers,Flames,0,3,home,0-3,3
2024-12-15,Bruins,Canucks,5,1,away,5-1,6
2024-12-15,Utah Hockey Club,Sharks,4,3,away,4-3,7
2024-12-15,Lightning,Kraken,5,1,away,5-1,6
2024-12-15,Islanders,Blackhawks,3,5,home,3-5,8
2024-12-15,Sabres,Maple Leafs,3,5,home,3-5,8
2024-12-15,Blue Jackets,Hurricanes,1,4,home,1-4,5
2024-12-15,Rangers,Blues,2,3,home,2-3,5
2024-12-15,Golden Knights,Wild,3,2,away,3-2,5
2024-12-11,Maple Leafs,Devils,2,1,away,2-1,3
2024-12-11,Avalanche,Penguins,6,2,away,6-2,8
2024-12-11,Sharks,Hurricanes,2,3,home,2-3,5
2024-12-11,Flyers,Blue Jackets,5,3,away,5-3,8
2024-12-11,Kings,Islanders,3,1,away,3-1,4
2024-12-11,Flames,Predators,4,3,away,4-3,7
2024-12-11,Bruins,Jets,1,8,home,1-8,9
2024-12-11,Lightning,Oilers,1,2,home,1-2,3
2024-12-11,Wild,Utah Hockey Club,5,4,away,5-4,9
2024-12-11,Blues,Canucks,4,3,away,4-3,7
2024-12-11,Panthers,Kraken,2,1,away,2-1,3
2024-12-12,Rangers,Sabres,3,2,away,3-2,5
2024-12-12,Ducks,Senators,1,5,home,1-5,6
2024-12-13,Ducks,Maple Leafs,2,3,home,2-3,5
2024-12-13,Penguins,Canadiens,9,2,away,9-2,11
2024-12-13,Kings,Devils,1,3,home,1-3,4
2024-12-13,Red Wings,Flyers,1,4,home,1-4,5
2024-12-13,Capitals,Blue Jackets,2,1,away,2-1,3
2024-12-13,Blackhawks,Islanders,4,5,home,4-5,9
2024-12-13,Sharks,Blues,4,3,away,4-3,7
2024-12-13,Predators,Stars,4,1,away,4-1,5
2024-12-13,Golden Knights,Jets,3,2,away,3-2,5
2024-12-13,Oilers,Wild,7,1,away,7-1,8
2024-12-13,Utah Hockey Club,Avalanche,4,1,away,4-1,5
2024-12-13,Lightning,Flames,8,3,away,8-3,11
2024-12-13,Panthers,Canucks,0,4,home,0-4,4
2024-12-13,Bruins,Kraken,1,5,home,1-5,6
2024-12-14,Senators,Hurricanes,3,0,away,3-0,3
2024-12-14,Blackhawks,Devils,1,4,home,1-4,5
2024-12-14,Kings,Rangers,5,1,away,5-1,6
2024-12-14,Flyers,Wild,1,4,home,1-4,5
2024-12-14,Golden Knights,Oilers,3,6,home,3-6,9
2024-12-15,Penguins,Senators,2,3,home,2-3,5
2024-12-15,Maple Leafs,Red Wings,2,4,home,2-4,6
2024-12-15,Sabres,Capitals,2,4,home,2-4,6
2024-12-15,Ducks,Blue Jackets,4,3,away,4-3,7
2024-12-15,Canadiens,Jets,2,4,home,2-4,6
2024-12-15,Blues,Stars,1,2,home,1-2,3
2024-12-15,Predators,Avalanche,2,5,home,2-5,7
2024-12-15,Panthers,Flames,0,3,home,0-3,3
2024-12-15,Bruins,Canucks,5,1,away,5-1,6
2024-12-15,Utah Hockey Club,Sharks,4,3,away,4-3,7
2024-12-15,Lightning,Kraken,5,1,away,5-1,6
2024-12-15,Islanders,Blackhawks,3,5,home,3-5,8
2024-12-15,Sabres,Maple Leafs,3,5,home,3-5,8
2024-12-15,Blue Jackets,Hurricanes,1,4,home,1-4,5
2024-12-15,Rangers,Blues,2,3,home,2-3,5
2024-12-15,Golden Knights,Wild,3,2,away,3-2,5
2024-12-17,Capitals,Stars,1,3,home,1-3,4
2024-12-17,Panthers,Oilers,6,5,away,6-5,11
2024-12-17,Avalanche,Canucks,1,3,home,1-3,4
2024-12-12,Rangers,Sabres,3,2,away,3-2,5
2024-12-12,Ducks,Senators,1,5,home,1-5,6
2024-12-13,Ducks,Maple Leafs,2,3,home,2-3,5
2024-12-13,Penguins,Canadiens,9,2,away,9-2,11
2024-12-13,Kings,Devils,1,3,home,1-3,4
2024-12-13,Red Wings,Flyers,1,4,home,1-4,5
2024-12-13,Capitals,Blue Jackets,2,1,away,2-1,3
2024-12-13,Blackhawks,Islanders,4,5,home,4-5,9
2024-12-13,Sharks,Blues,4,3,away,4-3,7
2024-12-13,Predators,Stars,4,1,away,4-1,5
2024-12-13,Golden Knights,Jets,3,2,away,3-2,5
2024-12-13,Oilers,Wild,7,1,away,7-1,8
2024-12-13,Utah Hockey Club,Avalanche,4,1,away,4-1,5
2024-12-13,Lightning,Flames,8,3,away,8-3,11
2024-12-13,Panthers,Canucks,0,4,home,0-4,4
2024-12-13,Bruins,Kraken,1,5,home,1-5,6
2024-12-14,Senators,Hurricanes,3,0,away,3-0,3
2024-12-14,Blackhawks,Devils,1,4,home,1-4,5
2024-12-14,Kings,Rangers,5,1,away,5-1,6
2024-12-14,Flyers,Wild,1,4,home,1-4,5
2024-12-14,Golden Knights,Oilers,3,6,home,3-6,9
2024-12-15,Penguins,Senators,2,3,home,2-3,5
2024-12-15,Maple Leafs,Red Wings,2,4,home,2-4,6
2024-12-15,Sabres,Capitals,2,4,home,2-4,6
2024-12-15,Ducks,Blue Jackets,4,3,away,4-3,7
2024-12-15,Canadiens,Jets,2,4,home,2-4,6
2024-12-15,Blues,Stars,1,2,home,1-2,3
2024-12-15,Predators,Avalanche,2,5,home,2-5,7
2024-12-15,Panthers,Flames,0,3,home,0-3,3
2024-12-15,Bruins,Canucks,5,1,away,5-1,6
2024-12-15,Utah Hockey Club,Sharks,4,3,away,4-3,7
2024-12-15,Lightning,Kraken,5,1,away,5-1,6
2024-12-15,Islanders,Blackhawks,3,5,home,3-5,8
2024-12-15,Sabres,Maple Leafs,3,5,home,3-5,8
2024-12-15,Blue Jackets,Hurricanes,1,4,home,1-4,5
2024-12-15,Rangers,Blues,2,3,home,2-3,5
2024-12-15,Golden Knights,Wild,3,2,away,3-2,5
2024-12-17,Capitals,Stars,1,3,home,1-3,4
2024-12-17,Panthers,Oilers,6,5,away,6-5,11
2024-12-17,Avalanche,Canucks,1,3,home,1-3,4
2024-12-18,Sabres,Canadiens,1,6,home,1-6,7
2024-12-18,Blue Jackets,Lightning,3,5,home,3-5,8
2024-12-18,Kings,Penguins,2,3,home,2-3,5
2024-12-18,Islanders,Hurricanes,0,4,home,0-4,4
2024-12-18,Devils,Blues,4,1,away,4-1,5
2024-12-18,Rangers,Predators,0,2,home,0-2,2
2024-12-18,Capitals,Blackhawks,2,3,home,2-3,5
2024-12-18,Bruins,Flames,4,3,away,4-3,7
2024-12-18,Senators,Kraken,3,0,away,3-0,3
2024-12-18,Jets,Sharks,4,3,away,4-3,7
2024-12-13,Ducks,Maple Leafs,2,3,home,2-3,5
2024-12-13,Penguins,Canadiens,9,2,away,9-2,11
2024-12-13,Kings,Devils,1,3,home,1-3,4
2024-12-13,Red Wings,Flyers,1,4,home,1-4,5
2024-12-13,Capitals,Blue Jackets,2,1,away,2-1,3
2024-12-13,Blackhawks,Islanders,4,5,home,4-5,9
2024-12-13,Sharks,Blues,4,3,away,4-3,7
2024-12-13,Predators,Stars,4,1,away,4-1,5
2024-12-13,Golden Knights,Jets,3,2,away,3-2,5
2024-12-13,Oilers,Wild,7,1,away,7-1,8
2024-12-13,Utah Hockey Club,Avalanche,4,1,away,4-1,5
2024-12-13,Lightning,Flames,8,3,away,8-3,11
2024-12-13,Panthers,Canucks,0,4,home,0-4,4
2024-12-13,Bruins,Kraken,1,5,home,1-5,6
2024-12-14,Senators,Hurricanes,3,0,away,3-0,3
2024-12-14,Blackhawks,Devils,1,4,home,1-4,5
2024-12-14,Kings,Rangers,5,1,away,5-1,6
2024-12-14,Flyers,Wild,1,4,home,1-4,5
2024-12-14,Golden Knights,Oilers,3,6,home,3-6,9
2024-12-15,Penguins,Senators,2,3,home,2-3,5
2024-12-15,Maple Leafs,Red Wings,2,4,home,2-4,6
2024-12-15,Sabres,Capitals,2,4,home,2-4,6
2024-12-15,Ducks,Blue Jackets,4,3,away,4-3,7
2024-12-15,Canadiens,Jets,2,4,home,2-4,6
2024-12-15,Blues,Stars,1,2,home,1-2,3
2024-12-15,Predators,Avalanche,2,5,home,2-5,7
2024-12-15,Panthers,Flames,0,3,home,0-3,3
2024-12-15,Bruins,Canucks,5,1,away,5-1,6
2024-12-15,Utah Hockey Club,Sharks,4,3,away,4-3,7
2024-12-15,Lightning,Kraken,5,1,away,5-1,6
2024-12-15,Islanders,Blackhawks,3,5,home,3-5,8
2024-12-15,Sabres,Maple Leafs,3,5,home,3-5,8
2024-12-15,Blue Jackets,Hurricanes,1,4,home,1-4,5
2024-12-15,Rangers,Blues,2,3,home,2-3,5
2024-12-15,Golden Knights,Wild,3,2,away,3-2,5
2024-12-17,Capitals,Stars,1,3,home,1-3,4
2024-12-17,Panthers,Oilers,6,5,away,6-5,11
2024-12-17,Avalanche,Canucks,1,3,home,1-3,4
2024-12-18,Sabres,Canadiens,1,6,home,1-6,7
2024-12-18,Blue Jackets,Lightning,3,5,home,3-5,8
2024-12-18,Kings,Penguins,2,3,home,2-3,5
2024-12-18,Islanders,Hurricanes,0,4,home,0-4,4
2024-12-18,Devils,Blues,4,1,away,4-1,5
2024-12-18,Rangers,Predators,0,2,home,0-2,2
2024-12-18,Capitals,Blackhawks,2,3,home,2-3,5
2024-12-18,Bruins,Flames,4,3,away,4-3,7
2024-12-18,Senators,Kraken,3,0,away,3-0,3
2024-12-18,Jets,Sharks,4,3,away,4-3,7
2024-12-19,Flyers,Red Wings,4,6,home,4-6,10
2024-12-19,Maple Leafs,Stars,5,3,away,5-3,8
2024-12-19,Panthers,Wild,6,1,away,6-1,7
2024-12-19,Canucks,Utah Hockey Club,2,3,home,2-3,5
2024-12-19,Jets,Ducks,2,3,home,2-3,5
2024-12-14,Senators,Hurricanes,3,0,away,3-0,3
2024-12-14,Blackhawks,Devils,1,4,home,1-4,5
2024-12-14,Kings,Rangers,5,1,away,5-1,6
2024-12-14,Flyers,Wild,1,4,home,1-4,5
2024-12-14,Golden Knights,Oilers,3,6,home,3-6,9
2024-12-15,Penguins,Senators,2,3,home,2-3,5
2024-12-15,Maple Leafs,Red Wings,2,4,home,2-4,6
2024-12-15,Sabres,Capitals,2,4,home,2-4,6
2024-12-15,Ducks,Blue Jackets,4,3,away,4-3,7
2024-12-15,Canadiens,Jets,2,4,home,2-4,6
2024-12-15,Blues,Stars,1,2,home,1-2,3
2024-12-15,Predators,Avalanche,2,5,home,2-5,7
2024-12-15,Panthers,Flames,0,3,home,0-3,3
2024-12-15,Bruins,Canucks,5,1,away,5-1,6
2024-12-15,Utah Hockey Club,Sharks,4,3,away,4-3,7
2024-12-15,Lightning,Kraken,5,1,away,5-1,6
2024-12-15,Islanders,Blackhawks,3,5,home,3-5,8
2024-12-15,Sabres,Maple Leafs,3,5,home,3-5,8
2024-12-15,Blue Jackets,Hurricanes,1,4,home,1-4,5
2024-12-15,Rangers,Blues,2,3,home,2-3,5
2024-12-15,Golden Knights,Wild,3,2,away,3-2,5
2024-12-17,Capitals,Stars,1,3,home,1-3,4
2024-12-17,Panthers,Oilers,6,5,away,6-5,11
2024-12-17,Avalanche,Canucks,1,3,home,1-3,4
2024-12-18,Sabres,Canadiens,1,6,home,1-6,7
2024-12-18,Blue Jackets,Lightning,3,5,home,3-5,8
2024-12-18,Kings,Penguins,2,3,home,2-3,5
2024-12-18,Islanders,Hurricanes,0,4,home,0-4,4
2024-12-18,Devils,Blues,4,1,away,4-1,5
2024-12-18,Rangers,Predators,0,2,home,0-2,2
2024-12-18,Capitals,Blackhawks,2,3,home,2-3,5
2024-12-18,Bruins,Flames,4,3,away,4-3,7
2024-12-18,Senators,Kraken,3,0,away,3-0,3
2024-12-18,Jets,Sharks,4,3,away,4-3,7
2024-12-19,Flyers,Red Wings,4,6,home,4-6,10
2024-12-19,Maple Leafs,Stars,5,3,away,5-3,8
2024-12-19,Panthers,Wild,6,1,away,6-1,7
2024-12-19,Canucks,Utah Hockey Club,2,3,home,2-3,5
2024-12-19,Jets,Ducks,2,3,home,2-3,5
2024-12-20,Blues,Lightning,1,3,home,1-3,4
2024-12-20,Devils,Blue Jackets,2,4,home,2-4,6
2024-12-20,Kings,Flyers,7,3,away,7-3,10
2024-12-20,Penguins,Predators,5,4,away,5-4,9
2024-12-20,Kraken,Blackhawks,1,3,home,1-3,4
2024-12-20,Senators,Flames,3,2,away,3-2,5
2024-12-20,Bruins,Oilers,2,3,home,2-3,5
2024-12-20,Canucks,Golden Knights,1,3,home,1-3,4
2024-12-20,Avalanche,Sharks,4,2,away,4-2,6
2024-12-14,Blackhawks,Devils,1,4,home,1-4,5
2024-12-14,Kings,Rangers,5,1,away,5-1,6
2024-12-14,Flyers,Wild,1,4,home,1-4,5
2024-12-14,Golden Knights,Oilers,3,6,home,3-6,9
2024-12-15,Penguins,Senators,2,3,home,2-3,5
2024-12-15,Maple Leafs,Red Wings,2,4,home,2-4,6
2024-12-15,Sabres,Capitals,2,4,home,2-4,6
2024-12-15,Ducks,Blue Jackets,4,3,away,4-3,7
2024-12-15,Canadiens,Jets,2,4,home,2-4,6
2024-12-15,Blues,Stars,1,2,home,1-2,3
2024-12-15,Predators,Avalanche,2,5,home,2-5,7
2024-12-15,Panthers,Flames,0,3,home,0-3,3
2024-12-15,Bruins,Canucks,5,1,away,5-1,6
2024-12-15,Utah Hockey Club,Sharks,4,3,away,4-3,7
2024-12-15,Lightning,Kraken,5,1,away,5-1,6
2024-12-15,Islanders,Blackhawks,3,5,home,3-5,8
2024-12-15,Sabres,Maple Leafs,3,5,home,3-5,8
2024-12-15,Blue Jackets,Hurricanes,1,4,home,1-4,5
2024-12-15,Rangers,Blues,2,3,home,2-3,5
2024-12-15,Golden Knights,Wild,3,2,away,3-2,5
2024-12-17,Capitals,Stars,1,3,home,1-3,4
2024-12-17,Panthers,Oilers,6,5,away,6-5,11
2024-12-17,Avalanche,Canucks,1,3,home,1-3,4
2024-12-18,Sabres,Canadiens,1,6,home,1-6,7
2024-12-18,Blue Jackets,Lightning,3,5,home,3-5,8
2024-12-18,Kings,Penguins,2,3,home,2-3,5
2024-12-18,Islanders,Hurricanes,0,4,home,0-4,4
2024-12-18,Devils,Blues,4,1,away,4-1,5
2024-12-18,Rangers,Predators,0,2,home,0-2,2
2024-12-18,Capitals,Blackhawks,2,3,home,2-3,5
2024-12-18,Bruins,Flames,4,3,away,4-3,7
2024-12-18,Senators,Kraken,3,0,away,3-0,3
2024-12-18,Jets,Sharks,4,3,away,4-3,7
2024-12-19,Flyers,Red Wings,4,6,home,4-6,10
2024-12-19,Maple Leafs,Stars,5,3,away,5-3,8
2024-12-19,Panthers,Wild,6,1,away,6-1,7
2024-12-19,Canucks,Utah Hockey Club,2,3,home,2-3,5
2024-12-19,Jets,Ducks,2,3,home,2-3,5
2024-12-20,Blues,Lightning,1,3,home,1-3,4
2024-12-20,Devils,Blue Jackets,2,4,home,2-4,6
2024-12-20,Kings,Flyers,7,3,away,7-3,10
2024-12-20,Penguins,Predators,5,4,away,5-4,9
2024-12-20,Kraken,Blackhawks,1,3,home,1-3,4
2024-12-20,Senators,Flames,3,2,away,3-2,5
2024-12-20,Bruins,Oilers,2,3,home,2-3,5
2024-12-20,Canucks,Golden Knights,1,3,home,1-3,4
2024-12-20,Avalanche,Sharks,4,2,away,4-2,6
2024-12-21,Maple Leafs,Sabres,6,3,away,6-3,9
2024-12-21,Canadiens,Red Wings,4,3,away,4-3,7
2024-12-21,Blues,Panthers,1,2,home,1-2,3
2024-12-21,Hurricanes,Capitals,1,3,home,1-3,4
2024-12-21,Rangers,Stars,3,1,away,3-1,4
2024-12-21,Utah Hockey Club,Wild,2,1,away,2-1,3
2024-12-21,Avalanche,Ducks,4,2,away,4-2,6
2024-12-15,Islanders,Blackhawks,3,5,home,3-5,8
2024-12-15,Sabres,Maple Leafs,3,5,home,3-5,8
2024-12-15,Blue Jackets,Hurricanes,1,4,home,1-4,5
2024-12-15,Rangers,Blues,2,3,home,2-3,5
2024-12-15,Golden Knights,Wild,3,2,away,3-2,5
2024-12-17,Capitals,Stars,1,3,home,1-3,4
2024-12-17,Panthers,Oilers,6,5,away,6-5,11
2024-12-17,Avalanche,Canucks,1,3,home,1-3,4
2024-12-18,Sabres,Canadiens,1,6,home,1-6,7
2024-12-18,Blue Jackets,Lightning,3,5,home,3-5,8
2024-12-18,Kings,Penguins,2,3,home,2-3,5
2024-12-18,Islanders,Hurricanes,0,4,home,0-4,4
2024-12-18,Devils,Blues,4,1,away,4-1,5
2024-12-18,Rangers,Predators,0,2,home,0-2,2
2024-12-18,Capitals,Blackhawks,2,3,home,2-3,5
2024-12-18,Bruins,Flames,4,3,away,4-3,7
2024-12-18,Senators,Kraken,3,0,away,3-0,3
2024-12-18,Jets,Sharks,4,3,away,4-3,7
2024-12-19,Flyers,Red Wings,4,6,home,4-6,10
2024-12-19,Maple Leafs,Stars,5,3,away,5-3,8
2024-12-19,Panthers,Wild,6,1,away,6-1,7
2024-12-19,Canucks,Utah Hockey Club,2,3,home,2-3,5
2024-12-19,Jets,Ducks,2,3,home,2-3,5
2024-12-20,Blues,Lightning,1,3,home,1-3,4
2024-12-20,Devils,Blue Jackets,2,4,home,2-4,6
2024-12-20,Kings,Flyers,7,3,away,7-3,10
2024-12-20,Penguins,Predators,5,4,away,5-4,9
2024-12-20,Kraken,Blackhawks,1,3,home,1-3,4
2024-12-20,Senators,Flames,3,2,away,3-2,5
2024-12-20,Bruins,Oilers,2,3,home,2-3,5
2024-12-20,Canucks,Golden Knights,1,3,home,1-3,4
2024-12-20,Avalanche,Sharks,4,2,away,4-2,6
2024-12-21,Maple Leafs,Sabres,6,3,away,6-3,9
2024-12-21,Canadiens,Red Wings,4,3,away,4-3,7
2024-12-21,Blues,Panthers,1,2,home,1-2,3
2024-12-21,Hurricanes,Capitals,1,3,home,1-3,4
2024-12-21,Rangers,Stars,3,1,away,3-1,4
2024-12-21,Utah Hockey Club,Wild,2,1,away,2-1,3
2024-12-21,Avalanche,Ducks,4,2,away,4-2,6
2024-12-21,Kings,Predators,2,3,home,2-3,5
2024-12-21,Blackhawks,Flames,4,6,home,4-6,10
2024-12-21,Sharks,Oilers,2,3,home,2-3,5
2024-12-22,Sabres,Bruins,1,3,home,1-3,4
2024-12-22,Islanders,Maple Leafs,6,3,away,6-3,9
2024-12-22,Red Wings,Canadiens,1,5,home,1-5,6
2024-12-22,Penguins,Devils,0,3,home,0-3,3
2024-12-22,Blue Jackets,Flyers,4,5,home,4-5,9
2024-12-22,Wild,Jets,0,5,home,0-5,5
2024-12-22,Senators,Canucks,5,4,away,5-4,9
2024-12-22,Kraken,Golden Knights,2,6,home,2-6,8
2024-12-17,Capitals,Stars,1,3,home,1-3,4
2024-12-17,Panthers,Oilers,6,5,away,6-5,11
2024-12-17,Avalanche,Canucks,1,3,home,1-3,4
2024-12-18,Sabres,Canadiens,1,6,home,1-6,7
2024-12-18,Blue Jackets,Lightning,3,5,home,3-5,8
2024-12-18,Kings,Penguins,2,3,home,2-3,5
2024-12-18,Islanders,Hurricanes,0,4,home,0-4,4
2024-12-18,Devils,Blues,4,1,away,4-1,5
2024-12-18,Rangers,Predators,0,2,home,0-2,2
2024-12-18,Capitals,Blackhawks,2,3,home,2-3,5
2024-12-18,Bruins,Flames,4,3,away,4-3,7
2024-12-18,Senators,Kraken,3,0,away,3-0,3
2024-12-18,Jets,Sharks,4,3,away,4-3,7
2024-12-19,Flyers,Red Wings,4,6,home,4-6,10
2024-12-19,Maple Leafs,Stars,5,3,away,5-3,8
2024-12-19,Panthers,Wild,6,1,away,6-1,7
2024-12-19,Canucks,Utah Hockey Club,2,3,home,2-3,5
2024-12-19,Jets,Ducks,2,3,home,2-3,5
2024-12-20,Blues,Lightning,1,3,home,1-3,4
2024-12-20,Devils,Blue Jackets,2,4,home,2-4,6
2024-12-20,Kings,Flyers,7,3,away,7-3,10
2024-12-20,Penguins,Predators,5,4,away,5-4,9
2024-12-20,Kraken,Blackhawks,1,3,home,1-3,4
2024-12-20,Senators,Flames,3,2,away,3-2,5
2024-12-20,Bruins,Oilers,2,3,home,2-3,5
2024-12-20,Canucks,Golden Knights,1,3,home,1-3,4
2024-12-20,Avalanche,Sharks,4,2,away,4-2,6
2024-12-21,Maple Leafs,Sabres,6,3,away,6-3,9
2024-12-21,Canadiens,Red Wings,4,3,away,4-3,7
2024-12-21,Blues,Panthers,1,2,home,1-2,3
2024-12-21,Hurricanes,Capitals,1,3,home,1-3,4
2024-12-21,Rangers,Stars,3,1,away,3-1,4
2024-12-21,Utah Hockey Club,Wild,2,1,away,2-1,3
2024-12-21,Avalanche,Ducks,4,2,away,4-2,6
2024-12-21,Kings,Predators,2,3,home,2-3,5
2024-12-21,Blackhawks,Flames,4,6,home,4-6,10
2024-12-21,Sharks,Oilers,2,3,home,2-3,5
2024-12-22,Sabres,Bruins,1,3,home,1-3,4
2024-12-22,Islanders,Maple Leafs,6,3,away,6-3,9
2024-12-22,Red Wings,Canadiens,1,5,home,1-5,6
2024-12-22,Penguins,Devils,0,3,home,0-3,3
2024-12-22,Blue Jackets,Flyers,4,5,home,4-5,9
2024-12-22,Wild,Jets,0,5,home,0-5,5
2024-12-22,Senators,Canucks,5,4,away,5-4,9
2024-12-22,Kraken,Golden Knights,2,6,home,2-6,8
2024-12-22,Hurricanes,Rangers,3,1,away,3-1,4
2024-12-22,Panthers,Lightning,4,2,away,4-2,6
2024-12-22,Kings,Capitals,1,3,home,1-3,4
2024-12-22,Ducks,Utah Hockey Club,5,4,away,5-4,9
2024-12-23,Kraken,Avalanche,2,5,home,2-5,7
2024-12-23,Senators,Oilers,1,3,home,1-3,4
2024-12-18,Sabres,Canadiens,1,6,home,1-6,7
2024-12-18,Blue Jackets,Lightning,3,5,home,3-5,8
2024-12-18,Kings,Penguins,2,3,home,2-3,5
2024-12-18,Islanders,Hurricanes,0,4,home,0-4,4
2024-12-18,Devils,Blues,4,1,away,4-1,5
2024-12-18,Rangers,Predators,0,2,home,0-2,2
2024-12-18,Capitals,Blackhawks,2,3,home,2-3,5
2024-12-18,Bruins,Flames,4,3,away,4-3,7
2024-12-18,Senators,Kraken,3,0,away,3-0,3
2024-12-18,Jets,Sharks,4,3,away,4-3,7
2024-12-19,Flyers,Red Wings,4,6,home,4-6,10
2024-12-19,Maple Leafs,Stars,5,3,away,5-3,8
2024-12-19,Panthers,Wild,6,1,away,6-1,7
2024-12-19,Canucks,Utah Hockey Club,2,3,home,2-3,5
2024-12-19,Jets,Ducks,2,3,home,2-3,5
2024-12-20,Blues,Lightning,1,3,home,1-3,4
2024-12-20,Devils,Blue Jackets,2,4,home,2-4,6
2024-12-20,Kings,Flyers,7,3,away,7-3,10
2024-12-20,Penguins,Predators,5,4,away,5-4,9
2024-12-20,Kraken,Blackhawks,1,3,home,1-3,4
2024-12-20,Senators,Flames,3,2,away,3-2,5
2024-12-20,Bruins,Oilers,2,3,home,2-3,5
2024-12-20,Canucks,Golden Knights,1,3,home,1-3,4
2024-12-20,Avalanche,Sharks,4,2,away,4-2,6
2024-12-21,Maple Leafs,Sabres,6,3,away,6-3,9
2024-12-21,Canadiens,Red Wings,4,3,away,4-3,7
2024-12-21,Blues,Panthers,1,2,home,1-2,3
2024-12-21,Hurricanes,Capitals,1,3,home,1-3,4
2024-12-21,Rangers,Stars,3,1,away,3-1,4
2024-12-21,Utah Hockey Club,Wild,2,1,away,2-1,3
2024-12-21,Avalanche,Ducks,4,2,away,4-2,6
2024-12-21,Kings,Predators,2,3,home,2-3,5
2024-12-21,Blackhawks,Flames,4,6,home,4-6,10
2024-12-21,Sharks,Oilers,2,3,home,2-3,5
2024-12-22,Sabres,Bruins,1,3,home,1-3,4
2024-12-22,Islanders,Maple Leafs,6,3,away,6-3,9
2024-12-22,Red Wings,Canadiens,1,5,home,1-5,6
2024-12-22,Penguins,Devils,0,3,home,0-3,3
2024-12-22,Blue Jackets,Flyers,4,5,home,4-5,9
2024-12-22,Wild,Jets,0,5,home,0-5,5
2024-12-22,Senators,Canucks,5,4,away,5-4,9
2024-12-22,Kraken,Golden Knights,2,6,home,2-6,8
2024-12-22,Hurricanes,Rangers,3,1,away,3-1,4
2024-12-22,Panthers,Lightning,4,2,away,4-2,6
2024-12-22,Kings,Capitals,1,3,home,1-3,4
2024-12-22,Ducks,Utah Hockey Club,5,4,away,5-4,9
2024-12-23,Kraken,Avalanche,2,5,home,2-5,7
2024-12-23,Senators,Oilers,1,3,home,1-3,4
2024-12-23,Rangers,Devils,0,5,home,0-5,5
2024-12-23,Jets,Maple Leafs,5,2,away,5-2,7
2024-12-24,Capitals,Bruins,1,4,home,1-4,5
2024-12-24,Blues,Red Wings,4,0,away,4-0,4
2024-12-24,Lightning,Panthers,4,0,away,4-0,4
2024-12-24,Flyers,Penguins,3,7,home,3-7,10
2024-12-24,Canadiens,Blue Jackets,4,5,home,4-5,9
2024-12-24,Sabres,Islanders,7,1,away,7-1,8
2024-12-24,Hurricanes,Predators,2,5,home,2-5,7
2024-12-24,Blackhawks,Wild,3,4,home,3-4,7
2024-12-24,Sharks,Canucks,3,4,home,3-4,7
2024-12-24,Stars,Utah Hockey Club,3,2,away,3-2,5
2024-12-24,Ducks,Golden Knights,1,3,home,1-3,4
2024-12-19,Flyers,Red Wings,4,6,home,4-6,10
2024-12-19,Maple Leafs,Stars,5,3,away,5-3,8
2024-12-19,Panthers,Wild,6,1,away,6-1,7
2024-12-19,Canucks,Utah Hockey Club,2,3,home,2-3,5
2024-12-19,Jets,Ducks,2,3,home,2-3,5
2024-12-20,Blues,Lightning,1,3,home,1-3,4
2024-12-20,Devils,Blue Jackets,2,4,home,2-4,6
2024-12-20,Kings,Flyers,7,3,away,7-3,10
2024-12-20,Penguins,Predators,5,4,away,5-4,9
2024-12-20,Kraken,Blackhawks,1,3,home,1-3,4
2024-12-20,Senators,Flames,3,2,away,3-2,5
2024-12-20,Bruins,Oilers,2,3,home,2-3,5
2024-12-20,Canucks,Golden Knights,1,3,home,1-3,4
2024-12-20,Avalanche,Sharks,4,2,away,4-2,6
2024-12-21,Maple Leafs,Sabres,6,3,away,6-3,9
2024-12-21,Canadiens,Red Wings,4,3,away,4-3,7
2024-12-21,Blues,Panthers,1,2,home,1-2,3
2024-12-21,Hurricanes,Capitals,1,3,home,1-3,4
2024-12-21,Rangers,Stars,3,1,away,3-1,4
2024-12-21,Utah Hockey Club,Wild,2,1,away,2-1,3
2024-12-21,Avalanche,Ducks,4,2,away,4-2,6
2024-12-21,Kings,Predators,2,3,home,2-3,5
2024-12-21,Blackhawks,Flames,4,6,home,4-6,10
2024-12-21,Sharks,Oilers,2,3,home,2-3,5
2024-12-22,Sabres,Bruins,1,3,home,1-3,4
2024-12-22,Islanders,Maple Leafs,6,3,away,6-3,9
2024-12-22,Red Wings,Canadiens,1,5,home,1-5,6
2024-12-22,Penguins,Devils,0,3,home,0-3,3
2024-12-22,Blue Jackets,Flyers,4,5,home,4-5,9
2024-12-22,Wild,Jets,0,5,home,0-5,5
2024-12-22,Senators,Canucks,5,4,away,5-4,9
2024-12-22,Kraken,Golden Knights,2,6,home,2-6,8
2024-12-22,Hurricanes,Rangers,3,1,away,3-1,4
2024-12-22,Panthers,Lightning,4,2,away,4-2,6
2024-12-22,Kings,Capitals,1,3,home,1-3,4
2024-12-22,Ducks,Utah Hockey Club,5,4,away,5-4,9
2024-12-23,Kraken,Avalanche,2,5,home,2-5,7
2024-12-23,Senators,Oilers,1,3,home,1-3,4
2024-12-23,Rangers,Devils,0,5,home,0-5,5
2024-12-23,Jets,Maple Leafs,5,2,away,5-2,7
2024-12-24,Capitals,Bruins,1,4,home,1-4,5
2024-12-24,Blues,Red Wings,4,0,away,4-0,4
2024-12-24,Lightning,Panthers,4,0,away,4-0,4
2024-12-24,Flyers,Penguins,3,7,home,3-7,10
2024-12-24,Canadiens,Blue Jackets,4,5,home,4-5,9
2024-12-24,Sabres,Islanders,7,1,away,7-1,8
2024-12-24,Hurricanes,Predators,2,5,home,2-5,7
2024-12-24,Blackhawks,Wild,3,4,home,3-4,7
2024-12-24,Sharks,Canucks,3,4,home,3-4,7
2024-12-24,Stars,Utah Hockey Club,3,2,away,3-2,5
2024-12-24,Ducks,Golden Knights,1,3,home,1-3,4
2024-12-20,Blues,Lightning,1,3,home,1-3,4
2024-12-20,Devils,Blue Jackets,2,4,home,2-4,6
2024-12-20,Kings,Flyers,7,3,away,7-3,10
2024-12-20,Penguins,Predators,5,4,away,5-4,9
2024-12-20,Kraken,Blackhawks,1,3,home,1-3,4
2024-12-20,Senators,Flames,3,2,away,3-2,5
2024-12-20,Bruins,Oilers,2,3,home,2-3,5
2024-12-20,Canucks,Golden Knights,1,3,home,1-3,4
2024-12-20,Avalanche,Sharks,4,2,away,4-2,6
2024-12-21,Maple Leafs,Sabres,6,3,away,6-3,9
2024-12-21,Canadiens,Red Wings,4,3,away,4-3,7
2024-12-21,Blues,Panthers,1,2,home,1-2,3
2024-12-21,Hurricanes,Capitals,1,3,home,1-3,4
2024-12-21,Rangers,Stars,3,1,away,3-1,4
2024-12-21,Utah Hockey Club,Wild,2,1,away,2-1,3
2024-12-21,Avalanche,Ducks,4,2,away,4-2,6
2024-12-21,Kings,Predators,2,3,home,2-3,5
2024-12-21,Blackhawks,Flames,4,6,home,4-6,10
2024-12-21,Sharks,Oilers,2,3,home,2-3,5
2024-12-22,Sabres,Bruins,1,3,home,1-3,4
2024-12-22,Islanders,Maple Leafs,6,3,away,6-3,9
2024-12-22,Red Wings,Canadiens,1,5,home,1-5,6
2024-12-22,Penguins,Devils,0,3,home,0-3,3
2024-12-22,Blue Jackets,Flyers,4,5,home,4-5,9
2024-12-22,Wild,Jets,0,5,home,0-5,5
2024-12-22,Senators,Canucks,5,4,away,5-4,9
2024-12-22,Kraken,Golden Knights,2,6,home,2-6,8
2024-12-22,Hurricanes,Rangers,3,1,away,3-1,4
2024-12-22,Panthers,Lightning,4,2,away,4-2,6
2024-12-22,Kings,Capitals,1,3,home,1-3,4
2024-12-22,Ducks,Utah Hockey Club,5,4,away,5-4,9
2024-12-23,Kraken,Avalanche,2,5,home,2-5,7
2024-12-23,Senators,Oilers,1,3,home,1-3,4
2024-12-23,Rangers,Devils,0,5,home,0-5,5
2024-12-23,Jets,Maple Leafs,5,2,away,5-2,7
2024-12-24,Capitals,Bruins,1,4,home,1-4,5
2024-12-24,Blues,Red Wings,4,0,away,4-0,4
2024-12-24,Lightning,Panthers,4,0,away,4-0,4
2024-12-24,Flyers,Penguins,3,7,home,3-7,10
2024-12-24,Canadiens,Blue Jackets,4,5,home,4-5,9
2024-12-24,Sabres,Islanders,7,1,away,7-1,8
2024-12-24,Hurricanes,Predators,2,5,home,2-5,7
2024-12-24,Blackhawks,Wild,3,4,home,3-4,7
2024-12-24,Sharks,Canucks,3,4,home,3-4,7
2024-12-24,Stars,Utah Hockey Club,3,2,away,3-2,5
2024-12-24,Ducks,Golden Knights,1,3,home,1-3,4
2024-12-21,Maple Leafs,Sabres,6,3,away,6-3,9
2024-12-21,Canadiens,Red Wings,4,3,away,4-3,7
2024-12-21,Blues,Panthers,1,2,home,1-2,3
2024-12-21,Hurricanes,Capitals,1,3,home,1-3,4
2024-12-21,Rangers,Stars,3,1,away,3-1,4
2024-12-21,Utah Hockey Club,Wild,2,1,away,2-1,3
2024-12-21,Avalanche,Ducks,4,2,away,4-2,6
2024-12-21,Kings,Predators,2,3,home,2-3,5
2024-12-21,Blackhawks,Flames,4,6,home,4-6,10
2024-12-21,Sharks,Oilers,2,3,home,2-3,5
2024-12-22,Sabres,Bruins,1,3,home,1-3,4
2024-12-22,Islanders,Maple Leafs,6,3,away,6-3,9
2024-12-22,Red Wings,Canadiens,1,5,home,1-5,6
2024-12-22,Penguins,Devils,0,3,home,0-3,3
2024-12-22,Blue Jackets,Flyers,4,5,home,4-5,9
2024-12-22,Wild,Jets,0,5,home,0-5,5
2024-12-22,Senators,Canucks,5,4,away,5-4,9
2024-12-22,Kraken,Golden Knights,2,6,home,2-6,8
2024-12-22,Hurricanes,Rangers,3,1,away,3-1,4
2024-12-22,Panthers,Lightning,4,2,away,4-2,6
2024-12-22,Kings,Capitals,1,3,home,1-3,4
2024-12-22,Ducks,Utah Hockey Club,5,4,away,5-4,9
2024-12-23,Kraken,Avalanche,2,5,home,2-5,7
2024-12-23,Senators,Oilers,1,3,home,1-3,4
2024-12-23,Rangers,Devils,0,5,home,0-5,5
2024-12-23,Jets,Maple Leafs,5,2,away,5-2,7
2024-12-24,Capitals,Bruins,1,4,home,1-4,5
2024-12-24,Blues,Red Wings,4,0,away,4-0,4
2024-12-24,Lightning,Panthers,4,0,away,4-0,4
2024-12-24,Flyers,Penguins,3,7,home,3-7,10
2024-12-24,Canadiens,Blue Jackets,4,5,home,4-5,9
2024-12-24,Sabres,Islanders,7,1,away,7-1,8
2024-12-24,Hurricanes,Predators,2,5,home,2-5,7
2024-12-24,Blackhawks,Wild,3,4,home,3-4,7
2024-12-24,Sharks,Canucks,3,4,home,3-4,7
2024-12-24,Stars,Utah Hockey Club,3,2,away,3-2,5
2024-12-24,Ducks,Golden Knights,1,3,home,1-3,4
2024-12-21,Kings,Predators,2,3,home,2-3,5
2024-12-21,Blackhawks,Flames,4,6,home,4-6,10
2024-12-21,Sharks,Oilers,2,3,home,2-3,5
2024-12-22,Sabres,Bruins,1,3,home,1-3,4
2024-12-22,Islanders,Maple Leafs,6,3,away,6-3,9
2024-12-22,Red Wings,Canadiens,1,5,home,1-5,6
2024-12-22,Penguins,Devils,0,3,home,0-3,3
2024-12-22,Blue Jackets,Flyers,4,5,home,4-5,9
2024-12-22,Wild,Jets,0,5,home,0-5,5
2024-12-22,Senators,Canucks,5,4,away,5-4,9
2024-12-22,Kraken,Golden Knights,2,6,home,2-6,8
2024-12-22,Hurricanes,Rangers,3,1,away,3-1,4
2024-12-22,Panthers,Lightning,4,2,away,4-2,6
2024-12-22,Kings,Capitals,1,3,home,1-3,4
2024-12-22,Ducks,Utah Hockey Club,5,4,away,5-4,9
2024-12-23,Kraken,Avalanche,2,5,home,2-5,7
2024-12-23,Senators,Oilers,1,3,home,1-3,4
2024-12-23,Rangers,Devils,0,5,home,0-5,5
2024-12-23,Jets,Maple Leafs,5,2,away,5-2,7
2024-12-24,Capitals,Bruins,1,4,home,1-4,5
2024-12-24,Blues,Red Wings,4,0,away,4-0,4
2024-12-24,Lightning,Panthers,4,0,away,4-0,4
2024-12-24,Flyers,Penguins,3,7,home,3-7,10
2024-12-24,Canadiens,Blue Jackets,4,5,home,4-5,9
2024-12-24,Sabres,Islanders,7,1,away,7-1,8
2024-12-24,Hurricanes,Predators,2,5,home,2-5,7
2024-12-24,Blackhawks,Wild,3,4,home,3-4,7
2024-12-24,Sharks,Canucks,3,4,home,3-4,7
2024-12-24,Stars,Utah Hockey Club,3,2,away,3-2,5
2024-12-24,Ducks,Golden Knights,1,3,home,1-3,4
2024-12-28,Blackhawks,Sabres,2,6,home,2-6,8
2024-12-28,Maple Leafs,Red Wings,5,2,away,5-2,7
2024-12-28,Hurricanes,Devils,2,4,home,2-4,6
2024-12-28,Bruins,Blue Jackets,2,6,home,2-6,8
2024-12-28,Predators,Blues,4,7,home,4-7,11
2024-12-28,Wild,Stars,3,2,away,3-2,5
2024-12-28,Avalanche,Utah Hockey Club,4,1,away,4-1,5
2024-12-28,Golden Knights,Sharks,6,3,away,6-3,9
2024-12-22,Hurricanes,Rangers,3,1,away,3-1,4
2024-12-22,Panthers,Lightning,4,2,away,4-2,6
2024-12-22,Kings,Capitals,1,3,home,1-3,4
2024-12-22,Ducks,Utah Hockey Club,5,4,away,5-4,9
2024-12-23,Kraken,Avalanche,2,5,home,2-5,7
2024-12-23,Senators,Oilers,1,3,home,1-3,4
2024-12-23,Rangers,Devils,0,5,home,0-5,5
2024-12-23,Jets,Maple Leafs,5,2,away,5-2,7
2024-12-24,Capitals,Bruins,1,4,home,1-4,5
2024-12-24,Blues,Red Wings,4,0,away,4-0,4
2024-12-24,Lightning,Panthers,4,0,away,4-0,4
2024-12-24,Flyers,Penguins,3,7,home,3-7,10
2024-12-24,Canadiens,Blue Jackets,4,5,home,4-5,9
2024-12-24,Sabres,Islanders,7,1,away,7-1,8
2024-12-24,Hurricanes,Predators,2,5,home,2-5,7
2024-12-24,Blackhawks,Wild,3,4,home,3-4,7
2024-12-24,Sharks,Canucks,3,4,home,3-4,7
2024-12-24,Stars,Utah Hockey Club,3,2,away,3-2,5
2024-12-24,Ducks,Golden Knights,1,3,home,1-3,4
2024-12-28,Blackhawks,Sabres,2,6,home,2-6,8
2024-12-28,Maple Leafs,Red Wings,5,2,away,5-2,7
2024-12-28,Hurricanes,Devils,2,4,home,2-4,6
2024-12-28,Bruins,Blue Jackets,2,6,home,2-6,8
2024-12-28,Predators,Blues,4,7,home,4-7,11
2024-12-28,Wild,Stars,3,2,away,3-2,5
2024-12-28,Avalanche,Utah Hockey Club,4,1,away,4-1,5
2024-12-28,Golden Knights,Sharks,6,3,away,6-3,9
2024-12-28,Canadiens,Panthers,4,0,away,4-0,4
2024-12-28,Kraken,Canucks,5,4,away,5-4,9
2024-12-28,Flyers,Ducks,3,1,away,3-1,4
2024-12-28,Oilers,Kings,3,4,home,3-4,7
2024-12-29,Blue Jackets,Bruins,0,4,home,0-4,4
2024-12-29,Capitals,Maple Leafs,5,2,away,5-2,7
2024-12-29,Rangers,Lightning,2,6,home,2-6,8
2024-12-29,Devils,Hurricanes,2,5,home,2-5,7
2024-12-29,Senators,Jets,2,4,home,2-4,6
2024-12-29,Penguins,Islanders,3,6,home,3-6,9
2024-12-29,Flames,Sharks,3,1,away,3-1,4
2024-12-23,Rangers,Devils,0,5,home,0-5,5
2024-12-23,Jets,Maple Leafs,5,2,away,5-2,7
2024-12-24,Capitals,Bruins,1,4,home,1-4,5
2024-12-24,Blues,Red Wings,4,0,away,4-0,4
2024-12-24,Lightning,Panthers,4,0,away,4-0,4
2024-12-24,Flyers,Penguins,3,7,home,3-7,10
2024-12-24,Canadiens,Blue Jackets,4,5,home,4-5,9
2024-12-24,Sabres,Islanders,7,1,away,7-1,8
2024-12-24,Hurricanes,Predators,2,5,home,2-5,7
2024-12-24,Blackhawks,Wild,3,4,home,3-4,7
2024-12-24,Sharks,Canucks,3,4,home,3-4,7
2024-12-24,Stars,Utah Hockey Club,3,2,away,3-2,5
2024-12-24,Ducks,Golden Knights,1,3,home,1-3,4
2024-12-28,Blackhawks,Sabres,2,6,home,2-6,8
2024-12-28,Maple Leafs,Red Wings,5,2,away,5-2,7
2024-12-28,Hurricanes,Devils,2,4,home,2-4,6
2024-12-28,Bruins,Blue Jackets,2,6,home,2-6,8
2024-12-28,Predators,Blues,4,7,home,4-7,11
2024-12-28,Wild,Stars,3,2,away,3-2,5
2024-12-28,Avalanche,Utah Hockey Club,4,1,away,4-1,5
2024-12-28,Golden Knights,Sharks,6,3,away,6-3,9
2024-12-28,Canadiens,Panthers,4,0,away,4-0,4
2024-12-28,Kraken,Canucks,5,4,away,5-4,9
2024-12-28,Flyers,Ducks,3,1,away,3-1,4
2024-12-28,Oilers,Kings,3,4,home,3-4,7
2024-12-29,Blue Jackets,Bruins,0,4,home,0-4,4
2024-12-29,Capitals,Maple Leafs,5,2,away,5-2,7
2024-12-29,Rangers,Lightning,2,6,home,2-6,8
2024-12-29,Devils,Hurricanes,2,5,home,2-5,7
2024-12-29,Senators,Jets,2,4,home,2-4,6
2024-12-29,Penguins,Islanders,3,6,home,3-6,9
2024-12-29,Flames,Sharks,3,1,away,3-1,4
2024-12-29,Sabres,Blues,4,2,away,4-2,6
2024-12-29,Oilers,Ducks,3,5,home,3-5,8
2024-12-29,Capitals,Red Wings,2,4,home,2-4,6
2024-12-29,Canadiens,Lightning,5,2,away,5-2,7
2024-12-29,Islanders,Penguins,2,3,home,2-3,5
2024-12-30,Senators,Wild,3,1,away,3-1,4
2024-12-30,Flames,Golden Knights,0,3,home,0-3,3
2024-12-30,Stars,Blackhawks,5,1,away,5-1,6
2024-12-30,Flyers,Kings,4,5,home,4-5,9
2024-12-28,Blackhawks,Sabres,2,6,home,2-6,8
2024-12-28,Maple Leafs,Red Wings,5,2,away,5-2,7
2024-12-28,Hurricanes,Devils,2,4,home,2-4,6
2024-12-28,Bruins,Blue Jackets,2,6,home,2-6,8
2024-12-28,Predators,Blues,4,7,home,4-7,11
2024-12-28,Wild,Stars,3,2,away,3-2,5
2024-12-28,Avalanche,Utah Hockey Club,4,1,away,4-1,5
2024-12-28,Golden Knights,Sharks,6,3,away,6-3,9
2024-12-28,Canadiens,Panthers,4,0,away,4-0,4
2024-12-28,Kraken,Canucks,5,4,away,5-4,9
2024-12-28,Flyers,Ducks,3,1,away,3-1,4
2024-12-28,Oilers,Kings,3,4,home,3-4,7
2024-12-29,Blue Jackets,Bruins,0,4,home,0-4,4
2024-12-29,Capitals,Maple Leafs,5,2,away,5-2,7
2024-12-29,Rangers,Lightning,2,6,home,2-6,8
2024-12-29,Devils,Hurricanes,2,5,home,2-5,7
2024-12-29,Senators,Jets,2,4,home,2-4,6
2024-12-29,Penguins,Islanders,3,6,home,3-6,9
2024-12-29,Flames,Sharks,3,1,away,3-1,4
2024-12-29,Sabres,Blues,4,2,away,4-2,6
2024-12-29,Oilers,Ducks,3,5,home,3-5,8
2024-12-29,Capitals,Red Wings,2,4,home,2-4,6
2024-12-29,Canadiens,Lightning,5,2,away,5-2,7
2024-12-29,Islanders,Penguins,2,3,home,2-3,5
2024-12-30,Senators,Wild,3,1,away,3-1,4
2024-12-30,Flames,Golden Knights,0,3,home,0-3,3
2024-12-30,Stars,Blackhawks,5,1,away,5-1,6
2024-12-30,Flyers,Kings,4,5,home,4-5,9
2024-12-31,Rangers,Panthers,3,5,home,3-5,8
2024-12-31,Predators,Jets,0,3,home,0-3,3
2024-12-31,Utah Hockey Club,Kraken,2,5,home,2-5,7
2024-12-28,Blackhawks,Sabres,2,6,home,2-6,8
2024-12-28,Maple Leafs,Red Wings,5,2,away,5-2,7
2024-12-28,Hurricanes,Devils,2,4,home,2-4,6
2024-12-28,Bruins,Blue Jackets,2,6,home,2-6,8
2024-12-28,Predators,Blues,4,7,home,4-7,11
2024-12-28,Wild,Stars,3,2,away,3-2,5
2024-12-28,Avalanche,Utah Hockey Club,4,1,away,4-1,5
2024-12-28,Golden Knights,Sharks,6,3,away,6-3,9
2024-12-28,Canadiens,Panthers,4,0,away,4-0,4
2024-12-28,Kraken,Canucks,5,4,away,5-4,9
2024-12-28,Flyers,Ducks,3,1,away,3-1,4
2024-12-28,Oilers,Kings,3,4,home,3-4,7
2024-12-29,Blue Jackets,Bruins,0,4,home,0-4,4
2024-12-29,Capitals,Maple Leafs,5,2,away,5-2,7
2024-12-29,Rangers,Lightning,2,6,home,2-6,8
2024-12-29,Devils,Hurricanes,2,5,home,2-5,7
2024-12-29,Senators,Jets,2,4,home,2-4,6
2024-12-29,Penguins,Islanders,3,6,home,3-6,9
2024-12-29,Flames,Sharks,3,1,away,3-1,4
2024-12-29,Sabres,Blues,4,2,away,4-2,6
2024-12-29,Oilers,Ducks,3,5,home,3-5,8
2024-12-29,Capitals,Red Wings,2,4,home,2-4,6
2024-12-29,Canadiens,Lightning,5,2,away,5-2,7
2024-12-29,Islanders,Penguins,2,3,home,2-3,5
2024-12-30,Senators,Wild,3,1,away,3-1,4
2024-12-30,Flames,Golden Knights,0,3,home,0-3,3
2024-12-30,Stars,Blackhawks,5,1,away,5-1,6
2024-12-30,Flyers,Kings,4,5,home,4-5,9
2024-12-31,Rangers,Panthers,3,5,home,3-5,8
2024-12-31,Predators,Jets,0,3,home,0-3,3
2024-12-31,Utah Hockey Club,Kraken,2,5,home,2-5,7
2024-12-31,Bruins,Capitals,1,3,home,1-3,4
2024-12-31,Islanders,Maple Leafs,1,3,home,1-3,4
2024-12-31,Canadiens,Golden Knights,3,2,away,3-2,5
2024-12-31,Blues,Blackhawks,6,2,away,6-2,8
2025-01-01,Penguins,Red Wings,2,4,home,2-4,6
2025-01-01,Hurricanes,Blue Jackets,3,4,home,3-4,7
2025-01-01,Sabres,Stars,2,4,home,2-4,6
2025-01-01,Predators,Wild,3,5,home,3-5,8
2025-01-01,Jets,Avalanche,2,5,home,2-5,7
2025-01-01,Devils,Ducks,2,3,home,2-3,5
2025-01-01,Flyers,Sharks,4,0,away,4-0,4
2025-01-01,Canucks,Flames,1,3,home,1-3,4
2025-01-01,Utah Hockey Club,Oilers,1,4,home,1-4,5
2024-12-28,Blackhawks,Sabres,2,6,home,2-6,8
2024-12-28,Maple Leafs,Red Wings,5,2,away,5-2,7
2024-12-28,Hurricanes,Devils,2,4,home,2-4,6
2024-12-28,Bruins,Blue Jackets,2,6,home,2-6,8
2024-12-28,Predators,Blues,4,7,home,4-7,11
2024-12-28,Wild,Stars,3,2,away,3-2,5
2024-12-28,Avalanche,Utah Hockey Club,4,1,away,4-1,5
2024-12-28,Golden Knights,Sharks,6,3,away,6-3,9
2024-12-28,Canadiens,Panthers,4,0,away,4-0,4
2024-12-28,Kraken,Canucks,5,4,away,5-4,9
2024-12-28,Flyers,Ducks,3,1,away,3-1,4
2024-12-28,Oilers,Kings,3,4,home,3-4,7
2024-12-29,Blue Jackets,Bruins,0,4,home,0-4,4
2024-12-29,Capitals,Maple Leafs,5,2,away,5-2,7
2024-12-29,Rangers,Lightning,2,6,home,2-6,8
2024-12-29,Devils,Hurricanes,2,5,home,2-5,7
2024-12-29,Senators,Jets,2,4,home,2-4,6
2024-12-29,Penguins,Islanders,3,6,home,3-6,9
2024-12-29,Flames,Sharks,3,1,away,3-1,4
2024-12-29,Sabres,Blues,4,2,away,4-2,6
2024-12-29,Oilers,Ducks,3,5,home,3-5,8
2024-12-29,Capitals,Red Wings,2,4,home,2-4,6
2024-12-29,Canadiens,Lightning,5,2,away,5-2,7
2024-12-29,Islanders,Penguins,2,3,home,2-3,5
2024-12-30,Senators,Wild,3,1,away,3-1,4
2024-12-30,Flames,Golden Knights,0,3,home,0-3,3
2024-12-30,Stars,Blackhawks,5,1,away,5-1,6
2024-12-30,Flyers,Kings,4,5,home,4-5,9
2024-12-31,Rangers,Panthers,3,5,home,3-5,8
2024-12-31,Predators,Jets,0,3,home,0-3,3
2024-12-31,Utah Hockey Club,Kraken,2,5,home,2-5,7
2024-12-31,Bruins,Capitals,1,3,home,1-3,4
2024-12-31,Islanders,Maple Leafs,1,3,home,1-3,4
2024-12-31,Canadiens,Golden Knights,3,2,away,3-2,5
2024-12-31,Blues,Blackhawks,6,2,away,6-2,8
2025-01-01,Penguins,Red Wings,2,4,home,2-4,6
2025-01-01,Hurricanes,Blue Jackets,3,4,home,3-4,7
2025-01-01,Sabres,Stars,2,4,home,2-4,6
2025-01-01,Predators,Wild,3,5,home,3-5,8
2025-01-01,Jets,Avalanche,2,5,home,2-5,7
2025-01-01,Devils,Ducks,2,3,home,2-3,5
2025-01-01,Flyers,Sharks,4,0,away,4-0,4
2025-01-01,Canucks,Flames,1,3,home,1-3,4
2025-01-01,Utah Hockey Club,Oilers,1,4,home,1-4,5
2025-01-01,Devils,Kings,0,3,home,0-3,3
2024-12-28,Blackhawks,Sabres,2,6,home,2-6,8
2024-12-28,Maple Leafs,Red Wings,5,2,away,5-2,7
2024-12-28,Hurricanes,Devils,2,4,home,2-4,6
2024-12-28,Bruins,Blue Jackets,2,6,home,2-6,8
2024-12-28,Predators,Blues,4,7,home,4-7,11
2024-12-28,Wild,Stars,3,2,away,3-2,5
2024-12-28,Avalanche,Utah Hockey Club,4,1,away,4-1,5
2024-12-28,Golden Knights,Sharks,6,3,away,6-3,9
2024-12-28,Canadiens,Panthers,4,0,away,4-0,4
2024-12-28,Kraken,Canucks,5,4,away,5-4,9
2024-12-28,Flyers,Ducks,3,1,away,3-1,4
2024-12-28,Oilers,Kings,3,4,home,3-4,7
2024-12-29,Blue Jackets,Bruins,0,4,home,0-4,4
2024-12-29,Capitals,Maple Leafs,5,2,away,5-2,7
2024-12-29,Rangers,Lightning,2,6,home,2-6,8
2024-12-29,Devils,Hurricanes,2,5,home,2-5,7
2024-12-29,Senators,Jets,2,4,home,2-4,6
2024-12-29,Penguins,Islanders,3,6,home,3-6,9
2024-12-29,Flames,Sharks,3,1,away,3-1,4
2024-12-29,Sabres,Blues,4,2,away,4-2,6
2024-12-29,Oilers,Ducks,3,5,home,3-5,8
2024-12-29,Capitals,Red Wings,2,4,home,2-4,6
2024-12-29,Canadiens,Lightning,5,2,away,5-2,7
2024-12-29,Islanders,Penguins,2,3,home,2-3,5
2024-12-30,Senators,Wild,3,1,away,3-1,4
2024-12-30,Flames,Golden Knights,0,3,home,0-3,3
2024-12-30,Stars,Blackhawks,5,1,away,5-1,6
2024-12-30,Flyers,Kings,4,5,home,4-5,9
2024-12-31,Rangers,Panthers,3,5,home,3-5,8
2024-12-31,Predators,Jets,0,3,home,0-3,3
2024-12-31,Utah Hockey Club,Kraken,2,5,home,2-5,7
2024-12-31,Bruins,Capitals,1,3,home,1-3,4
2024-12-31,Islanders,Maple Leafs,1,3,home,1-3,4
2024-12-31,Canadiens,Golden Knights,3,2,away,3-2,5
2024-12-31,Blues,Blackhawks,6,2,away,6-2,8
2025-01-01,Penguins,Red Wings,2,4,home,2-4,6
2025-01-01,Hurricanes,Blue Jackets,3,4,home,3-4,7
2025-01-01,Sabres,Stars,2,4,home,2-4,6
2025-01-01,Predators,Wild,3,5,home,3-5,8
2025-01-01,Jets,Avalanche,2,5,home,2-5,7
2025-01-01,Devils,Ducks,2,3,home,2-3,5
2025-01-01,Flyers,Sharks,4,0,away,4-0,4
2025-01-01,Canucks,Flames,1,3,home,1-3,4
2025-01-01,Utah Hockey Club,Oilers,1,4,home,1-4,5
2025-01-01,Devils,Kings,0,3,home,0-3,3
2025-01-03,Hurricanes,Panthers,3,1,away,3-1,4
2025-01-03,Bruins,Rangers,1,2,home,1-2,3
2025-01-03,Wild,Capitals,4,3,away,4-3,7
2025-01-03,Red Wings,Blue Jackets,5,4,away,5-4,9
2025-01-03,Maple Leafs,Islanders,2,1,away,2-1,3
2025-01-03,Senators,Stars,2,4,home,2-4,6
2025-01-03,Ducks,Jets,4,3,away,4-3,7
2025-01-03,Sabres,Avalanche,5,6,home,5-6,11
2025-01-03,Utah Hockey Club,Flames,5,3,away,5-3,8
2025-01-03,Flyers,Golden Knights,2,5,home,2-5,7
2025-01-03,Canucks,Kraken,4,3,away,4-3,7
2025-01-03,Lightning,Sharks,1,2,home,1-2,3
2024-12-28,Canadiens,Panthers,4,0,away,4-0,4
2024-12-28,Kraken,Canucks,5,4,away,5-4,9
2024-12-28,Flyers,Ducks,3,1,away,3-1,4
2024-12-28,Oilers,Kings,3,4,home,3-4,7
2024-12-29,Blue Jackets,Bruins,0,4,home,0-4,4
2024-12-29,Capitals,Maple Leafs,5,2,away,5-2,7
2024-12-29,Rangers,Lightning,2,6,home,2-6,8
2024-12-29,Devils,Hurricanes,2,5,home,2-5,7
2024-12-29,Senators,Jets,2,4,home,2-4,6
2024-12-29,Penguins,Islanders,3,6,home,3-6,9
2024-12-29,Flames,Sharks,3,1,away,3-1,4
2024-12-29,Sabres,Blues,4,2,away,4-2,6
2024-12-29,Oilers,Ducks,3,5,home,3-5,8
2024-12-29,Capitals,Red Wings,2,4,home,2-4,6
2024-12-29,Canadiens,Lightning,5,2,away,5-2,7
2024-12-29,Islanders,Penguins,2,3,home,2-3,5
2024-12-30,Senators,Wild,3,1,away,3-1,4
2024-12-30,Flames,Golden Knights,0,3,home,0-3,3
2024-12-30,Stars,Blackhawks,5,1,away,5-1,6
2024-12-30,Flyers,Kings,4,5,home,4-5,9
2024-12-31,Rangers,Panthers,3,5,home,3-5,8
2024-12-31,Predators,Jets,0,3,home,0-3,3
2024-12-31,Utah Hockey Club,Kraken,2,5,home,2-5,7
2024-12-31,Bruins,Capitals,1,3,home,1-3,4
2024-12-31,Islanders,Maple Leafs,1,3,home,1-3,4
2024-12-31,Canadiens,Golden Knights,3,2,away,3-2,5
2024-12-31,Blues,Blackhawks,6,2,away,6-2,8
2025-01-01,Penguins,Red Wings,2,4,home,2-4,6
2025-01-01,Hurricanes,Blue Jackets,3,4,home,3-4,7
2025-01-01,Sabres,Stars,2,4,home,2-4,6
2025-01-01,Predators,Wild,3,5,home,3-5,8
2025-01-01,Jets,Avalanche,2,5,home,2-5,7
2025-01-01,Devils,Ducks,2,3,home,2-3,5
2025-01-01,Flyers,Sharks,4,0,away,4-0,4
2025-01-01,Canucks,Flames,1,3,home,1-3,4
2025-01-01,Utah Hockey Club,Oilers,1,4,home,1-4,5
2025-01-01,Devils,Kings,0,3,home,0-3,3
2025-01-03,Hurricanes,Panthers,3,1,away,3-1,4
2025-01-03,Bruins,Rangers,1,2,home,1-2,3
2025-01-03,Wild,Capitals,4,3,away,4-3,7
2025-01-03,Red Wings,Blue Jackets,5,4,away,5-4,9
2025-01-03,Maple Leafs,Islanders,2,1,away,2-1,3
2025-01-03,Senators,Stars,2,4,home,2-4,6
2025-01-03,Ducks,Jets,4,3,away,4-3,7
2025-01-03,Sabres,Avalanche,5,6,home,5-6,11
2025-01-03,Utah Hockey Club,Flames,5,3,away,5-3,8
2025-01-03,Flyers,Golden Knights,2,5,home,2-5,7
2025-01-03,Canucks,Kraken,4,3,away,4-3,7
2025-01-03,Lightning,Sharks,1,2,home,1-2,3
2025-01-04,Penguins,Panthers,2,3,home,2-3,5
2025-01-04,Canadiens,Blackhawks,2,4,home,2-4,6
2025-01-04,Senators,Blues,0,4,home,0-4,4
2025-01-04,Ducks,Oilers,2,3,home,2-3,5
2025-01-04,Predators,Canucks,3,0,away,3-0,3
2024-12-29,Sabres,Blues,4,2,away,4-2,6
2024-12-29,Oilers,Ducks,3,5,home,3-5,8
2024-12-29,Capitals,Red Wings,2,4,home,2-4,6
2024-12-29,Canadiens,Lightning,5,2,away,5-2,7
2024-12-29,Islanders,Penguins,2,3,home,2-3,5
2024-12-30,Senators,Wild,3,1,away,3-1,4
2024-12-30,Flames,Golden Knights,0,3,home,0-3,3
2024-12-30,Stars,Blackhawks,5,1,away,5-1,6
2024-12-30,Flyers,Kings,4,5,home,4-5,9
2024-12-31,Rangers,Panthers,3,5,home,3-5,8
2024-12-31,Predators,Jets,0,3,home,0-3,3
2024-12-31,Utah Hockey Club,Kraken,2,5,home,2-5,7
2024-12-31,Bruins,Capitals,1,3,home,1-3,4
2024-12-31,Islanders,Maple Leafs,1,3,home,1-3,4
2024-12-31,Canadiens,Golden Knights,3,2,away,3-2,5
2024-12-31,Blues,Blackhawks,6,2,away,6-2,8
2025-01-01,Penguins,Red Wings,2,4,home,2-4,6
2025-01-01,Hurricanes,Blue Jackets,3,4,home,3-4,7
2025-01-01,Sabres,Stars,2,4,home,2-4,6
2025-01-01,Predators,Wild,3,5,home,3-5,8
2025-01-01,Jets,Avalanche,2,5,home,2-5,7
2025-01-01,Devils,Ducks,2,3,home,2-3,5
2025-01-01,Flyers,Sharks,4,0,away,4-0,4
2025-01-01,Canucks,Flames,1,3,home,1-3,4
2025-01-01,Utah Hockey Club,Oilers,1,4,home,1-4,5
2025-01-01,Devils,Kings,0,3,home,0-3,3
2025-01-03,Hurricanes,Panthers,3,1,away,3-1,4
2025-01-03,Bruins,Rangers,1,2,home,1-2,3
2025-01-03,Wild,Capitals,4,3,away,4-3,7
2025-01-03,Red Wings,Blue Jackets,5,4,away,5-4,9
2025-01-03,Maple Leafs,Islanders,2,1,away,2-1,3
2025-01-03,Senators,Stars,2,4,home,2-4,6
2025-01-03,Ducks,Jets,4,3,away,4-3,7
2025-01-03,Sabres,Avalanche,5,6,home,5-6,11
2025-01-03,Utah Hockey Club,Flames,5,3,away,5-3,8
2025-01-03,Flyers,Golden Knights,2,5,home,2-5,7
2025-01-03,Canucks,Kraken,4,3,away,4-3,7
2025-01-03,Lightning,Sharks,1,2,home,1-2,3
2025-01-04,Penguins,Panthers,2,3,home,2-3,5
2025-01-04,Canadiens,Blackhawks,2,4,home,2-4,6
2025-01-04,Senators,Blues,0,4,home,0-4,4
2025-01-04,Ducks,Oilers,2,3,home,2-3,5
2025-01-04,Predators,Canucks,3,0,away,3-0,3
2025-01-04,Rangers,Capitals,4,7,home,4-7,11
2025-01-04,Devils,Sharks,2,3,home,2-3,5
2025-01-05,Red Wings,Jets,4,2,away,4-2,6
2025-01-05,Bruins,Maple Leafs,4,6,home,4-6,10
2025-01-05,Wild,Hurricanes,4,0,away,4-0,4
2025-01-05,Blues,Blue Jackets,4,6,home,4-6,10
2025-01-05,Canadiens,Avalanche,2,1,away,2-1,3
2025-01-05,Utah Hockey Club,Stars,2,3,home,2-3,5
2025-01-05,Lightning,Kings,1,2,home,1-2,3
2025-01-05,Predators,Flames,4,1,away,4-1,5
2025-01-05,Sabres,Golden Knights,1,3,home,1-3,4
2025-01-05,Oilers,Kraken,4,2,away,4-2,6
2024-12-31,Rangers,Panthers,3,5,home,3-5,8
2024-12-31,Predators,Jets,0,3,home,0-3,3
2024-12-31,Utah Hockey Club,Kraken,2,5,home,2-5,7
2024-12-31,Bruins,Capitals,1,3,home,1-3,4
2024-12-31,Islanders,Maple Leafs,1,3,home,1-3,4
2024-12-31,Canadiens,Golden Knights,3,2,away,3-2,5
2024-12-31,Blues,Blackhawks,6,2,away,6-2,8
2025-01-01,Penguins,Red Wings,2,4,home,2-4,6
2025-01-01,Hurricanes,Blue Jackets,3,4,home,3-4,7
2025-01-01,Sabres,Stars,2,4,home,2-4,6
2025-01-01,Predators,Wild,3,5,home,3-5,8
2025-01-01,Jets,Avalanche,2,5,home,2-5,7
2025-01-01,Devils,Ducks,2,3,home,2-3,5
2025-01-01,Flyers,Sharks,4,0,away,4-0,4
2025-01-01,Canucks,Flames,1,3,home,1-3,4
2025-01-01,Utah Hockey Club,Oilers,1,4,home,1-4,5
2025-01-01,Devils,Kings,0,3,home,0-3,3
2025-01-03,Hurricanes,Panthers,3,1,away,3-1,4
2025-01-03,Bruins,Rangers,1,2,home,1-2,3
2025-01-03,Wild,Capitals,4,3,away,4-3,7
2025-01-03,Red Wings,Blue Jackets,5,4,away,5-4,9
2025-01-03,Maple Leafs,Islanders,2,1,away,2-1,3
2025-01-03,Senators,Stars,2,4,home,2-4,6
2025-01-03,Ducks,Jets,4,3,away,4-3,7
2025-01-03,Sabres,Avalanche,5,6,home,5-6,11
2025-01-03,Utah Hockey Club,Flames,5,3,away,5-3,8
2025-01-03,Flyers,Golden Knights,2,5,home,2-5,7
2025-01-03,Canucks,Kraken,4,3,away,4-3,7
2025-01-03,Lightning,Sharks,1,2,home,1-2,3
2025-01-04,Penguins,Panthers,2,3,home,2-3,5
2025-01-04,Canadiens,Blackhawks,2,4,home,2-4,6
2025-01-04,Senators,Blues,0,4,home,0-4,4
2025-01-04,Ducks,Oilers,2,3,home,2-3,5
2025-01-04,Predators,Canucks,3,0,away,3-0,3
2025-01-04,Rangers,Capitals,4,7,home,4-7,11
2025-01-04,Devils,Sharks,2,3,home,2-3,5
2025-01-05,Red Wings,Jets,4,2,away,4-2,6
2025-01-05,Bruins,Maple Leafs,4,6,home,4-6,10
2025-01-05,Wild,Hurricanes,4,0,away,4-0,4
2025-01-05,Blues,Blue Jackets,4,6,home,4-6,10
2025-01-05,Canadiens,Avalanche,2,1,away,2-1,3
2025-01-05,Utah Hockey Club,Stars,2,3,home,2-3,5
2025-01-05,Lightning,Kings,1,2,home,1-2,3
2025-01-05,Predators,Flames,4,1,away,4-1,5
2025-01-05,Sabres,Golden Knights,1,3,home,1-3,4
2025-01-05,Oilers,Kraken,4,2,away,4-2,6
2025-01-05,Rangers,Blackhawks,6,2,away,6-2,8
2025-01-05,Islanders,Bruins,5,4,away,5-4,9
2025-01-05,Penguins,Hurricanes,3,4,home,3-4,7
2025-01-06,Flyers,Maple Leafs,2,3,home,2-3,5
2025-01-06,Lightning,Ducks,1,4,home,1-4,5
2024-12-31,Bruins,Capitals,1,3,home,1-3,4
2024-12-31,Islanders,Maple Leafs,1,3,home,1-3,4
2024-12-31,Canadiens,Golden Knights,3,2,away,3-2,5
2024-12-31,Blues,Blackhawks,6,2,away,6-2,8
2025-01-01,Penguins,Red Wings,2,4,home,2-4,6
2025-01-01,Hurricanes,Blue Jackets,3,4,home,3-4,7
2025-01-01,Sabres,Stars,2,4,home,2-4,6
2025-01-01,Predators,Wild,3,5,home,3-5,8
2025-01-01,Jets,Avalanche,2,5,home,2-5,7
2025-01-01,Devils,Ducks,2,3,home,2-3,5
2025-01-01,Flyers,Sharks,4,0,away,4-0,4
2025-01-01,Canucks,Flames,1,3,home,1-3,4
2025-01-01,Utah Hockey Club,Oilers,1,4,home,1-4,5
2025-01-01,Devils,Kings,0,3,home,0-3,3
2025-01-03,Hurricanes,Panthers,3,1,away,3-1,4
2025-01-03,Bruins,Rangers,1,2,home,1-2,3
2025-01-03,Wild,Capitals,4,3,away,4-3,7
2025-01-03,Red Wings,Blue Jackets,5,4,away,5-4,9
2025-01-03,Maple Leafs,Islanders,2,1,away,2-1,3
2025-01-03,Senators,Stars,2,4,home,2-4,6
2025-01-03,Ducks,Jets,4,3,away,4-3,7
2025-01-03,Sabres,Avalanche,5,6,home,5-6,11
2025-01-03,Utah Hockey Club,Flames,5,3,away,5-3,8
2025-01-03,Flyers,Golden Knights,2,5,home,2-5,7
2025-01-03,Canucks,Kraken,4,3,away,4-3,7
2025-01-03,Lightning,Sharks,1,2,home,1-2,3
2025-01-04,Penguins,Panthers,2,3,home,2-3,5
2025-01-04,Canadiens,Blackhawks,2,4,home,2-4,6
2025-01-04,Senators,Blues,0,4,home,0-4,4
2025-01-04,Ducks,Oilers,2,3,home,2-3,5
2025-01-04,Predators,Canucks,3,0,away,3-0,3
2025-01-04,Rangers,Capitals,4,7,home,4-7,11
2025-01-04,Devils,Sharks,2,3,home,2-3,5
2025-01-05,Red Wings,Jets,4,2,away,4-2,6
2025-01-05,Bruins,Maple Leafs,4,6,home,4-6,10
2025-01-05,Wild,Hurricanes,4,0,away,4-0,4
2025-01-05,Blues,Blue Jackets,4,6,home,4-6,10
2025-01-05,Canadiens,Avalanche,2,1,away,2-1,3
2025-01-05,Utah Hockey Club,Stars,2,3,home,2-3,5
2025-01-05,Lightning,Kings,1,2,home,1-2,3
2025-01-05,Predators,Flames,4,1,away,4-1,5
2025-01-05,Sabres,Golden Knights,1,3,home,1-3,4
2025-01-05,Oilers,Kraken,4,2,away,4-2,6
2025-01-05,Rangers,Blackhawks,6,2,away,6-2,8
2025-01-05,Islanders,Bruins,5,4,away,5-4,9
2025-01-05,Penguins,Hurricanes,3,4,home,3-4,7
2025-01-06,Flyers,Maple Leafs,2,3,home,2-3,5
2025-01-06,Lightning,Ducks,1,4,home,1-4,5
2025-01-07,Capitals,Sabres,3,4,home,3-4,7
2025-01-07,Canucks,Canadiens,4,5,home,4-5,9
2025-01-07,Panthers,Avalanche,1,3,home,1-3,4
2025-01-07,Devils,Kraken,3,2,away,3-2,5
2025-01-01,Devils,Kings,0,3,home,0-3,3
2025-01-03,Hurricanes,Panthers,3,1,away,3-1,4
2025-01-03,Bruins,Rangers,1,2,home,1-2,3
2025-01-03,Wild,Capitals,4,3,away,4-3,7
2025-01-03,Red Wings,Blue Jackets,5,4,away,5-4,9
2025-01-03,Maple Leafs,Islanders,2,1,away,2-1,3
2025-01-03,Senators,Stars,2,4,home,2-4,6
2025-01-03,Ducks,Jets,4,3,away,4-3,7
2025-01-03,Sabres,Avalanche,5,6,home,5-6,11
2025-01-03,Utah Hockey Club,Flames,5,3,away,5-3,8
2025-01-03,Flyers,Golden Knights,2,5,home,2-5,7
2025-01-03,Canucks,Kraken,4,3,away,4-3,7
2025-01-03,Lightning,Sharks,1,2,home,1-2,3
2025-01-04,Penguins,Panthers,2,3,home,2-3,5
2025-01-04,Canadiens,Blackhawks,2,4,home,2-4,6
2025-01-04,Senators,Blues,0,4,home,0-4,4
2025-01-04,Ducks,Oilers,2,3,home,2-3,5
2025-01-04,Predators,Canucks,3,0,away,3-0,3
2025-01-04,Rangers,Capitals,4,7,home,4-7,11
2025-01-04,Devils,Sharks,2,3,home,2-3,5
2025-01-05,Red Wings,Jets,4,2,away,4-2,6
2025-01-05,Bruins,Maple Leafs,4,6,home,4-6,10
2025-01-05,Wild,Hurricanes,4,0,away,4-0,4
2025-01-05,Blues,Blue Jackets,4,6,home,4-6,10
2025-01-05,Canadiens,Avalanche,2,1,away,2-1,3
2025-01-05,Utah Hockey Club,Stars,2,3,home,2-3,5
2025-01-05,Lightning,Kings,1,2,home,1-2,3
2025-01-05,Predators,Flames,4,1,away,4-1,5
2025-01-05,Sabres,Golden Knights,1,3,home,1-3,4
2025-01-05,Oilers,Kraken,4,2,away,4-2,6
2025-01-05,Rangers,Blackhawks,6,2,away,6-2,8
2025-01-05,Islanders,Bruins,5,4,away,5-4,9
2025-01-05,Penguins,Hurricanes,3,4,home,3-4,7
2025-01-06,Flyers,Maple Leafs,2,3,home,2-3,5
2025-01-06,Lightning,Ducks,1,4,home,1-4,5
2025-01-07,Capitals,Sabres,3,4,home,3-4,7
2025-01-07,Canucks,Canadiens,4,5,home,4-5,9
2025-01-07,Panthers,Avalanche,1,3,home,1-3,4
2025-01-07,Devils,Kraken,3,2,away,3-2,5
2025-01-08,Hurricanes,Lightning,2,3,home,2-3,5
2025-01-08,Oilers,Bruins,4,0,away,4-0,4
2025-01-08,Senators,Red Wings,2,3,home,2-3,5
2025-01-08,Stars,Rangers,5,4,away,5-4,9
2025-01-08,Blue Jackets,Penguins,4,3,away,4-3,7
2025-01-08,Maple Leafs,Flyers,3,2,away,3-2,5
2025-01-08,Blues,Wild,4,6,home,4-6,10
2025-01-08,Predators,Jets,2,5,home,2-5,7
2025-01-08,Flames,Ducks,3,2,away,3-2,5
2025-01-08,Golden Knights,Sharks,4,2,away,4-2,6
2025-01-03,Hurricanes,Panthers,3,1,away,3-1,4
2025-01-03,Bruins,Rangers,1,2,home,1-2,3
2025-01-03,Wild,Capitals,4,3,away,4-3,7
2025-01-03,Red Wings,Blue Jackets,5,4,away,5-4,9
2025-01-03,Maple Leafs,Islanders,2,1,away,2-1,3
2025-01-03,Senators,Stars,2,4,home,2-4,6
2025-01-03,Ducks,Jets,4,3,away,4-3,7
2025-01-03,Sabres,Avalanche,5,6,home,5-6,11
2025-01-03,Utah Hockey Club,Flames,5,3,away,5-3,8
2025-01-03,Flyers,Golden Knights,2,5,home,2-5,7
2025-01-03,Canucks,Kraken,4,3,away,4-3,7
2025-01-03,Lightning,Sharks,1,2,home,1-2,3
2025-01-04,Penguins,Panthers,2,3,home,2-3,5
2025-01-04,Canadiens,Blackhawks,2,4,home,2-4,6
2025-01-04,Senators,Blues,0,4,home,0-4,4
2025-01-04,Ducks,Oilers,2,3,home,2-3,5
2025-01-04,Predators,Canucks,3,0,away,3-0,3
2025-01-04,Rangers,Capitals,4,7,home,4-7,11
2025-01-04,Devils,Sharks,2,3,home,2-3,5
2025-01-05,Red Wings,Jets,4,2,away,4-2,6
2025-01-05,Bruins,Maple Leafs,4,6,home,4-6,10
2025-01-05,Wild,Hurricanes,4,0,away,4-0,4
2025-01-05,Blues,Blue Jackets,4,6,home,4-6,10
2025-01-05,Canadiens,Avalanche,2,1,away,2-1,3
2025-01-05,Utah Hockey Club,Stars,2,3,home,2-3,5
2025-01-05,Lightning,Kings,1,2,home,1-2,3
2025-01-05,Predators,Flames,4,1,away,4-1,5
2025-01-05,Sabres,Golden Knights,1,3,home,1-3,4
2025-01-05,Oilers,Kraken,4,2,away,4-2,6
2025-01-05,Rangers,Blackhawks,6,2,away,6-2,8
2025-01-05,Islanders,Bruins,5,4,away,5-4,9
2025-01-05,Penguins,Hurricanes,3,4,home,3-4,7
2025-01-06,Flyers,Maple Leafs,2,3,home,2-3,5
2025-01-06,Lightning,Ducks,1,4,home,1-4,5
2025-01-07,Capitals,Sabres,3,4,home,3-4,7
2025-01-07,Canucks,Canadiens,4,5,home,4-5,9
2025-01-07,Panthers,Avalanche,1,3,home,1-3,4
2025-01-07,Devils,Kraken,3,2,away,3-2,5
2025-01-08,Hurricanes,Lightning,2,3,home,2-3,5
2025-01-08,Oilers,Bruins,4,0,away,4-0,4
2025-01-08,Senators,Red Wings,2,3,home,2-3,5
2025-01-08,Stars,Rangers,5,4,away,5-4,9
2025-01-08,Blue Jackets,Penguins,4,3,away,4-3,7
2025-01-08,Maple Leafs,Flyers,3,2,away,3-2,5
2025-01-08,Blues,Wild,4,6,home,4-6,10
2025-01-08,Predators,Jets,2,5,home,2-5,7
2025-01-08,Flames,Ducks,3,2,away,3-2,5
2025-01-08,Golden Knights,Sharks,4,2,away,4-2,6
2025-01-09,Canucks,Capitals,1,2,home,1-2,3
2025-01-09,Avalanche,Blackhawks,1,3,home,1-3,4
2025-01-09,Panthers,Utah Hockey Club,4,1,away,4-1,5
2025-01-04,Penguins,Panthers,2,3,home,2-3,5
2025-01-04,Canadiens,Blackhawks,2,4,home,2-4,6
2025-01-04,Senators,Blues,0,4,home,0-4,4
2025-01-04,Ducks,Oilers,2,3,home,2-3,5
2025-01-04,Predators,Canucks,3,0,away,3-0,3
2025-01-04,Rangers,Capitals,4,7,home,4-7,11
2025-01-04,Devils,Sharks,2,3,home,2-3,5
2025-01-05,Red Wings,Jets,4,2,away,4-2,6
2025-01-05,Bruins,Maple Leafs,4,6,home,4-6,10
2025-01-05,Wild,Hurricanes,4,0,away,4-0,4
2025-01-05,Blues,Blue Jackets,4,6,home,4-6,10
2025-01-05,Canadiens,Avalanche,2,1,away,2-1,3
2025-01-05,Utah Hockey Club,Stars,2,3,home,2-3,5
2025-01-05,Lightning,Kings,1,2,home,1-2,3
2025-01-05,Predators,Flames,4,1,away,4-1,5
2025-01-05,Sabres,Golden Knights,1,3,home,1-3,4
2025-01-05,Oilers,Kraken,4,2,away,4-2,6
2025-01-05,Rangers,Blackhawks,6,2,away,6-2,8
2025-01-05,Islanders,Bruins,5,4,away,5-4,9
2025-01-05,Penguins,Hurricanes,3,4,home,3-4,7
2025-01-06,Flyers,Maple Leafs,2,3,home,2-3,5
2025-01-06,Lightning,Ducks,1,4,home,1-4,5
2025-01-07,Capitals,Sabres,3,4,home,3-4,7
2025-01-07,Canucks,Canadiens,4,5,home,4-5,9
2025-01-07,Panthers,Avalanche,1,3,home,1-3,4
2025-01-07,Devils,Kraken,3,2,away,3-2,5
2025-01-08,Hurricanes,Lightning,2,3,home,2-3,5
2025-01-08,Oilers,Bruins,4,0,away,4-0,4
2025-01-08,Senators,Red Wings,2,3,home,2-3,5
2025-01-08,Stars,Rangers,5,4,away,5-4,9
2025-01-08,Blue Jackets,Penguins,4,3,away,4-3,7
2025-01-08,Maple Leafs,Flyers,3,2,away,3-2,5
2025-01-08,Blues,Wild,4,6,home,4-6,10
2025-01-08,Predators,Jets,2,5,home,2-5,7
2025-01-08,Flames,Ducks,3,2,away,3-2,5
2025-01-08,Golden Knights,Sharks,4,2,away,4-2,6
2025-01-09,Canucks,Capitals,1,2,home,1-2,3
2025-01-09,Avalanche,Blackhawks,1,3,home,1-3,4
2025-01-09,Panthers,Utah Hockey Club,4,1,away,4-1,5
2025-01-10,Sabres,Senators,4,0,away,4-0,4
2025-01-10,Bruins,Lightning,1,4,home,1-4,5
2025-01-10,Devils,Rangers,2,3,home,2-3,5
2025-01-10,Stars,Flyers,4,1,away,4-1,5
2025-01-10,Oilers,Penguins,3,5,home,3-5,8
2025-01-10,Kraken,Blue Jackets,2,6,home,2-6,8
2025-01-10,Maple Leafs,Hurricanes,3,6,home,3-6,9
2025-01-10,Ducks,Blues,2,6,home,2-6,8
2025-01-10,Avalanche,Wild,6,1,away,6-1,7
2025-01-10,Islanders,Golden Knights,4,0,away,4-0,4
2025-01-04,Rangers,Capitals,4,7,home,4-7,11
2025-01-04,Devils,Sharks,2,3,home,2-3,5
2025-01-05,Red Wings,Jets,4,2,away,4-2,6
2025-01-05,Bruins,Maple Leafs,4,6,home,4-6,10
2025-01-05,Wild,Hurricanes,4,0,away,4-0,4
2025-01-05,Blues,Blue Jackets,4,6,home,4-6,10
2025-01-05,Canadiens,Avalanche,2,1,away,2-1,3
2025-01-05,Utah Hockey Club,Stars,2,3,home,2-3,5
2025-01-05,Lightning,Kings,1,2,home,1-2,3
2025-01-05,Predators,Flames,4,1,away,4-1,5
2025-01-05,Sabres,Golden Knights,1,3,home,1-3,4
2025-01-05,Oilers,Kraken,4,2,away,4-2,6
2025-01-05,Rangers,Blackhawks,6,2,away,6-2,8
2025-01-05,Islanders,Bruins,5,4,away,5-4,9
2025-01-05,Penguins,Hurricanes,3,4,home,3-4,7
2025-01-06,Flyers,Maple Leafs,2,3,home,2-3,5
2025-01-06,Lightning,Ducks,1,4,home,1-4,5
2025-01-07,Capitals,Sabres,3,4,home,3-4,7
2025-01-07,Canucks,Canadiens,4,5,home,4-5,9
2025-01-07,Panthers,Avalanche,1,3,home,1-3,4
2025-01-07,Devils,Kraken,3,2,away,3-2,5
2025-01-08,Hurricanes,Lightning,2,3,home,2-3,5
2025-01-08,Oilers,Bruins,4,0,away,4-0,4
2025-01-08,Senators,Red Wings,2,3,home,2-3,5
2025-01-08,Stars,Rangers,5,4,away,5-4,9
2025-01-08,Blue Jackets,Penguins,4,3,away,4-3,7
2025-01-08,Maple Leafs,Flyers,3,2,away,3-2,5
2025-01-08,Blues,Wild,4,6,home,4-6,10
2025-01-08,Predators,Jets,2,5,home,2-5,7
2025-01-08,Flames,Ducks,3,2,away,3-2,5
2025-01-08,Golden Knights,Sharks,4,2,away,4-2,6
2025-01-09,Canucks,Capitals,1,2,home,1-2,3
2025-01-09,Avalanche,Blackhawks,1,3,home,1-3,4
2025-01-09,Panthers,Utah Hockey Club,4,1,away,4-1,5
2025-01-10,Sabres,Senators,4,0,away,4-0,4
2025-01-10,Bruins,Lightning,1,4,home,1-4,5
2025-01-10,Devils,Rangers,2,3,home,2-3,5
2025-01-10,Stars,Flyers,4,1,away,4-1,5
2025-01-10,Oilers,Penguins,3,5,home,3-5,8
2025-01-10,Kraken,Blue Jackets,2,6,home,2-6,8
2025-01-10,Maple Leafs,Hurricanes,3,6,home,3-6,9
2025-01-10,Ducks,Blues,2,6,home,2-6,8
2025-01-10,Avalanche,Wild,6,1,away,6-1,7
2025-01-10,Islanders,Golden Knights,4,0,away,4-0,4
2025-01-11,Blackhawks,Red Wings,3,5,home,3-5,8
2025-01-11,Canadiens,Capitals,3,2,away,3-2,5
2025-01-11,Canucks,Hurricanes,0,2,home,0-2,2
2025-01-11,Kings,Jets,2,1,away,2-1,3
2025-01-11,Sharks,Utah Hockey Club,1,2,home,1-2,3
2025-01-05,Rangers,Blackhawks,6,2,away,6-2,8
2025-01-05,Islanders,Bruins,5,4,away,5-4,9
2025-01-05,Penguins,Hurricanes,3,4,home,3-4,7
2025-01-06,Flyers,Maple Leafs,2,3,home,2-3,5
2025-01-06,Lightning,Ducks,1,4,home,1-4,5
2025-01-07,Capitals,Sabres,3,4,home,3-4,7
2025-01-07,Canucks,Canadiens,4,5,home,4-5,9
2025-01-07,Panthers,Avalanche,1,3,home,1-3,4
2025-01-07,Devils,Kraken,3,2,away,3-2,5
2025-01-08,Hurricanes,Lightning,2,3,home,2-3,5
2025-01-08,Oilers,Bruins,4,0,away,4-0,4
2025-01-08,Senators,Red Wings,2,3,home,2-3,5
2025-01-08,Stars,Rangers,5,4,away,5-4,9
2025-01-08,Blue Jackets,Penguins,4,3,away,4-3,7
2025-01-08,Maple Leafs,Flyers,3,2,away,3-2,5
2025-01-08,Blues,Wild,4,6,home,4-6,10
2025-01-08,Predators,Jets,2,5,home,2-5,7
2025-01-08,Flames,Ducks,3,2,away,3-2,5
2025-01-08,Golden Knights,Sharks,4,2,away,4-2,6
2025-01-09,Canucks,Capitals,1,2,home,1-2,3
2025-01-09,Avalanche,Blackhawks,1,3,home,1-3,4
2025-01-09,Panthers,Utah Hockey Club,4,1,away,4-1,5
2025-01-10,Sabres,Senators,4,0,away,4-0,4
2025-01-10,Bruins,Lightning,1,4,home,1-4,5
2025-01-10,Devils,Rangers,2,3,home,2-3,5
2025-01-10,Stars,Flyers,4,1,away,4-1,5
2025-01-10,Oilers,Penguins,3,5,home,3-5,8
2025-01-10,Kraken,Blue Jackets,2,6,home,2-6,8
2025-01-10,Maple Leafs,Hurricanes,3,6,home,3-6,9
2025-01-10,Ducks,Blues,2,6,home,2-6,8
2025-01-10,Avalanche,Wild,6,1,away,6-1,7
2025-01-10,Islanders,Golden Knights,4,0,away,4-0,4
2025-01-11,Blackhawks,Red Wings,3,5,home,3-5,8
2025-01-11,Canadiens,Capitals,3,2,away,3-2,5
2025-01-11,Canucks,Hurricanes,0,2,home,0-2,2
2025-01-11,Kings,Jets,2,1,away,2-1,3
2025-01-11,Sharks,Utah Hockey Club,1,2,home,1-2,3
2025-01-11,Bruins,Panthers,4,3,away,4-3,7
2025-01-11,Kraken,Sabres,6,2,away,6-2,8
2025-01-11,Senators,Penguins,5,0,away,5-0,5
2025-01-12,Canucks,Maple Leafs,3,0,away,3-0,3
2025-01-12,Stars,Canadiens,2,1,away,2-1,3
2025-01-12,Lightning,Devils,2,3,home,2-3,5
2025-01-12,Ducks,Flyers,0,6,home,0-6,6
2025-01-12,Oilers,Blackhawks,4,3,away,4-3,7
2025-01-12,Blue Jackets,Blues,2,1,away,2-1,3
2025-01-12,Avalanche,Jets,0,3,home,0-3,3
2025-01-12,Capitals,Predators,4,1,away,4-1,5
2025-01-12,Islanders,Utah Hockey Club,2,1,away,2-1,3
2025-01-12,Kings,Flames,1,2,home,1-2,3
2025-01-12,Rangers,Golden Knights,2,1,away,2-1,3
2025-01-12,Wild,Sharks,3,1,away,3-1,4
2025-01-07,Capitals,Sabres,3,4,home,3-4,7
2025-01-07,Canucks,Canadiens,4,5,home,4-5,9
2025-01-07,Panthers,Avalanche,1,3,home,1-3,4
2025-01-07,Devils,Kraken,3,2,away,3-2,5
2025-01-08,Hurricanes,Lightning,2,3,home,2-3,5
2025-01-08,Oilers,Bruins,4,0,away,4-0,4
2025-01-08,Senators,Red Wings,2,3,home,2-3,5
2025-01-08,Stars,Rangers,5,4,away,5-4,9
2025-01-08,Blue Jackets,Penguins,4,3,away,4-3,7
2025-01-08,Maple Leafs,Flyers,3,2,away,3-2,5
2025-01-08,Blues,Wild,4,6,home,4-6,10
2025-01-08,Predators,Jets,2,5,home,2-5,7
2025-01-08,Flames,Ducks,3,2,away,3-2,5
2025-01-08,Golden Knights,Sharks,4,2,away,4-2,6
2025-01-09,Canucks,Capitals,1,2,home,1-2,3
2025-01-09,Avalanche,Blackhawks,1,3,home,1-3,4
2025-01-09,Panthers,Utah Hockey Club,4,1,away,4-1,5
2025-01-10,Sabres,Senators,4,0,away,4-0,4
2025-01-10,Bruins,Lightning,1,4,home,1-4,5
2025-01-10,Devils,Rangers,2,3,home,2-3,5
2025-01-10,Stars,Flyers,4,1,away,4-1,5
2025-01-10,Oilers,Penguins,3,5,home,3-5,8
2025-01-10,Kraken,Blue Jackets,2,6,home,2-6,8
2025-01-10,Maple Leafs,Hurricanes,3,6,home,3-6,9
2025-01-10,Ducks,Blues,2,6,home,2-6,8
2025-01-10,Avalanche,Wild,6,1,away,6-1,7
2025-01-10,Islanders,Golden Knights,4,0,away,4-0,4
2025-01-11,Blackhawks,Red Wings,3,5,home,3-5,8
2025-01-11,Canadiens,Capitals,3,2,away,3-2,5
2025-01-11,Canucks,Hurricanes,0,2,home,0-2,2
2025-01-11,Kings,Jets,2,1,away,2-1,3
2025-01-11,Sharks,Utah Hockey Club,1,2,home,1-2,3
2025-01-11,Bruins,Panthers,4,3,away,4-3,7
2025-01-11,Kraken,Sabres,6,2,away,6-2,8
2025-01-11,Senators,Penguins,5,0,away,5-0,5
2025-01-12,Canucks,Maple Leafs,3,0,away,3-0,3
2025-01-12,Stars,Canadiens,2,1,away,2-1,3
2025-01-12,Lightning,Devils,2,3,home,2-3,5
2025-01-12,Ducks,Flyers,0,6,home,0-6,6
2025-01-12,Oilers,Blackhawks,4,3,away,4-3,7
2025-01-12,Blue Jackets,Blues,2,1,away,2-1,3
2025-01-12,Avalanche,Jets,0,3,home,0-3,3
2025-01-12,Capitals,Predators,4,1,away,4-1,5
2025-01-12,Islanders,Utah Hockey Club,2,1,away,2-1,3
2025-01-12,Kings,Flames,1,2,home,1-2,3
2025-01-12,Rangers,Golden Knights,2,1,away,2-1,3
2025-01-12,Wild,Sharks,3,1,away,3-1,4
2025-01-12,Kraken,Red Wings,2,6,home,2-6,8
2025-01-12,Stars,Senators,2,3,home,2-3,5
2025-01-12,Lightning,Penguins,5,2,away,5-2,7
2025-01-12,Ducks,Hurricanes,3,2,away,3-2,5
2025-01-13,Wild,Golden Knights,1,4,home,1-4,5
2025-01-08,Hurricanes,Lightning,2,3,home,2-3,5
2025-01-08,Oilers,Bruins,4,0,away,4-0,4
2025-01-08,Senators,Red Wings,2,3,home,2-3,5
2025-01-08,Stars,Rangers,5,4,away,5-4,9
2025-01-08,Blue Jackets,Penguins,4,3,away,4-3,7
2025-01-08,Maple Leafs,Flyers,3,2,away,3-2,5
2025-01-08,Blues,Wild,4,6,home,4-6,10
2025-01-08,Predators,Jets,2,5,home,2-5,7
2025-01-08,Flames,Ducks,3,2,away,3-2,5
2025-01-08,Golden Knights,Sharks,4,2,away,4-2,6
2025-01-09,Canucks,Capitals,1,2,home,1-2,3
2025-01-09,Avalanche,Blackhawks,1,3,home,1-3,4
2025-01-09,Panthers,Utah Hockey Club,4,1,away,4-1,5
2025-01-10,Sabres,Senators,4,0,away,4-0,4
2025-01-10,Bruins,Lightning,1,4,home,1-4,5
2025-01-10,Devils,Rangers,2,3,home,2-3,5
2025-01-10,Stars,Flyers,4,1,away,4-1,5
2025-01-10,Oilers,Penguins,3,5,home,3-5,8
2025-01-10,Kraken,Blue Jackets,2,6,home,2-6,8
2025-01-10,Maple Leafs,Hurricanes,3,6,home,3-6,9
2025-01-10,Ducks,Blues,2,6,home,2-6,8
2025-01-10,Avalanche,Wild,6,1,away,6-1,7
2025-01-10,Islanders,Golden Knights,4,0,away,4-0,4
2025-01-11,Blackhawks,Red Wings,3,5,home,3-5,8
2025-01-11,Canadiens,Capitals,3,2,away,3-2,5
2025-01-11,Canucks,Hurricanes,0,2,home,0-2,2
2025-01-11,Kings,Jets,2,1,away,2-1,3
2025-01-11,Sharks,Utah Hockey Club,1,2,home,1-2,3
2025-01-11,Bruins,Panthers,4,3,away,4-3,7
2025-01-11,Kraken,Sabres,6,2,away,6-2,8
2025-01-11,Senators,Penguins,5,0,away,5-0,5
2025-01-12,Canucks,Maple Leafs,3,0,away,3-0,3
2025-01-12,Stars,Canadiens,2,1,away,2-1,3
2025-01-12,Lightning,Devils,2,3,home,2-3,5
2025-01-12,Ducks,Flyers,0,6,home,0-6,6
2025-01-12,Oilers,Blackhawks,4,3,away,4-3,7
2025-01-12,Blue Jackets,Blues,2,1,away,2-1,3
2025-01-12,Avalanche,Jets,0,3,home,0-3,3
2025-01-12,Capitals,Predators,4,1,away,4-1,5
2025-01-12,Islanders,Utah Hockey Club,2,1,away,2-1,3
2025-01-12,Kings,Flames,1,2,home,1-2,3
2025-01-12,Rangers,Golden Knights,2,1,away,2-1,3
2025-01-12,Wild,Sharks,3,1,away,3-1,4
2025-01-12,Kraken,Red Wings,2,6,home,2-6,8
2025-01-12,Stars,Senators,2,3,home,2-3,5
2025-01-12,Lightning,Penguins,5,2,away,5-2,7
2025-01-12,Ducks,Hurricanes,3,2,away,3-2,5
2025-01-13,Wild,Golden Knights,1,4,home,1-4,5
2025-01-14,Panthers,Flyers,3,4,home,3-4,7
2025-01-14,Flames,Blackhawks,5,2,away,5-2,7
2025-01-14,Kings,Oilers,0,1,home,0-1,1
2025-01-09,Canucks,Capitals,1,2,home,1-2,3
2025-01-09,Avalanche,Blackhawks,1,3,home,1-3,4
2025-01-09,Panthers,Utah Hockey Club,4,1,away,4-1,5
2025-01-10,Sabres,Senators,4,0,away,4-0,4
2025-01-10,Bruins,Lightning,1,4,home,1-4,5
2025-01-10,Devils,Rangers,2,3,home,2-3,5
2025-01-10,Stars,Flyers,4,1,away,4-1,5
2025-01-10,Oilers,Penguins,3,5,home,3-5,8
2025-01-10,Kraken,Blue Jackets,2,6,home,2-6,8
2025-01-10,Maple Leafs,Hurricanes,3,6,home,3-6,9
2025-01-10,Ducks,Blues,2,6,home,2-6,8
2025-01-10,Avalanche,Wild,6,1,away,6-1,7
2025-01-10,Islanders,Golden Knights,4,0,away,4-0,4
2025-01-11,Blackhawks,Red Wings,3,5,home,3-5,8
2025-01-11,Canadiens,Capitals,3,2,away,3-2,5
2025-01-11,Canucks,Hurricanes,0,2,home,0-2,2
2025-01-11,Kings,Jets,2,1,away,2-1,3
2025-01-11,Sharks,Utah Hockey Club,1,2,home,1-2,3
2025-01-11,Bruins,Panthers,4,3,away,4-3,7
2025-01-11,Kraken,Sabres,6,2,away,6-2,8
2025-01-11,Senators,Penguins,5,0,away,5-0,5
2025-01-12,Canucks,Maple Leafs,3,0,away,3-0,3
2025-01-12,Stars,Canadiens,2,1,away,2-1,3
2025-01-12,Lightning,Devils,2,3,home,2-3,5
2025-01-12,Ducks,Flyers,0,6,home,0-6,6
2025-01-12,Oilers,Blackhawks,4,3,away,4-3,7
2025-01-12,Blue Jackets,Blues,2,1,away,2-1,3
2025-01-12,Avalanche,Jets,0,3,home,0-3,3
2025-01-12,Capitals,Predators,4,1,away,4-1,5
2025-01-12,Islanders,Utah Hockey Club,2,1,away,2-1,3
2025-01-12,Kings,Flames,1,2,home,1-2,3
2025-01-12,Rangers,Golden Knights,2,1,away,2-1,3
2025-01-12,Wild,Sharks,3,1,away,3-1,4
2025-01-12,Kraken,Red Wings,2,6,home,2-6,8
2025-01-12,Stars,Senators,2,3,home,2-3,5
2025-01-12,Lightning,Penguins,5,2,away,5-2,7
2025-01-12,Ducks,Hurricanes,3,2,away,3-2,5
2025-01-13,Wild,Golden Knights,1,4,home,1-4,5
2025-01-14,Panthers,Flyers,3,4,home,3-4,7
2025-01-14,Flames,Blackhawks,5,2,away,5-2,7
2025-01-14,Kings,Oilers,0,1,home,0-1,1
2025-01-15,Lightning,Bruins,2,6,home,2-6,8
2025-01-15,Stars,Maple Leafs,4,1,away,4-1,5
2025-01-15,Sharks,Red Wings,6,3,away,6-3,9
2025-01-15,Kraken,Penguins,4,2,away,4-2,6
2025-01-15,Ducks,Capitals,0,3,home,0-3,3
2025-01-15,Flyers,Blue Jackets,2,3,home,2-3,5
2025-01-15,Panthers,Devils,2,1,away,2-1,3
2025-01-15,Senators,Islanders,2,0,away,2-0,2
2025-01-15,Flames,Blues,1,2,home,1-2,3
2025-01-15,Golden Knights,Predators,3,5,home,3-5,8
2025-01-15,Canucks,Jets,1,6,home,1-6,7
2025-01-15,Rangers,Avalanche,2,3,home,2-3,5
2025-01-15,Canadiens,Utah Hockey Club,5,3,away,5-3,8
2025-01-10,Sabres,Senators,4,0,away,4-0,4
2025-01-10,Bruins,Lightning,1,4,home,1-4,5
2025-01-10,Devils,Rangers,2,3,home,2-3,5
2025-01-10,Stars,Flyers,4,1,away,4-1,5
2025-01-10,Oilers,Penguins,3,5,home,3-5,8
2025-01-10,Kraken,Blue Jackets,2,6,home,2-6,8
2025-01-10,Maple Leafs,Hurricanes,3,6,home,3-6,9
2025-01-10,Ducks,Blues,2,6,home,2-6,8
2025-01-10,Avalanche,Wild,6,1,away,6-1,7
2025-01-10,Islanders,Golden Knights,4,0,away,4-0,4
2025-01-11,Blackhawks,Red Wings,3,5,home,3-5,8
2025-01-11,Canadiens,Capitals,3,2,away,3-2,5
2025-01-11,Canucks,Hurricanes,0,2,home,0-2,2
2025-01-11,Kings,Jets,2,1,away,2-1,3
2025-01-11,Sharks,Utah Hockey Club,1,2,home,1-2,3
2025-01-11,Bruins,Panthers,4,3,away,4-3,7
2025-01-11,Kraken,Sabres,6,2,away,6-2,8
2025-01-11,Senators,Penguins,5,0,away,5-0,5
2025-01-12,Canucks,Maple Leafs,3,0,away,3-0,3
2025-01-12,Stars,Canadiens,2,1,away,2-1,3
2025-01-12,Lightning,Devils,2,3,home,2-3,5
2025-01-12,Ducks,Flyers,0,6,home,0-6,6
2025-01-12,Oilers,Blackhawks,4,3,away,4-3,7
2025-01-12,Blue Jackets,Blues,2,1,away,2-1,3
2025-01-12,Avalanche,Jets,0,3,home,0-3,3
2025-01-12,Capitals,Predators,4,1,away,4-1,5
2025-01-12,Islanders,Utah Hockey Club,2,1,away,2-1,3
2025-01-12,Kings,Flames,1,2,home,1-2,3
2025-01-12,Rangers,Golden Knights,2,1,away,2-1,3
2025-01-12,Wild,Sharks,3,1,away,3-1,4
2025-01-12,Kraken,Red Wings,2,6,home,2-6,8
2025-01-12,Stars,Senators,2,3,home,2-3,5
2025-01-12,Lightning,Penguins,5,2,away,5-2,7
2025-01-12,Ducks,Hurricanes,3,2,away,3-2,5
2025-01-13,Wild,Golden Knights,1,4,home,1-4,5
2025-01-14,Panthers,Flyers,3,4,home,3-4,7
2025-01-14,Flames,Blackhawks,5,2,away,5-2,7
2025-01-14,Kings,Oilers,0,1,home,0-1,1
2025-01-15,Lightning,Bruins,2,6,home,2-6,8
2025-01-15,Stars,Maple Leafs,4,1,away,4-1,5
2025-01-15,Sharks,Red Wings,6,3,away,6-3,9
2025-01-15,Kraken,Penguins,4,2,away,4-2,6
2025-01-15,Ducks,Capitals,0,3,home,0-3,3
2025-01-15,Flyers,Blue Jackets,2,3,home,2-3,5
2025-01-15,Panthers,Devils,2,1,away,2-1,3
2025-01-15,Senators,Islanders,2,0,away,2-0,2
2025-01-15,Flames,Blues,1,2,home,1-2,3
2025-01-15,Golden Knights,Predators,3,5,home,3-5,8
2025-01-15,Canucks,Jets,1,6,home,1-6,7
2025-01-15,Rangers,Avalanche,2,3,home,2-3,5
2025-01-15,Canadiens,Utah Hockey Club,5,3,away,5-3,8
2025-01-15,Hurricanes,Sabres,2,4,home,2-4,6
2025-01-16,Oilers,Wild,5,3,away,5-3,8
2025-01-11,Blackhawks,Red Wings,3,5,home,3-5,8
2025-01-11,Canadiens,Capitals,3,2,away,3-2,5
2025-01-11,Canucks,Hurricanes,0,2,home,0-2,2
2025-01-11,Kings,Jets,2,1,away,2-1,3
2025-01-11,Sharks,Utah Hockey Club,1,2,home,1-2,3
2025-01-11,Bruins,Panthers,4,3,away,4-3,7
2025-01-11,Kraken,Sabres,6,2,away,6-2,8
2025-01-11,Senators,Penguins,5,0,away,5-0,5
2025-01-12,Canucks,Maple Leafs,3,0,away,3-0,3
2025-01-12,Stars,Canadiens,2,1,away,2-1,3
2025-01-12,Lightning,Devils,2,3,home,2-3,5
2025-01-12,Ducks,Flyers,0,6,home,0-6,6
2025-01-12,Oilers,Blackhawks,4,3,away,4-3,7
2025-01-12,Blue Jackets,Blues,2,1,away,2-1,3
2025-01-12,Avalanche,Jets,0,3,home,0-3,3
2025-01-12,Capitals,Predators,4,1,away,4-1,5
2025-01-12,Islanders,Utah Hockey Club,2,1,away,2-1,3
2025-01-12,Kings,Flames,1,2,home,1-2,3
2025-01-12,Rangers,Golden Knights,2,1,away,2-1,3
2025-01-12,Wild,Sharks,3,1,away,3-1,4
2025-01-12,Kraken,Red Wings,2,6,home,2-6,8
2025-01-12,Stars,Senators,2,3,home,2-3,5
2025-01-12,Lightning,Penguins,5,2,away,5-2,7
2025-01-12,Ducks,Hurricanes,3,2,away,3-2,5
2025-01-13,Wild,Golden Knights,1,4,home,1-4,5
2025-01-14,Panthers,Flyers,3,4,home,3-4,7
2025-01-14,Flames,Blackhawks,5,2,away,5-2,7
2025-01-14,Kings,Oilers,0,1,home,0-1,1
2025-01-15,Lightning,Bruins,2,6,home,2-6,8
2025-01-15,Stars,Maple Leafs,4,1,away,4-1,5
2025-01-15,Sharks,Red Wings,6,3,away,6-3,9
2025-01-15,Kraken,Penguins,4,2,away,4-2,6
2025-01-15,Ducks,Capitals,0,3,home,0-3,3
2025-01-15,Flyers,Blue Jackets,2,3,home,2-3,5
2025-01-15,Panthers,Devils,2,1,away,2-1,3
2025-01-15,Senators,Islanders,2,0,away,2-0,2
2025-01-15,Flames,Blues,1,2,home,1-2,3
2025-01-15,Golden Knights,Predators,3,5,home,3-5,8
2025-01-15,Canucks,Jets,1,6,home,1-6,7
2025-01-15,Rangers,Avalanche,2,3,home,2-3,5
2025-01-15,Canadiens,Utah Hockey Club,5,3,away,5-3,8
2025-01-15,Hurricanes,Sabres,2,4,home,2-4,6
2025-01-16,Oilers,Wild,5,3,away,5-3,8
2025-01-17,Devils,Maple Leafs,3,4,home,3-4,7
2025-01-17,Capitals,Senators,1,0,away,1-0,1
2025-01-17,Ducks,Lightning,3,4,home,3-4,7
2025-01-17,Red Wings,Panthers,5,2,away,5-2,7
2025-01-17,Sharks,Blue Jackets,1,4,home,1-4,5
2025-01-17,Flyers,Islanders,5,3,away,5-3,8
2025-01-17,Flames,Blues,1,4,home,1-4,5
2025-01-17,Blackhawks,Predators,2,3,home,2-3,5
2025-01-17,Canadiens,Stars,3,1,away,3-1,4
2025-01-17,Kraken,Jets,1,2,home,1-2,3
2025-01-17,Rangers,Utah Hockey Club,5,3,away,5-3,8
2025-01-17,Oilers,Avalanche,4,3,away,4-3,7
2025-01-17,Kings,Canucks,5,1,away,5-1,6
2025-01-11,Bruins,Panthers,4,3,away,4-3,7
2025-01-11,Kraken,Sabres,6,2,away,6-2,8
2025-01-11,Senators,Penguins,5,0,away,5-0,5
2025-01-12,Canucks,Maple Leafs,3,0,away,3-0,3
2025-01-12,Stars,Canadiens,2,1,away,2-1,3
2025-01-12,Lightning,Devils,2,3,home,2-3,5
2025-01-12,Ducks,Flyers,0,6,home,0-6,6
2025-01-12,Oilers,Blackhawks,4,3,away,4-3,7
2025-01-12,Blue Jackets,Blues,2,1,away,2-1,3
2025-01-12,Avalanche,Jets,0,3,home,0-3,3
2025-01-12,Capitals,Predators,4,1,away,4-1,5
2025-01-12,Islanders,Utah Hockey Club,2,1,away,2-1,3
2025-01-12,Kings,Flames,1,2,home,1-2,3
2025-01-12,Rangers,Golden Knights,2,1,away,2-1,3
2025-01-12,Wild,Sharks,3,1,away,3-1,4
2025-01-12,Kraken,Red Wings,2,6,home,2-6,8
2025-01-12,Stars,Senators,2,3,home,2-3,5
2025-01-12,Lightning,Penguins,5,2,away,5-2,7
2025-01-12,Ducks,Hurricanes,3,2,away,3-2,5
2025-01-13,Wild,Golden Knights,1,4,home,1-4,5
2025-01-14,Panthers,Flyers,3,4,home,3-4,7
2025-01-14,Flames,Blackhawks,5,2,away,5-2,7
2025-01-14,Kings,Oilers,0,1,home,0-1,1
2025-01-15,Lightning,Bruins,2,6,home,2-6,8
2025-01-15,Stars,Maple Leafs,4,1,away,4-1,5
2025-01-15,Sharks,Red Wings,6,3,away,6-3,9
2025-01-15,Kraken,Penguins,4,2,away,4-2,6
2025-01-15,Ducks,Capitals,0,3,home,0-3,3
2025-01-15,Flyers,Blue Jackets,2,3,home,2-3,5
2025-01-15,Panthers,Devils,2,1,away,2-1,3
2025-01-15,Senators,Islanders,2,0,away,2-0,2
2025-01-15,Flames,Blues,1,2,home,1-2,3
2025-01-15,Golden Knights,Predators,3,5,home,3-5,8
2025-01-15,Canucks,Jets,1,6,home,1-6,7
2025-01-15,Rangers,Avalanche,2,3,home,2-3,5
2025-01-15,Canadiens,Utah Hockey Club,5,3,away,5-3,8
2025-01-15,Hurricanes,Sabres,2,4,home,2-4,6
2025-01-16,Oilers,Wild,5,3,away,5-3,8
2025-01-17,Devils,Maple Leafs,3,4,home,3-4,7
2025-01-17,Capitals,Senators,1,0,away,1-0,1
2025-01-17,Ducks,Lightning,3,4,home,3-4,7
2025-01-17,Red Wings,Panthers,5,2,away,5-2,7
2025-01-17,Sharks,Blue Jackets,1,4,home,1-4,5
2025-01-17,Flyers,Islanders,5,3,away,5-3,8
2025-01-17,Flames,Blues,1,4,home,1-4,5
2025-01-17,Blackhawks,Predators,2,3,home,2-3,5
2025-01-17,Canadiens,Stars,3,1,away,3-1,4
2025-01-17,Kraken,Jets,1,2,home,1-2,3
2025-01-17,Rangers,Utah Hockey Club,5,3,away,5-3,8
2025-01-17,Oilers,Avalanche,4,3,away,4-3,7
2025-01-17,Kings,Canucks,5,1,away,5-1,6
2025-01-18,Penguins,Sabres,5,2,away,5-2,7
2025-01-18,Golden Knights,Hurricanes,2,3,home,2-3,5
2025-01-12,Kraken,Red Wings,2,6,home,2-6,8
2025-01-12,Stars,Senators,2,3,home,2-3,5
2025-01-12,Lightning,Penguins,5,2,away,5-2,7
2025-01-12,Ducks,Hurricanes,3,2,away,3-2,5
2025-01-13,Wild,Golden Knights,1,4,home,1-4,5
2025-01-14,Panthers,Flyers,3,4,home,3-4,7
2025-01-14,Flames,Blackhawks,5,2,away,5-2,7
2025-01-14,Kings,Oilers,0,1,home,0-1,1
2025-01-15,Lightning,Bruins,2,6,home,2-6,8
2025-01-15,Stars,Maple Leafs,4,1,away,4-1,5
2025-01-15,Sharks,Red Wings,6,3,away,6-3,9
2025-01-15,Kraken,Penguins,4,2,away,4-2,6
2025-01-15,Ducks,Capitals,0,3,home,0-3,3
2025-01-15,Flyers,Blue Jackets,2,3,home,2-3,5
2025-01-15,Panthers,Devils,2,1,away,2-1,3
2025-01-15,Senators,Islanders,2,0,away,2-0,2
2025-01-15,Flames,Blues,1,2,home,1-2,3
2025-01-15,Golden Knights,Predators,3,5,home,3-5,8
2025-01-15,Canucks,Jets,1,6,home,1-6,7
2025-01-15,Rangers,Avalanche,2,3,home,2-3,5
2025-01-15,Canadiens,Utah Hockey Club,5,3,away,5-3,8
2025-01-15,Hurricanes,Sabres,2,4,home,2-4,6
2025-01-16,Oilers,Wild,5,3,away,5-3,8
2025-01-17,Devils,Maple Leafs,3,4,home,3-4,7
2025-01-17,Capitals,Senators,1,0,away,1-0,1
2025-01-17,Ducks,Lightning,3,4,home,3-4,7
2025-01-17,Red Wings,Panthers,5,2,away,5-2,7
2025-01-17,Sharks,Blue Jackets,1,4,home,1-4,5
2025-01-17,Flyers,Islanders,5,3,away,5-3,8
2025-01-17,Flames,Blues,1,4,home,1-4,5
2025-01-17,Blackhawks,Predators,2,3,home,2-3,5
2025-01-17,Canadiens,Stars,3,1,away,3-1,4
2025-01-17,Kraken,Jets,1,2,home,1-2,3
2025-01-17,Rangers,Utah Hockey Club,5,3,away,5-3,8
2025-01-17,Oilers,Avalanche,4,3,away,4-3,7
2025-01-17,Kings,Canucks,5,1,away,5-1,6
2025-01-18,Penguins,Sabres,5,2,away,5-2,7
2025-01-18,Golden Knights,Hurricanes,2,3,home,2-3,5
2025-01-18,Flyers,Devils,3,1,away,3-1,4
2025-01-18,Bruins,Senators,5,6,home,5-6,11
2025-01-18,Stars,Avalanche,3,6,home,3-6,9
2025-01-18,Ducks,Panthers,0,3,home,0-3,3
2025-01-19,Maple Leafs,Canadiens,7,3,away,7-3,10
2025-01-19,Red Wings,Lightning,1,5,home,1-5,6
2025-01-19,Blue Jackets,Rangers,0,1,home,0-1,1
2025-01-19,Penguins,Capitals,1,4,home,1-4,5
2025-01-19,Flames,Jets,3,1,away,3-1,4
2025-01-19,Sharks,Islanders,1,4,home,1-4,5
2025-01-19,Golden Knights,Blackhawks,3,5,home,3-5,8
2025-01-19,Wild,Predators,2,6,home,2-6,8
2025-01-19,Blues,Utah Hockey Club,2,4,home,2-4,6
2025-01-19,Oilers,Canucks,2,3,home,2-3,5
2025-01-19,Kings,Kraken,2,4,home,2-4,6
2025-01-14,Panthers,Flyers,3,4,home,3-4,7
2025-01-14,Flames,Blackhawks,5,2,away,5-2,7
2025-01-14,Kings,Oilers,0,1,home,0-1,1
2025-01-15,Lightning,Bruins,2,6,home,2-6,8
2025-01-15,Stars,Maple Leafs,4,1,away,4-1,5
2025-01-15,Sharks,Red Wings,6,3,away,6-3,9
2025-01-15,Kraken,Penguins,4,2,away,4-2,6
2025-01-15,Ducks,Capitals,0,3,home,0-3,3
2025-01-15,Flyers,Blue Jackets,2,3,home,2-3,5
2025-01-15,Panthers,Devils,2,1,away,2-1,3
2025-01-15,Senators,Islanders,2,0,away,2-0,2
2025-01-15,Flames,Blues,1,2,home,1-2,3
2025-01-15,Golden Knights,Predators,3,5,home,3-5,8
2025-01-15,Canucks,Jets,1,6,home,1-6,7
2025-01-15,Rangers,Avalanche,2,3,home,2-3,5
2025-01-15,Canadiens,Utah Hockey Club,5,3,away,5-3,8
2025-01-15,Hurricanes,Sabres,2,4,home,2-4,6
2025-01-16,Oilers,Wild,5,3,away,5-3,8
2025-01-17,Devils,Maple Leafs,3,4,home,3-4,7
2025-01-17,Capitals,Senators,1,0,away,1-0,1
2025-01-17,Ducks,Lightning,3,4,home,3-4,7
2025-01-17,Red Wings,Panthers,5,2,away,5-2,7
2025-01-17,Sharks,Blue Jackets,1,4,home,1-4,5
2025-01-17,Flyers,Islanders,5,3,away,5-3,8
2025-01-17,Flames,Blues,1,4,home,1-4,5
2025-01-17,Blackhawks,Predators,2,3,home,2-3,5
2025-01-17,Canadiens,Stars,3,1,away,3-1,4
2025-01-17,Kraken,Jets,1,2,home,1-2,3
2025-01-17,Rangers,Utah Hockey Club,5,3,away,5-3,8
2025-01-17,Oilers,Avalanche,4,3,away,4-3,7
2025-01-17,Kings,Canucks,5,1,away,5-1,6
2025-01-18,Penguins,Sabres,5,2,away,5-2,7
2025-01-18,Golden Knights,Hurricanes,2,3,home,2-3,5
2025-01-18,Flyers,Devils,3,1,away,3-1,4
2025-01-18,Bruins,Senators,5,6,home,5-6,11
2025-01-18,Stars,Avalanche,3,6,home,3-6,9
2025-01-18,Ducks,Panthers,0,3,home,0-3,3
2025-01-19,Maple Leafs,Canadiens,7,3,away,7-3,10
2025-01-19,Red Wings,Lightning,1,5,home,1-5,6
2025-01-19,Blue Jackets,Rangers,0,1,home,0-1,1
2025-01-19,Penguins,Capitals,1,4,home,1-4,5
2025-01-19,Flames,Jets,3,1,away,3-1,4
2025-01-19,Sharks,Islanders,1,4,home,1-4,5
2025-01-19,Golden Knights,Blackhawks,3,5,home,3-5,8
2025-01-19,Wild,Predators,2,6,home,2-6,8
2025-01-19,Blues,Utah Hockey Club,2,4,home,2-4,6
2025-01-19,Oilers,Canucks,2,3,home,2-3,5
2025-01-19,Kings,Kraken,2,4,home,2-4,6
2025-01-19,Senators,Devils,2,1,away,2-1,3
2025-01-20,Rangers,Canadiens,4,5,home,4-5,9
2025-01-20,Red Wings,Stars,1,4,home,1-4,5
2025-01-15,Lightning,Bruins,2,6,home,2-6,8
2025-01-15,Stars,Maple Leafs,4,1,away,4-1,5
2025-01-15,Sharks,Red Wings,6,3,away,6-3,9
2025-01-15,Kraken,Penguins,4,2,away,4-2,6
2025-01-15,Ducks,Capitals,0,3,home,0-3,3
2025-01-15,Flyers,Blue Jackets,2,3,home,2-3,5
2025-01-15,Panthers,Devils,2,1,away,2-1,3
2025-01-15,Senators,Islanders,2,0,away,2-0,2
2025-01-15,Flames,Blues,1,2,home,1-2,3
2025-01-15,Golden Knights,Predators,3,5,home,3-5,8
2025-01-15,Canucks,Jets,1,6,home,1-6,7
2025-01-15,Rangers,Avalanche,2,3,home,2-3,5
2025-01-15,Canadiens,Utah Hockey Club,5,3,away,5-3,8
2025-01-15,Hurricanes,Sabres,2,4,home,2-4,6
2025-01-16,Oilers,Wild,5,3,away,5-3,8
2025-01-17,Devils,Maple Leafs,3,4,home,3-4,7
2025-01-17,Capitals,Senators,1,0,away,1-0,1
2025-01-17,Ducks,Lightning,3,4,home,3-4,7
2025-01-17,Red Wings,Panthers,5,2,away,5-2,7
2025-01-17,Sharks,Blue Jackets,1,4,home,1-4,5
2025-01-17,Flyers,Islanders,5,3,away,5-3,8
2025-01-17,Flames,Blues,1,4,home,1-4,5
2025-01-17,Blackhawks,Predators,2,3,home,2-3,5
2025-01-17,Canadiens,Stars,3,1,away,3-1,4
2025-01-17,Kraken,Jets,1,2,home,1-2,3
2025-01-17,Rangers,Utah Hockey Club,5,3,away,5-3,8
2025-01-17,Oilers,Avalanche,4,3,away,4-3,7
2025-01-17,Kings,Canucks,5,1,away,5-1,6
2025-01-18,Penguins,Sabres,5,2,away,5-2,7
2025-01-18,Golden Knights,Hurricanes,2,3,home,2-3,5
2025-01-18,Flyers,Devils,3,1,away,3-1,4
2025-01-18,Bruins,Senators,5,6,home,5-6,11
2025-01-18,Stars,Avalanche,3,6,home,3-6,9
2025-01-18,Ducks,Panthers,0,3,home,0-3,3
2025-01-19,Maple Leafs,Canadiens,7,3,away,7-3,10
2025-01-19,Red Wings,Lightning,1,5,home,1-5,6
2025-01-19,Blue Jackets,Rangers,0,1,home,0-1,1
2025-01-19,Penguins,Capitals,1,4,home,1-4,5
2025-01-19,Flames,Jets,3,1,away,3-1,4
2025-01-19,Sharks,Islanders,1,4,home,1-4,5
2025-01-19,Golden Knights,Blackhawks,3,5,home,3-5,8
2025-01-19,Wild,Predators,2,6,home,2-6,8
2025-01-19,Blues,Utah Hockey Club,2,4,home,2-4,6
2025-01-19,Oilers,Canucks,2,3,home,2-3,5
2025-01-19,Kings,Kraken,2,4,home,2-4,6
2025-01-19,Senators,Devils,2,1,away,2-1,3
2025-01-20,Rangers,Canadiens,4,5,home,4-5,9
2025-01-20,Red Wings,Stars,1,4,home,1-4,5
2025-01-20,Sharks,Bruins,3,6,home,3-6,9
2025-01-20,Wild,Avalanche,3,1,away,3-1,4
2025-01-20,Sabres,Kraken,4,6,home,4-6,10
2025-01-20,Blues,Golden Knights,5,4,away,5-4,9
2025-01-21,Lightning,Maple Leafs,3,5,home,3-5,8
2025-01-21,Blue Jackets,Islanders,1,3,home,1-3,4
2025-01-21,Hurricanes,Blackhawks,4,3,away,4-3,7
2025-01-21,Jets,Utah Hockey Club,2,5,home,2-5,7
2025-01-21,Penguins,Kings,5,1,away,5-1,6
2025-01-15,Hurricanes,Sabres,2,4,home,2-4,6
2025-01-16,Oilers,Wild,5,3,away,5-3,8
2025-01-17,Devils,Maple Leafs,3,4,home,3-4,7
2025-01-17,Capitals,Senators,1,0,away,1-0,1
2025-01-17,Ducks,Lightning,3,4,home,3-4,7
2025-01-17,Red Wings,Panthers,5,2,away,5-2,7
2025-01-17,Sharks,Blue Jackets,1,4,home,1-4,5
2025-01-17,Flyers,Islanders,5,3,away,5-3,8
2025-01-17,Flames,Blues,1,4,home,1-4,5
2025-01-17,Blackhawks,Predators,2,3,home,2-3,5
2025-01-17,Canadiens,Stars,3,1,away,3-1,4
2025-01-17,Kraken,Jets,1,2,home,1-2,3
2025-01-17,Rangers,Utah Hockey Club,5,3,away,5-3,8
2025-01-17,Oilers,Avalanche,4,3,away,4-3,7
2025-01-17,Kings,Canucks,5,1,away,5-1,6
2025-01-18,Penguins,Sabres,5,2,away,5-2,7
2025-01-18,Golden Knights,Hurricanes,2,3,home,2-3,5
2025-01-18,Flyers,Devils,3,1,away,3-1,4
2025-01-18,Bruins,Senators,5,6,home,5-6,11
2025-01-18,Stars,Avalanche,3,6,home,3-6,9
2025-01-18,Ducks,Panthers,0,3,home,0-3,3
2025-01-19,Maple Leafs,Canadiens,7,3,away,7-3,10
2025-01-19,Red Wings,Lightning,1,5,home,1-5,6
2025-01-19,Blue Jackets,Rangers,0,1,home,0-1,1
2025-01-19,Penguins,Capitals,1,4,home,1-4,5
2025-01-19,Flames,Jets,3,1,away,3-1,4
2025-01-19,Sharks,Islanders,1,4,home,1-4,5
2025-01-19,Golden Knights,Blackhawks,3,5,home,3-5,8
2025-01-19,Wild,Predators,2,6,home,2-6,8
2025-01-19,Blues,Utah Hockey Club,2,4,home,2-4,6
2025-01-19,Oilers,Canucks,2,3,home,2-3,5
2025-01-19,Kings,Kraken,2,4,home,2-4,6
2025-01-19,Senators,Devils,2,1,away,2-1,3
2025-01-20,Rangers,Canadiens,4,5,home,4-5,9
2025-01-20,Red Wings,Stars,1,4,home,1-4,5
2025-01-20,Sharks,Bruins,3,6,home,3-6,9
2025-01-20,Wild,Avalanche,3,1,away,3-1,4
2025-01-20,Sabres,Kraken,4,6,home,4-6,10
2025-01-20,Blues,Golden Knights,5,4,away,5-4,9
2025-01-21,Lightning,Maple Leafs,3,5,home,3-5,8
2025-01-21,Blue Jackets,Islanders,1,3,home,1-3,4
2025-01-21,Hurricanes,Blackhawks,4,3,away,4-3,7
2025-01-21,Jets,Utah Hockey Club,2,5,home,2-5,7
2025-01-21,Penguins,Kings,5,1,away,5-1,6
2025-01-22,Lightning,Canadiens,2,3,home,2-3,5
2025-01-22,Senators,Rangers,0,5,home,0-5,5
2025-01-22,Red Wings,Flyers,1,2,home,1-2,3
2025-01-22,Sharks,Predators,5,7,home,5-7,12
2025-01-22,Hurricanes,Stars,2,1,away,2-1,3
2025-01-22,Capitals,Oilers,3,2,away,3-2,5
2025-01-22,Sabres,Canucks,3,2,away,3-2,5
2025-01-22,Panthers,Ducks,5,2,away,5-2,7
